date;temp_high;temp_avg;temp_low;dew_high;dew_avg;dew_low;humidity_high;humidity_avg;humidity_low;wind_high;wind_avg;wind_low;pressure_high;pressure_low;pressure_avg;precip_daily
2016-05-10;14.7;14.0;13.5;12.6;12.2;11.9;91.0;89.0;87.0;1.6;0.4;0.0;1012.53;1011.85;1012.19;4.06
2016-05-11;14.7;13.3;12.0;13.6;12.5;11.8;99.0;95.0;85.0;8.0;2.7;0.0;1011.85;1002.37;1007.11;69.09
2016-05-12;14.8;12.2;10.6;14.0;11.5;10.1;100.0;96.0;82.0;9.7;2.5;0.0;1002.71;997.97;1000.34;22.1
2016-05-13;18.3;13.7;10.4;12.8;11.3;9.3;98.0;86.0;70.0;4.8;1.0;0.0;999.66;996.28;997.97;2.29
2016-05-14;22.4;16.5;12.9;15.4;13.0;10.7;96.0;81.0;59.0;9.7;2.3;0.0;1007.45;999.32;1003.385;0.0
2016-05-15;21.6;15.9;11.1;12.2;6.8;-3.2;97.0;64.0;21.0;20.9;5.0;0.0;1014.22;1007.45;1010.835;0.0
2016-05-16;18.4;12.9;9.4;9.2;7.7;6.0;92.0;73.0;45.0;16.1;2.6;0.0;1018.29;1014.22;1016.255;1.02
2016-05-17;20.7;14.3;9.7;8.4;6.9;5.4;83.0;63.0;40.0;9.7;1.9;0.0;1016.59;1013.88;1015.235;0.0
2016-05-18;20.7;15.9;12.2;11.5;7.4;5.2;88.0;58.0;38.0;6.4;1.4;0.0;1015.58;1010.84;1013.21;1.52
2016-05-19;13.2;10.7;8.8;11.6;9.4;7.7;97.0;92.0;80.0;14.5;3.4;0.0;1012.19;1006.77;1009.48;44.45
2016-05-20;23.6;16.1;8.1;11.9;8.3;5.8;94.0;64.0;33.0;6.4;1.6;0.0;1017.95;1012.19;1015.07;0.25
2016-05-21;25.5;20.4;15.0;11.7;9.4;6.2;68.0;51.0;29.0;6.4;1.4;0.0;1018.63;1015.58;1017.105;0.0
2016-05-22;24.8;20.7;15.4;13.4;10.3;5.5;62.0;52.0;41.0;9.7;2.6;0.0;1017.27;1010.84;1014.0550000000001;0.0
2016-05-23;19.7;14.7;10.1;12.6;9.8;5.6;92.0;73.0;49.0;17.7;5.9;0.0;1011.18;1005.08;1008.13;8.89
2016-05-24;25.1;17.1;9.1;11.1;7.4;4.2;89.0;57.0;28.0;8.0;2.1;0.0;1009.48;1006.1;1007.79;0.0
2016-05-25;23.4;17.7;12.2;12.3;9.6;6.4;79.0;60.0;42.0;8.0;3.6;0.0;1012.87;1009.48;1011.175;0.0
2016-05-26;25.8;19.3;11.8;13.5;11.5;9.2;93.0;63.0;37.0;4.8;1.6;0.0;1014.9;1012.53;1013.7149999999999;0.0
2016-05-27;27.0;22.0;16.4;14.9;12.6;10.0;69.0;56.0;42.0;6.4;1.4;0.0;1015.92;1013.21;1014.565;0.0
2016-05-28;27.2;22.6;17.7;16.1;14.6;12.1;76.0;62.0;47.0;8.0;2.1;0.0;1013.88;1008.13;1011.005;0.0
2016-05-29;21.3;16.6;14.5;15.8;14.8;13.6;97.0;90.0;68.0;11.3;4.2;0.0;1008.47;1005.08;1006.7750000000001;20.83
2016-05-30;17.6;15.0;13.3;15.3;14.0;12.8;99.0;94.0;81.0;6.4;1.0;0.0;1010.16;1006.43;1008.295;16.51
2016-05-31;20.3;14.9;12.2;15.5;12.7;10.5;97.0;87.0;66.0;14.5;1.8;0.0;1012.87;1010.16;1011.515;21.08
2016-06-01;19.7;16.2;12.7;14.7;13.0;10.8;93.0;81.0;66.0;6.4;1.9;0.0;1012.53;1010.84;1011.685;3.05
2016-06-02;20.3;16.4;13.7;15.5;13.8;12.4;97.0;85.0;67.0;8.0;1.6;0.0;1011.85;1008.47;1010.1600000000001;0.76
2016-06-03;21.9;17.4;14.2;15.1;13.7;12.6;92.0;80.0;60.0;4.8;1.1;0.0;1011.18;1008.47;1009.825;0.51
2016-06-04;21.7;17.0;13.8;16.1;14.3;13.3;99.0;86.0;60.0;4.8;1.2;0.0;1012.87;1010.16;1011.515;36.32
2016-06-05;24.2;17.5;13.7;15.9;14.4;12.5;97.0;83.0;56.0;12.9;1.6;0.0;1014.9;1012.53;1013.7149999999999;1.52
2016-06-06;25.6;19.6;14.5;16.7;14.7;12.8;95.0;75.0;48.0;8.0;1.8;0.0;1018.63;1014.9;1016.765;0.0
2016-06-07;27.5;21.0;17.1;17.6;15.0;13.3;88.0;70.0;45.0;12.9;2.7;0.0;1019.3;1017.61;1018.4549999999999;14.48
2016-06-08;26.7;19.8;15.1;17.3;14.8;12.2;98.0;75.0;52.0;11.3;2.1;0.0;1018.29;1011.51;1014.9;26.67
2016-06-09;22.9;17.1;14.8;16.8;15.2;13.3;98.0;90.0;66.0;11.3;1.5;0.0;1013.55;1008.47;1011.01;10.16
2016-06-10;25.2;19.5;14.4;15.9;14.8;13.3;96.0;76.0;50.0;8.0;1.3;0.0;1011.85;1008.81;1010.3299999999999;0.25
2016-06-11;22.0;17.9;14.5;17.4;15.2;13.1;97.0;84.0;69.0;8.0;1.7;0.0;1010.16;1007.79;1008.9749999999999;52.32
2016-06-12;23.7;18.2;14.3;16.3;14.5;13.1;94.0;80.0;60.0;6.4;1.7;0.0;1009.48;1005.08;1007.28;0.0
2016-06-13;26.2;20.3;15.2;15.6;14.3;12.3;91.0;71.0;43.0;8.0;1.8;0.0;1006.1;998.98;1002.54;0.0
2016-06-14;24.2;17.7;14.3;17.1;14.3;12.2;97.0;82.0;54.0;8.0;3.3;0.0;1001.36;997.63;999.495;64.01
2016-06-15;23.8;17.0;12.9;15.6;14.2;12.7;99.0;85.0;57.0;17.7;2.1;0.0;1003.73;998.65;1001.19;21.59
2016-06-16;21.9;18.1;15.8;18.1;14.9;12.8;99.0;82.0;68.0;16.1;6.6;0.0;1004.4;997.63;1001.015;35.31
2016-06-17;23.9;18.8;14.2;15.9;12.6;9.5;97.0;69.0;46.0;11.3;2.4;0.0;1014.9;1001.02;1007.96;0.0
2016-06-18;23.6;17.4;14.0;14.1;12.1;10.4;89.0;72.0;53.0;11.3;3.3;0.0;1016.59;1014.9;1015.745;1.78
2016-06-19;21.9;17.2;13.8;15.6;13.1;11.6;94.0;78.0;54.0;16.1;1.9;0.0;1016.59;1014.22;1015.405;5.84
2016-06-20;27.3;21.1;13.9;14.6;12.0;8.8;88.0;59.0;34.0;6.4;1.9;0.0;1018.63;1014.56;1016.595;0.0
2016-06-21;27.9;23.2;19.1;15.1;13.3;11.9;68.0;55.0;39.0;6.4;1.7;0.0;1021.0;1018.96;1019.98;0.0
2016-06-22;31.0;25.1;19.6;17.4;15.6;13.7;70.0;56.0;40.0;6.4;1.2;0.0;1022.01;1018.96;1020.485;0.0
2016-06-23;32.3;26.9;21.6;20.4;18.2;15.0;74.0;60.0;46.0;4.8;1.8;0.0;1021.0;1016.93;1018.9649999999999;0.0
2016-06-24;33.1;28.2;24.3;21.6;19.8;18.1;74.0;61.0;47.0;6.4;1.2;0.0;1018.29;1011.18;1014.7349999999999;0.0
2016-06-25;30.9;26.2;21.3;21.5;18.7;15.2;81.0;64.0;48.0;16.1;3.7;0.0;1011.85;1007.45;1009.6500000000001;0.0
2016-06-26;28.8;23.5;15.7;20.0;17.6;15.1;98.0;71.0;52.0;30.6;5.1;0.0;1011.51;1007.45;1009.48;28.7
2016-06-27;29.0;22.8;16.4;17.0;12.9;6.5;95.0;59.0;28.0;9.7;2.9;0.0;1015.58;1010.5;1013.04;1.27
2016-06-28;28.4;23.4;18.6;17.1;15.1;12.2;76.0;61.0;44.0;9.7;1.9;0.0;1016.93;1012.87;1014.9;0.0
2016-06-29;29.6;24.6;20.5;16.8;15.0;13.3;73.0;56.0;41.0;8.0;2.1;0.0;1015.24;1011.85;1013.5450000000001;0.0
2016-06-30;29.6;24.6;20.2;18.6;16.7;15.1;79.0;62.0;44.0;6.4;1.3;0.0;1013.88;1011.51;1012.6949999999999;0.0
2016-07-01;29.7;24.4;18.8;19.7;18.1;16.8;89.0;69.0;49.0;9.7;2.2;0.0;1015.92;1013.55;1014.7349999999999;0.0
2016-07-02;27.9;22.9;15.6;19.9;18.0;14.7;97.0;75.0;55.0;22.5;2.7;0.0;1014.9;1010.5;1012.7;8.13
2016-07-03;29.9;23.9;17.7;20.1;18.0;16.4;94.0;72.0;49.0;8.0;1.9;0.0;1015.58;1010.84;1013.21;0.0
2016-07-04;26.4;22.4;19.7;18.0;16.4;14.3;80.0;69.0;56.0;8.0;2.9;0.0;1018.96;1015.58;1017.27;0.0
2016-07-05;29.0;24.6;20.6;20.0;17.7;14.7;78.0;66.0;52.0;6.4;2.0;0.0;1017.27;1010.84;1014.0550000000001;0.0
2016-07-06;31.5;25.7;19.2;18.1;14.7;9.7;74.0;53.0;27.0;6.4;2.1;0.0;1013.55;1010.5;1012.025;0.0
2016-07-07;30.5;25.8;21.6;19.7;16.2;9.2;72.0;56.0;41.0;9.7;2.0;0.0;1016.59;1012.87;1014.73;0.0
2016-07-08;30.0;25.6;21.6;20.6;18.5;16.9;81.0;66.0;49.0;6.4;2.1;0.0;1017.27;1014.22;1015.745;0.0
2016-07-09;32.8;26.3;19.2;21.6;19.4;16.9;89.0;67.0;44.0;6.4;2.0;0.0;1015.92;1012.87;1014.395;0.0
2016-07-10;32.3;27.6;22.6;21.7;20.4;19.1;81.0;65.0;50.0;6.4;1.6;0.0;1014.9;1011.85;1013.375;0.0
2016-07-11;32.7;27.4;23.5;22.3;20.2;17.4;81.0;66.0;42.0;14.5;2.8;0.0;1013.21;1008.81;1011.01;0.0
2016-07-12;26.3;23.0;19.7;20.7;18.7;16.8;95.0;77.0;63.0;14.5;2.0;0.0;1011.18;1007.45;1009.315;14.99
2016-07-13;25.7;20.0;13.1;21.0;16.3;5.9;95.0;80.0;47.0;32.2;6.3;0.0;1009.14;1002.03;1005.585;38.1
2016-07-14;25.2;20.5;16.1;9.2;5.5;3.8;57.0;39.0;26.0;19.3;9.5;1.6;1013.21;1007.11;1010.1600000000001;0.51
2016-07-15;25.3;20.5;14.4;7.6;3.9;2.1;58.0;34.0;24.0;19.3;7.3;0.0;1017.27;1013.21;1015.24;0.0
2016-07-16;28.2;22.0;15.7;12.3;6.9;2.7;58.0;39.0;25.0;11.3;2.2;0.0;1017.95;1014.56;1016.255;0.0
2016-07-17;29.0;23.4;16.4;14.3;11.5;7.2;70.0;48.0;36.0;9.7;1.9;0.0;1019.3;1015.24;1017.27;0.0
2016-07-18;31.7;25.9;19.8;17.8;15.1;12.8;74.0;53.0;34.0;6.4;2.1;0.0;1018.63;1015.24;1016.935;0.0
2016-07-19;31.5;26.1;20.5;19.1;16.9;14.0;73.0;58.0;44.0;4.8;1.4;0.0;1018.29;1014.9;1016.595;0.0
2016-07-20;32.6;27.8;21.9;20.4;18.6;16.9;77.0;58.0;45.0;8.0;1.4;0.0;1016.26;1012.19;1014.225;0.0
2016-07-21;30.5;26.3;22.7;21.1;19.4;16.9;82.0;66.0;51.0;6.4;1.0;0.0;1014.22;1011.18;1012.7;0.25
2016-07-22;26.4;23.1;17.5;20.4;18.4;16.4;97.0;75.0;58.0;19.3;3.3;0.0;1014.22;1011.85;1013.0350000000001;8.89
2016-07-23;26.7;22.2;18.6;18.5;17.0;15.6;95.0;73.0;55.0;11.3;2.4;0.0;1016.26;1012.87;1014.565;8.64
2016-07-24;30.1;23.9;19.0;19.6;17.3;14.8;86.0;68.0;46.0;6.4;1.6;0.0;1015.92;1013.55;1014.7349999999999;0.0
2016-07-25;32.2;26.4;21.1;20.1;18.2;16.1;85.0;63.0;39.0;8.0;1.3;0.0;1014.22;1011.51;1012.865;0.0
2016-07-26;30.7;24.2;18.7;21.3;18.8;16.4;94.0;74.0;44.0;17.7;3.4;0.0;1015.58;1012.87;1014.225;11.94
2016-07-27;28.9;24.1;18.1;20.1;18.0;14.8;94.0;70.0;51.0;9.7;1.9;0.0;1014.9;1010.5;1012.7;4.06
2016-07-28;29.3;23.0;17.2;19.8;17.6;15.6;98.0;75.0;45.0;8.0;2.0;0.0;1014.9;1011.51;1013.2049999999999;3.81
2016-07-29;30.2;25.4;20.6;19.8;18.2;16.6;79.0;66.0;49.0;4.8;1.2;0.0;1013.88;1011.18;1012.53;0.0
2016-07-30;31.2;26.0;21.3;20.9;19.4;18.3;85.0;68.0;49.0;6.4;1.7;0.0;1013.55;1010.84;1012.1949999999999;0.0
2016-07-31;26.9;21.5;17.6;22.7;18.9;16.7;99.0;86.0;70.0;25.7;2.5;0.0;1012.87;1009.14;1011.005;75.69
2016-08-01;27.6;22.0;17.3;19.6;17.6;16.1;98.0;78.0;53.0;12.9;2.5;0.0;1015.92;1010.84;1013.38;0.25
2016-08-02;28.2;23.4;19.3;17.7;15.6;12.7;79.0;63.0;46.0;6.4;1.8;0.0;1017.27;1013.88;1015.575;0.0
2016-08-03;29.7;24.7;19.8;18.8;17.5;16.4;83.0;65.0;48.0;6.4;1.1;0.0;1015.58;1012.19;1013.885;0.0
2016-08-04;30.6;26.1;21.8;19.9;18.6;17.4;78.0;64.0;51.0;8.0;1.6;0.0;1013.21;1006.43;1009.8199999999999;0.0
2016-08-05;24.2;19.8;15.1;19.8;13.6;7.6;98.0;71.0;42.0;30.6;6.9;0.0;1014.22;1006.43;1010.325;67.31
2016-08-06;28.2;22.6;16.4;13.7;11.3;6.8;65.0;50.0;38.0;12.9;2.5;0.0;1021.33;1013.88;1017.605;0.0
2016-08-07;28.3;23.8;18.9;14.4;12.7;10.4;67.0;51.0;34.0;6.4;1.6;0.0;1023.37;1020.66;1022.015;0.0
2016-08-08;28.8;24.0;20.0;16.7;14.0;11.4;71.0;54.0;43.0;6.4;1.4;0.0;1021.33;1015.58;1018.455;0.0
2016-08-09;29.6;23.8;20.5;18.9;16.5;13.4;75.0;64.0;49.0;8.0;1.7;0.0;1015.92;1009.48;1012.7;0.0
2016-08-10;25.6;20.8;16.6;17.6;14.5;5.6;97.0;71.0;29.0;11.3;3.2;0.0;1012.87;1008.47;1010.6700000000001;5.08
2016-08-11;23.9;19.1;14.6;14.1;11.3;8.8;86.0;63.0;39.0;8.0;2.8;0.0;1021.0;1013.21;1017.105;0.0
2016-08-12;24.4;19.9;15.1;13.9;11.7;8.9;72.0;60.0;49.0;8.0;1.6;0.0;1023.71;1021.0;1022.355;0.0
2016-08-13;26.2;21.7;17.4;16.3;14.0;11.6;76.0;62.0;52.0;6.4;1.3;0.0;1024.04;1021.33;1022.685;0.0
2016-08-14;29.4;24.2;18.7;18.7;17.1;15.2;82.0;65.0;49.0;4.8;1.2;0.0;1022.35;1017.95;1020.1500000000001;0.0
2016-08-15;30.5;25.4;21.0;19.6;17.9;16.2;80.0;65.0;44.0;6.4;1.1;0.0;1019.3;1013.88;1016.5899999999999;0.0
2016-08-16;29.7;24.5;20.7;19.1;17.5;16.2;86.0;66.0;47.0;9.7;1.8;0.0;1015.58;1010.5;1013.04;0.51
2016-08-17;29.5;23.7;17.9;19.1;16.9;14.9;86.0;67.0;46.0;6.4;1.6;0.0;1010.5;1006.43;1008.4649999999999;0.0
2016-08-18;27.0;22.4;17.2;19.8;18.1;16.2;95.0;78.0;61.0;9.7;2.1;0.0;1009.48;1006.77;1008.125;17.53
2016-08-19;26.8;21.9;18.3;19.6;18.4;17.5;96.0;82.0;60.0;6.4;1.1;0.0;1012.53;1008.47;1010.5;1.52
2016-08-20;23.1;21.2;19.0;20.9;19.0;17.4;96.0;87.0;81.0;8.0;1.8;0.0;1014.22;1012.53;1013.375;7.37
2016-08-21;28.2;22.9;18.6;20.1;16.6;4.6;95.0;72.0;29.0;19.3;3.4;0.0;1014.9;1011.51;1013.2049999999999;0.25
2016-08-22;26.4;21.6;16.8;16.4;12.9;5.2;92.0;60.0;31.0;8.0;2.1;0.0;1023.03;1014.9;1018.9649999999999;0.0
2016-08-23;27.3;22.5;17.2;15.7;14.1;12.2;77.0;60.0;47.0;8.0;1.6;0.0;1023.37;1020.66;1022.015;0.0
2016-08-24;28.5;24.2;20.2;16.8;14.9;12.7;69.0;57.0;45.0;6.4;1.3;0.0;1022.69;1018.29;1020.49;0.0
2016-08-25;28.4;24.2;19.9;18.1;16.5;14.8;74.0;63.0;52.0;6.4;1.4;0.0;1019.98;1016.59;1018.2850000000001;0.0
2016-08-26;27.4;23.6;21.0;18.6;16.6;14.8;80.0;65.0;53.0;8.0;1.6;0.0;1019.3;1017.27;1018.285;0.0
2016-08-27;30.4;24.8;20.5;17.7;16.5;14.8;76.0;61.0;44.0;4.8;1.3;0.0;1019.64;1016.59;1018.115;0.0
2016-08-28;31.4;25.9;21.6;18.9;16.9;15.7;72.0;59.0;40.0;6.4;1.6;0.0;1017.95;1013.88;1015.915;0.0
2016-08-29;30.5;24.8;19.9;20.1;17.9;15.7;82.0;66.0;49.0;9.7;2.0;0.0;1015.92;1011.51;1013.7149999999999;0.0
2016-08-30;24.1;21.2;17.7;19.1;17.5;16.2;94.0;80.0;62.0;8.0;2.6;0.0;1019.3;1014.9;1017.0999999999999;0.76
2016-08-31;28.4;24.0;19.6;17.2;16.2;15.2;84.0;63.0;45.0;4.8;1.3;0.0;1020.32;1016.59;1018.455;0.0
2016-09-01;29.5;24.6;18.7;18.9;17.5;16.2;86.0;66.0;51.0;6.4;1.3;0.0;1019.3;1015.92;1017.6099999999999;0.0
2016-09-02;29.6;25.3;22.4;19.3;18.1;17.2;74.0;65.0;50.0;4.8;0.9;0.0;1018.29;1015.24;1016.765;0.0
2016-09-03;30.3;25.6;21.8;19.1;17.8;16.5;77.0;63.0;47.0;4.8;0.9;0.0;1017.27;1014.56;1015.915;0.0
2016-09-04;28.8;25.0;22.1;19.6;18.3;17.1;82.0;67.0;53.0;4.8;1.2;0.0;1015.58;1011.18;1013.38;0.0
2016-09-05;29.6;24.0;20.3;19.1;13.5;4.8;85.0;56.0;30.0;14.5;4.3;0.0;1014.22;1009.48;1011.85;0.0
2016-09-06;29.6;22.4;16.8;16.3;11.8;5.1;92.0;56.0;28.0;19.3;2.7;0.0;1019.98;1012.53;1016.255;0.0
2016-09-07;27.7;21.6;16.4;14.5;12.9;10.4;84.0;61.0;37.0;8.0;2.2;0.0;1020.66;1015.58;1018.12;0.0
2016-09-08;28.6;23.8;20.4;16.1;14.6;12.5;69.0;57.0;42.0;6.4;1.4;0.0;1016.59;1011.18;1013.885;0.0
2016-09-09;30.2;24.6;19.4;17.1;15.7;14.6;74.0;59.0;40.0;6.4;0.9;0.0;1014.56;1012.53;1013.545;0.0
2016-09-10;29.6;24.6;20.7;17.7;16.1;14.0;76.0;60.0;43.0;11.3;1.2;0.0;1014.9;1011.85;1013.375;0.0
2016-09-11;28.8;24.4;19.3;19.2;16.6;15.2;85.0;63.0;46.0;8.0;2.3;0.0;1016.93;1013.55;1015.24;1.27
2016-09-12;29.8;24.8;20.7;17.7;16.1;14.8;73.0;59.0;41.0;4.8;1.8;0.0;1017.95;1015.24;1016.595;0.0
2016-09-13;29.9;24.9;20.7;17.2;15.5;14.2;72.0;57.0;41.0;4.8;1.2;0.0;1016.59;1011.85;1014.22;0.0
2016-09-14;29.5;24.2;18.1;16.9;15.1;13.8;80.0;58.0;40.0;6.4;1.1;0.0;1013.21;1011.18;1012.1949999999999;0.0
2016-09-15;23.1;19.6;16.6;17.9;16.2;14.5;98.0;82.0;63.0;14.5;3.3;0.0;1015.24;1010.84;1013.04;42.42
2016-09-16;23.2;18.1;14.6;16.7;15.6;13.8;96.0;86.0;60.0;9.7;2.4;0.0;1015.92;1010.5;1013.21;17.53
2016-09-17;21.9;17.2;13.1;15.9;14.4;12.8;98.0;85.0;65.0;4.8;1.4;0.0;1011.51;1007.79;1009.65;3.05
2016-09-18;22.7;17.5;14.0;15.1;13.7;12.4;96.0;79.0;59.0;6.4;1.4;0.0;1011.18;1007.45;1009.315;2.54
2016-09-19;26.4;19.5;15.0;15.8;12.0;6.6;92.0;66.0;31.0;9.7;2.3;0.0;1009.48;1007.79;1008.635;0.0
2016-09-20;24.9;20.1;15.4;14.1;9.4;6.4;80.0;51.0;40.0;4.8;1.1;0.0;1011.51;1009.14;1010.325;0.0
2016-09-21;19.1;16.3;13.3;15.7;13.7;12.2;95.0;85.0;75.0;6.4;1.4;0.0;1016.93;1010.84;1013.885;19.3
2016-09-22;20.3;16.1;14.4;13.6;12.7;11.5;90.0;80.0;64.0;4.8;0.7;0.0;1022.35;1017.27;1019.81;0.0
2016-09-23;22.4;17.6;14.4;13.8;12.1;10.6;85.0;71.0;55.0;4.8;0.5;0.0;1024.04;1021.67;1022.855;0.0
2016-09-24;23.5;18.2;13.8;12.8;11.2;9.2;82.0;65.0;46.0;4.8;0.8;0.0;1025.74;1022.35;1024.045;0.0
2016-09-25;23.6;18.9;15.4;14.0;11.3;8.6;77.0;62.0;46.0;6.4;1.1;0.0;1022.35;1016.59;1019.47;0.0
2016-09-26;23.6;18.6;14.7;14.0;12.2;11.0;80.0;67.0;51.0;4.8;0.9;0.0;1019.98;1017.61;1018.7950000000001;0.0
2016-09-27;23.7;18.9;14.7;14.4;12.3;11.1;82.0;66.0;48.0;4.8;0.8;0.0;1026.08;1020.32;1023.2;0.0
2016-09-28;23.7;19.2;15.8;14.2;12.7;11.1;79.0;67.0;52.0;4.8;1.0;0.0;1028.45;1025.74;1027.095;0.0
2016-09-29;23.7;19.4;16.3;15.2;13.5;12.2;79.0;70.0;54.0;6.4;1.2;0.0;1027.43;1021.33;1024.38;0.0
2016-09-30;22.8;18.4;14.9;16.1;14.0;12.4;90.0;76.0;59.0;6.4;1.1;0.0;1021.33;1016.26;1018.7950000000001;0.0
2016-10-01;20.6;17.4;14.4;14.8;13.6;11.7;88.0;78.0;66.0;4.8;1.8;0.0;1016.26;1012.87;1014.565;0.0
2016-10-02;21.8;17.2;14.7;15.9;14.6;13.4;97.0;86.0;64.0;4.8;0.8;0.0;1013.88;1011.18;1012.53;4.32
2016-10-03;22.9;17.8;14.0;14.1;7.0;0.4;90.0;54.0;23.0;11.3;2.5;0.0;1020.66;1013.55;1017.105;0.0
2016-10-04;22.0;16.8;13.3;9.6;7.0;3.4;73.0;54.0;31.0;6.4;1.4;0.0;1021.0;1018.29;1019.645;0.0
2016-10-05;18.5;14.9;11.7;10.7;8.2;6.4;74.0;65.0;55.0;11.3;4.2;0.0;1019.98;1014.56;1017.27;0.0
2016-10-06;14.2;11.4;8.9;6.8;6.0;5.2;80.0;70.0;57.0;8.0;1.1;0.0;1016.93;1012.87;1014.9;0.0
2016-10-07;18.1;12.7;8.8;8.6;6.8;5.9;86.0;68.0;49.0;6.4;1.2;0.0;1014.9;1011.51;1013.2049999999999;0.0
2016-10-08;16.9;13.0;10.1;9.4;7.8;6.2;88.0;71.0;56.0;4.8;0.7;0.0;1017.61;1014.22;1015.915;0.0
2016-10-09;13.3;11.0;7.6;9.4;8.1;6.7;95.0;83.0;67.0;9.7;2.4;0.0;1019.3;1016.93;1018.115;28.45
2016-10-10;14.7;9.6;7.2;8.2;6.5;5.3;96.0;82.0;55.0;11.3;2.6;0.0;1019.64;1015.58;1017.61;25.65
2016-10-11;13.1;9.4;6.4;7.2;5.8;4.1;90.0;79.0;55.0;8.0;1.6;0.0;1015.58;1011.18;1013.38;0.76
2016-10-12;15.0;9.8;5.3;6.1;4.0;1.3;94.0;70.0;41.0;4.8;0.7;0.0;1016.26;1011.85;1014.0550000000001;0.25
2016-10-13;10.5;9.1;7.5;7.3;5.5;2.8;94.0;79.0;59.0;4.8;1.2;0.0;1018.63;1015.24;1016.935;4.32
2016-10-14;11.6;8.9;7.7;10.7;8.4;6.7;98.0;96.0;91.0;20.9;2.2;0.0;1017.61;1007.79;1012.7;45.97
2016-10-15;13.4;11.7;9.4;13.3;11.5;9.2;99.0;99.0;98.0;6.4;0.9;0.0;1018.29;1011.18;1014.7349999999999;18.29
2016-10-16;19.3;14.3;10.3;14.2;12.4;10.0;99.0;89.0;71.0;3.2;0.5;0.0;1023.71;1018.29;1021.0;0.0
2016-10-17;17.0;14.5;13.1;14.1;12.8;11.8;97.0;90.0;81.0;3.2;0.3;0.0;1023.71;1021.67;1022.69;0.0
2016-10-18;17.8;13.9;11.5;13.8;12.2;10.7;99.0;90.0;73.0;4.8;0.7;0.0;1021.67;1017.95;1019.81;0.25
2016-10-19;15.5;13.2;11.7;12.9;12.0;10.9;98.0;93.0;82.0;4.8;0.9;0.0;1019.3;1012.19;1015.745;0.0
2016-10-20;15.3;11.4;7.9;11.9;10.1;7.1;99.0;92.0;72.0;9.7;1.9;0.0;1012.53;1009.82;1011.175;0.0
2016-10-21;15.2;11.0;7.8;7.9;7.2;6.5;94.0;78.0;58.0;6.4;1.0;0.0;1013.88;1010.84;1012.36;0.0
2016-10-22;13.9;10.4;8.2;9.2;8.0;7.1;94.0;85.0;67.0;6.4;0.9;0.0;1016.59;1013.55;1015.0699999999999;0.0
2016-10-23;10.5;9.9;9.2;9.8;8.6;7.1;98.0;92.0;81.0;3.2;0.3;0.0;1020.66;1015.92;1018.29;5.84
2016-10-24;12.3;10.6;9.3;11.4;10.2;9.1;98.0;97.0;93.0;3.2;0.3;0.0;1023.37;1020.32;1021.845;2.29
2016-10-25;12.9;12.1;11.3;12.6;11.8;10.9;99.0;98.0;97.0;3.2;0.3;0.0;1024.04;1021.0;1022.52;4.32
2016-10-26;14.8;13.0;11.3;14.1;12.7;11.1;100.0;98.0;93.0;6.4;1.2;0.0;1022.69;1019.98;1021.335;1.02
2016-10-27;17.7;14.3;11.6;13.3;11.7;9.8;98.0;85.0;70.0;4.8;1.2;0.0;1029.8;1023.03;1026.415;2.29
2016-10-28;15.7;12.7;10.2;10.7;9.6;8.7;92.0;82.0;70.0;4.8;0.6;0.0;1032.51;1029.46;1030.9850000000001;0.0
2016-10-29;17.9;12.7;8.6;10.6;9.3;7.7;96.0;80.0;58.0;4.8;0.8;0.0;1030.14;1023.03;1026.585;0.0
2016-10-30;17.5;13.0;10.3;11.3;9.2;7.3;89.0;78.0;62.0;3.2;0.6;0.0;1024.72;1021.67;1023.1949999999999;0.0
2016-10-31;14.1;11.4;9.5;10.6;9.0;7.4;94.0;85.0;74.0;4.8;1.3;0.0;1027.09;1023.71;1025.4;0.0
2016-11-01;13.8;11.3;9.1;10.2;9.2;8.2;96.0;87.0;78.0;6.4;1.9;0.0;1026.08;1019.98;1023.03;0.0
2016-11-02;16.0;11.7;8.6;11.7;9.7;7.7;96.0;88.0;74.0;4.8;1.1;0.0;1019.98;1012.19;1016.085;0.0
2016-11-03;13.9;10.8;8.1;10.5;8.7;6.9;94.0;87.0;77.0;8.0;1.7;0.0;1020.66;1011.85;1016.255;0.25
2016-11-04;13.2;10.3;9.1;6.9;5.8;4.2;85.0;74.0;63.0;4.8;0.6;0.0;1020.66;1016.93;1018.795;0.0
2016-11-05;9.3;8.5;7.7;8.7;7.8;6.6;98.0;95.0;83.0;4.8;0.6;0.0;1016.93;1001.02;1008.9749999999999;35.31
2016-11-06;9.3;8.5;5.5;9.2;8.0;1.5;99.0;97.0;70.0;4.8;0.4;0.0;1001.02;993.91;997.4649999999999;5.33
2016-11-07;11.8;8.0;4.4;3.9;1.4;-1.0;80.0;63.0;49.0;4.8;0.8;0.0;1004.74;997.63;1001.185;0.0
2016-11-08;10.9;7.1;3.9;4.1;1.4;-2.1;87.0;68.0;50.0;6.4;1.0;0.0;1007.79;1004.06;1005.925;0.0
2016-11-09;8.0;5.0;2.6;3.3;1.0;-2.7;89.0;76.0;58.0;4.8;0.9;0.0;1009.48;1006.77;1008.125;0.0
2016-11-10;10.4;5.4;1.6;3.4;2.1;0.6;94.0;81.0;55.0;4.8;0.7;0.0;1013.21;1008.81;1011.01;0.0
2016-11-11;10.3;6.5;3.3;5.7;1.5;-5.8;94.0;75.0;32.0;12.9;3.5;0.0;1013.21;1009.48;1011.345;0.76
2016-11-12;13.0;10.6;7.6;2.2;-3.6;-6.5;51.0;37.0;26.0;14.5;6.2;0.0;1015.92;1010.84;1013.38;0.0
2016-11-13;9.9;7.6;6.1;2.7;1.8;0.2;79.0;68.0;53.0;4.8;1.2;0.0;1024.38;1020.66;1022.52;0.0
2016-11-14;7.3;5.8;3.1;4.3;3.2;1.8;94.0;84.0;72.0;4.8;0.3;0.0;1030.14;1024.38;1027.2600000000002;0.0
2016-11-15;5.6;4.2;2.5;3.3;1.4;-0.1;92.0;82.0;73.0;1.6;0.2;0.0;1032.17;1029.12;1030.645;0.0
2016-11-16;9.1;4.8;1.2;4.5;2.5;0.2;94.0;85.0;71.0;3.2;0.3;0.0;1029.12;1022.35;1025.735;0.0
2016-11-17;6.2;4.9;2.9;4.7;3.7;2.1;95.0;92.0;88.0;3.2;0.3;0.0;1022.35;1019.3;1020.825;0.0
2016-11-18;6.9;5.9;4.9;6.3;5.3;4.4;98.0;96.0;89.0;1.6;0.2;0.0;1020.66;1015.24;1017.95;8.64
2016-11-19;8.4;7.2;6.2;8.2;7.0;5.9;99.0;99.0;98.0;4.8;0.7;0.0;1015.24;1009.82;1012.53;11.18
2016-11-20;8.1;7.3;6.4;7.9;7.1;6.2;99.0;99.0;99.0;6.4;1.0;0.0;1017.95;1013.55;1015.75;4.32
2016-11-21;10.2;8.8;7.8;10.2;8.8;7.7;100.0;100.0;99.0;8.0;2.0;0.0;1017.27;1015.58;1016.425;43.18
2016-11-22;11.6;11.0;10.2;11.6;11.0;10.2;100.0;100.0;100.0;6.4;2.0;0.0;1020.32;1016.59;1018.455;32.51
2016-11-23;12.3;11.5;10.5;12.1;11.3;10.5;100.0;99.0;95.0;6.4;1.1;0.0;1021.67;1019.64;1020.655;1.78
2016-11-24;13.2;11.9;11.0;11.5;10.8;10.1;97.0;93.0;85.0;9.7;2.3;0.0;1021.0;1015.24;1018.12;7.62
2016-11-25;12.2;11.3;10.8;11.3;10.8;10.2;99.0;97.0;91.0;14.5;3.0;0.0;1015.92;1012.87;1014.395;42.67
2016-11-26;14.8;10.8;8.3;10.9;9.0;7.6;99.0;89.0;72.0;12.9;1.4;0.0;1016.26;1013.88;1015.0699999999999;7.11
2016-11-27;12.5;9.0;6.1;9.4;7.8;5.9;99.0;92.0;80.0;3.2;0.3;0.0;1013.88;1010.16;1012.02;0.25
2016-11-28;10.7;8.0;4.8;9.1;6.4;-0.9;99.0;90.0;65.0;14.5;2.6;0.0;1023.71;1010.5;1017.105;0.51
2016-11-29;4.8;3.0;0.1;-0.6;-2.8;-4.2;83.0;66.0;56.0;8.0;2.2;0.0;1033.53;1023.71;1028.62;0.0
2016-11-30;7.6;3.0;-0.9;0.3;-1.3;-2.9;88.0;74.0;53.0;4.8;0.8;0.0;1033.53;1026.75;1030.1399999999999;0.0
2016-12-01;11.3;6.1;2.4;3.7;-0.2;-3.6;75.0;64.0;48.0;12.9;2.8;0.0;1026.08;1016.93;1021.5049999999999;0.0
2016-12-02;13.1;8.2;3.9;5.9;2.9;-0.6;92.0;70.0;56.0;12.9;3.8;0.0;1017.61;1011.18;1014.395;0.0
2016-12-03;7.1;6.5;5.4;4.8;4.3;3.1;92.0;86.0;82.0;6.4;0.9;0.0;1024.38;1017.61;1020.9950000000001;0.0
2016-12-04;8.0;6.6;5.2;6.0;5.1;4.5;96.0;91.0;82.0;3.2;0.1;0.0;1027.77;1024.04;1025.905;0.25
2016-12-05;10.0;6.3;2.9;6.9;4.9;2.5;98.0;91.0;73.0;4.8;0.8;0.0;1029.12;1026.75;1027.935;0.0
2016-12-06;10.2;5.3;1.9;5.3;3.4;1.5;99.0;88.0;67.0;4.8;0.3;0.0;1030.82;1027.09;1028.955;0.25
2016-12-07;9.3;5.3;2.6;3.9;2.0;-0.3;95.0;80.0;64.0;3.2;0.6;0.0;1037.25;1030.82;1034.0349999999999;0.25
2016-12-08;9.5;5.1;1.1;2.8;1.4;-0.5;95.0;78.0;54.0;3.2;0.4;0.0;1037.25;1034.2;1035.725;0.0
2016-12-09;9.7;5.2;2.2;2.9;1.3;-1.1;92.0;77.0;58.0;4.8;0.4;0.0;1034.54;1030.14;1032.3400000000001;0.0
2016-12-10;11.8;7.1;1.8;6.8;3.3;-0.9;93.0;78.0;50.0;8.0;1.5;0.0;1030.14;1024.72;1027.43;0.0
2016-12-11;11.2;6.6;1.2;6.9;4.4;0.9;98.0;86.0;74.0;9.7;2.6;0.0;1024.72;1016.26;1020.49;0.0
2016-12-12;3.8;1.5;-0.7;3.7;1.3;-0.9;99.0;99.0;98.0;4.8;0.9;0.0;1024.72;1016.93;1020.825;0.51
2016-12-13;8.1;2.5;-0.8;4.6;1.7;-1.1;99.0;94.0;75.0;4.8;0.4;0.0;1028.78;1024.72;1026.75;0.25
2016-12-14;3.2;0.2;-0.9;3.1;0.0;-1.1;99.0;99.0;98.0;6.4;0.6;0.0;1028.45;1025.4;1026.9250000000002;0.51
2016-12-15;1.9;-0.6;-1.9;1.7;-0.8;-2.1;99.0;99.0;99.0;3.2;0.3;0.0;1029.46;1026.75;1028.105;0.25
2016-12-16;3.5;1.0;-2.3;3.3;0.9;-2.4;99.0;99.0;96.0;3.2;0.3;0.0;1037.25;1029.12;1033.185;0.51
2016-12-17;7.3;3.3;0.4;3.7;1.6;-0.1;98.0;89.0;72.0;4.8;0.5;0.0;1038.27;1036.23;1037.25;0.25
2016-12-18;7.0;3.0;-0.2;2.5;-0.9;-4.7;92.0;76.0;58.0;3.2;0.5;0.0;1036.23;1027.77;1032.0;0.0
2016-12-19;4.5;2.3;0.2;0.4;-2.0;-6.4;86.0;74.0;50.0;8.0;1.8;0.0;1030.48;1027.09;1028.7849999999999;0.0
2016-12-20;7.9;6.1;4.0;4.4;1.5;-0.6;86.0;73.0;59.0;8.0;2.8;0.0;1029.46;1025.06;1027.26;0.0
2016-12-21;11.3;6.6;5.2;6.6;4.8;3.3;97.0;88.0;72.0;4.8;0.5;0.0;1029.12;1026.41;1027.7649999999999;0.25
2016-12-22;11.6;8.1;5.2;6.7;5.1;3.1;92.0;82.0;67.0;3.2;0.6;0.0;1030.48;1028.11;1029.295;0.0
2016-12-23;13.8;9.0;4.9;6.3;3.7;1.5;87.0;70.0;52.0;4.8;0.6;0.0;1032.17;1029.12;1030.645;0.0
2016-12-24;11.1;7.6;4.4;1.4;0.3;-1.1;77.0;60.0;47.0;4.8;0.6;0.0;1030.82;1025.06;1027.94;0.0
2016-12-25;10.4;8.0;4.8;2.7;0.6;-1.0;70.0;59.0;50.0;12.9;1.3;0.0;1026.75;1023.03;1024.8899999999999;0.0
2016-12-26;15.5;9.8;4.9;6.5;3.1;-0.4;87.0;64.0;46.0;4.8;1.0;0.0;1027.43;1025.06;1026.245;0.0
2016-12-27;17.2;14.3;8.4;5.4;-8.9;-14.3;81.0;21.0;11.0;19.3;9.1;0.0;1033.53;1025.4;1029.4650000000001;0.0
2016-12-28;12.3;9.0;6.0;0.1;-3.9;-13.4;63.0;41.0;16.0;6.4;1.1;0.0;1034.2;1028.45;1031.325;0.0
2016-12-29;8.0;4.7;1.5;2.3;-0.2;-4.7;86.0;71.0;41.0;11.3;3.8;0.0;1038.61;1029.46;1034.0349999999999;0.0
2016-12-30;7.1;3.3;0.2;1.1;-0.5;-2.0;91.0;76.0;65.0;4.8;0.6;0.0;1038.61;1035.22;1036.915;0.0
2016-12-31;8.2;3.7;0.7;0.5;-0.6;-1.7;90.0;74.0;54.0;3.2;0.3;0.0;1035.22;1028.45;1031.835;0.0
2017-01-01;9.0;5.2;0.8;-0.4;-2.5;-5.9;76.0;59.0;39.0;3.2;0.6;0.0;1027.77;1021.67;1024.72;0.0
2017-01-02;9.4;4.8;1.9;2.8;-0.8;-2.8;82.0;67.0;54.0;4.8;0.8;0.0;1022.01;1014.9;1018.4549999999999;0.0
2017-01-03;6.9;3.4;0.4;1.7;0.0;-1.8;90.0;79.0;62.0;8.0;1.4;0.0;1023.03;1015.24;1019.135;0.0
2017-01-04;11.4;5.2;0.3;0.2;-3.0;-9.3;89.0;60.0;24.0;24.1;5.6;0.0;1021.0;1006.43;1013.7149999999999;0.0
2017-01-05;6.9;4.1;1.2;-4.2;-11.3;-19.1;60.0;33.0;18.0;22.5;12.0;1.6;1024.04;1011.18;1017.6099999999999;0.0
2017-01-06;2.8;-0.1;-2.9;-11.6;-14.4;-18.1;51.0;34.0;25.0;12.9;3.3;0.0;1029.8;1024.04;1026.92;0.0
2017-01-07;0.9;-2.2;-4.5;-8.9;-10.5;-11.7;65.0;53.0;41.0;4.8;0.7;0.0;1030.48;1027.09;1028.7849999999999;0.0
2017-01-08;0.9;-2.8;-4.9;-6.1;-8.4;-10.1;75.0;66.0;54.0;4.8;0.6;0.0;1027.43;1022.35;1024.89;0.0
2017-01-09;4.7;-0.8;-4.6;-3.7;-5.7;-7.9;81.0;70.0;53.0;4.8;0.9;0.0;1026.41;1017.27;1021.84;0.0
2017-01-10;0.1;-1.5;-2.8;-1.9;-4.2;-6.7;93.0;82.0;69.0;8.0;1.4;0.0;1017.61;1012.87;1015.24;0.0
2017-01-11;-1.5;-2.3;-3.1;-4.3;-6.0;-7.6;84.0;76.0;68.0;9.7;2.1;0.0;1021.67;1016.26;1018.9649999999999;0.0
2017-01-12;2.7;-0.3;-2.5;-0.1;-2.5;-4.8;96.0;85.0;78.0;11.3;3.7;0.0;1019.3;1011.18;1015.24;0.0
2017-01-13;5.1;0.9;-1.5;0.2;-4.9;-12.8;96.0;72.0;29.0;17.7;5.1;0.0;1011.18;998.31;1004.7449999999999;2.03
2017-01-14;8.0;4.1;0.8;-4.3;-8.3;-11.9;63.0;41.0;29.0;12.9;5.5;0.0;1011.18;1005.08;1008.13;2.29
2017-01-15;6.9;2.9;-0.4;-2.8;-9.9;-14.4;77.0;41.0;21.0;9.7;2.4;0.0;1017.95;1011.18;1014.565;0.0
2017-01-16;5.0;1.5;-0.7;-8.6;-13.9;-16.3;40.0;31.0;21.0;11.3;2.9;0.0;1017.27;1013.55;1015.41;0.0
2017-01-17;5.7;1.9;-0.2;-9.2;-13.0;-15.6;46.0;33.0;22.0;8.0;3.7;0.0;1022.69;1015.58;1019.135;0.0
2017-01-18;5.6;1.1;-2.6;-5.6;-8.6;-11.7;61.0;49.0;35.0;6.4;1.4;0.0;1027.77;1022.01;1024.8899999999999;0.0
2017-01-19;5.8;1.7;-1.6;-3.9;-5.5;-7.6;74.0;59.0;46.0;4.8;1.0;0.0;1032.51;1027.43;1029.97;0.0
2017-01-20;5.7;1.7;-1.1;-3.1;-4.3;-5.5;77.0;65.0;52.0;4.8;0.9;0.0;1033.19;1030.82;1032.005;0.0
2017-01-21;6.4;2.1;-2.3;-2.5;-3.7;-5.6;80.0;66.0;52.0;3.2;0.5;0.0;1031.83;1028.11;1029.9699999999998;0.0
2017-01-22;8.7;4.5;0.4;-3.3;-4.3;-5.6;74.0;54.0;39.0;4.8;1.2;0.0;1029.46;1025.74;1027.6;0.0
2017-01-23;8.9;4.7;1.3;-3.2;-4.6;-6.1;64.0;51.0;40.0;6.4;1.2;0.0;1025.74;1019.3;1022.52;0.0
2017-01-24;10.5;5.6;1.3;-1.8;-3.9;-6.5;65.0;51.0;37.0;3.2;0.6;0.0;1019.64;1015.92;1017.78;0.0
2017-01-25;6.7;3.7;0.7;-2.5;-4.0;-5.8;66.0;58.0;50.0;4.8;0.8;0.0;1024.72;1019.64;1022.1800000000001;0.0
2017-01-26;3.9;1.0;-1.1;-3.3;-4.2;-5.1;79.0;69.0;56.0;6.4;1.3;0.0;1030.82;1024.38;1027.6;0.0
2017-01-27;5.1;1.3;-1.4;-1.6;-3.1;-4.8;81.0;73.0;61.0;4.8;0.8;0.0;1030.82;1026.41;1028.615;0.0
2017-01-28;5.0;1.4;-1.1;-1.0;-2.1;-3.4;90.0;78.0;64.0;4.8;0.8;0.0;1027.09;1024.38;1025.7350000000001;0.0
2017-01-29;6.3;1.7;-1.6;1.6;-0.7;-2.9;93.0;85.0;68.0;3.2;0.4;0.0;1025.4;1023.03;1024.2150000000001;0.0
2017-01-30;5.5;2.9;0.4;2.1;0.8;-1.1;92.0;86.0;77.0;3.2;0.3;0.0;1025.06;1020.66;1022.8599999999999;0.0
2017-01-31;4.1;2.8;1.8;2.7;1.3;0.0;96.0;90.0;84.0;3.2;0.4;0.0;1021.33;1018.96;1020.145;0.0
2017-02-01;5.6;4.0;2.6;4.3;2.7;1.2;97.0;92.0;83.0;3.2;0.3;0.0;1021.67;1018.63;1020.15;1.52
2017-02-02;5.4;4.7;3.9;5.1;4.4;3.7;99.0;98.0;97.0;6.4;0.8;0.0;1021.67;1017.95;1019.81;14.48
2017-02-03;7.0;5.5;4.6;6.8;5.3;4.4;99.0;99.0;98.0;14.5;2.0;0.0;1017.95;1010.16;1014.0550000000001;26.92
2017-02-04;5.7;4.8;2.6;5.4;4.6;2.3;99.0;99.0;98.0;6.4;1.9;0.0;1010.84;1005.08;1007.96;7.11
2017-02-05;4.3;2.5;1.6;2.8;2.1;1.1;99.0;97.0;86.0;9.7;2.4;0.0;1008.47;1000.34;1004.405;16.26
2017-02-06;9.2;5.2;2.7;6.9;4.4;2.4;99.0;94.0;68.0;6.4;1.4;0.0;1010.84;999.32;1005.08;1.52
2017-02-07;11.1;7.5;5.2;4.9;3.3;-0.1;90.0;75.0;57.0;4.8;0.7;0.0;1014.9;1010.84;1012.87;0.0
2017-02-08;6.2;5.3;4.3;4.3;3.3;2.0;90.0;87.0;84.0;6.4;1.7;0.0;1020.66;1014.22;1017.44;0.0
2017-02-09;5.7;3.7;2.6;1.9;-0.2;-1.7;85.0;76.0;65.0;6.4;1.1;0.0;1022.69;1020.66;1021.675;0.0
2017-02-10;3.7;1.5;0.3;1.8;0.5;-0.2;98.0;93.0;78.0;8.0;2.3;0.0;1023.37;1020.66;1022.015;14.22
2017-02-11;5.3;3.5;2.1;3.5;2.6;1.6;97.0;93.0;87.0;3.2;0.2;0.0;1025.06;1023.03;1024.045;0.76
2017-02-12;8.2;5.6;3.8;4.9;3.8;2.6;96.0;89.0;79.0;3.2;0.5;0.0;1029.12;1025.06;1027.09;0.0
2017-02-13;6.4;4.5;1.7;5.1;3.6;1.4;99.0;94.0;89.0;6.4;1.3;0.0;1031.49;1027.43;1029.46;0.0
2017-02-14;10.9;6.7;4.4;4.4;3.2;1.8;91.0;79.0;63.0;6.4;1.5;0.0;1035.22;1031.49;1033.355;0.0
2017-02-15;14.1;8.2;3.3;6.1;4.3;2.2;93.0;78.0;55.0;4.8;0.8;0.0;1035.56;1032.17;1033.865;0.0
2017-02-16;15.1;9.6;5.3;5.7;3.7;2.1;87.0;68.0;44.0;4.8;0.9;0.0;1032.17;1027.09;1029.63;0.0
2017-02-17;13.1;9.2;5.8;7.8;5.9;3.6;92.0;81.0;64.0;8.0;1.9;0.0;1027.43;1019.3;1023.365;0.0
2017-02-18;11.6;6.2;3.1;5.6;4.0;2.1;96.0;87.0;57.0;4.8;0.8;0.0;1024.72;1021.33;1023.0250000000001;0.0
2017-02-19;9.4;4.9;1.0;5.2;3.1;0.3;97.0;88.0;72.0;4.8;0.8;0.0;1025.4;1021.67;1023.5350000000001;0.25
2017-02-20;9.1;4.6;1.7;5.0;3.3;1.1;98.0;91.0;74.0;4.8;0.6;0.0;1024.04;1021.67;1022.855;0.25
2017-02-21;13.1;7.8;3.1;6.7;4.2;2.2;96.0;79.0;60.0;11.3;2.8;0.0;1021.67;1015.92;1018.795;0.0
2017-02-22;11.9;6.7;2.9;8.9;5.5;2.4;99.0;92.0;77.0;9.7;2.0;0.0;1018.96;1015.58;1017.27;0.0
2017-02-23;8.8;7.2;5.8;7.4;6.1;4.6;98.0;93.0;89.0;4.8;1.0;0.0;1016.93;1010.5;1013.7149999999999;0.0
2017-02-24;11.8;8.7;6.4;9.2;5.7;-7.6;98.0;85.0;29.0;14.5;2.1;0.0;1011.85;1005.08;1008.465;0.51
2017-02-25;11.3;7.2;3.2;6.2;2.4;-0.2;98.0;74.0;47.0;8.0;1.7;0.0;1022.69;1011.85;1017.27;11.68
2017-02-26;13.1;7.8;2.2;2.9;0.4;-3.4;80.0;60.0;32.0;4.8;0.8;0.0;1022.35;1016.59;1019.47;0.0
2017-02-27;11.7;7.3;4.5;4.6;2.4;0.7;93.0;72.0;53.0;6.4;1.0;0.0;1018.29;1011.85;1015.0699999999999;2.03
2017-02-28;8.7;6.8;5.3;7.5;6.1;4.5;97.0;95.0;91.0;11.3;3.9;0.0;1011.51;997.97;1004.74;10.67
2017-03-01;15.6;10.5;5.6;5.3;-3.1;-7.2;97.0;40.0;21.0;16.1;5.2;0.0;1012.87;1000.0;1006.435;0.0
2017-03-02;14.9;9.6;4.5;5.7;2.6;-2.7;78.0;62.0;46.0;6.4;1.4;0.0;1017.27;1012.53;1014.9;0.0
2017-03-03;9.1;8.1;7.1;7.1;5.3;4.2;96.0;83.0;73.0;4.8;1.2;0.0;1019.3;1013.55;1016.425;2.54
2017-03-04;8.7;7.5;6.6;7.6;6.6;5.7;98.0;94.0;88.0;14.5;6.3;0.0;1013.55;1002.03;1007.79;14.48
2017-03-05;12.0;8.4;6.7;5.8;4.6;3.8;90.0;77.0;61.0;8.0;1.9;0.0;1009.14;1005.08;1007.11;0.0
2017-03-06;11.7;7.9;5.1;5.8;3.8;2.8;87.0;76.0;56.0;8.0;1.7;0.0;1007.11;998.98;1003.0450000000001;0.76
2017-03-07;13.6;10.5;5.4;3.1;-5.6;-9.4;81.0;34.0;20.0;20.9;11.3;1.6;1015.58;1000.68;1008.13;0.0
2017-03-08;14.9;10.6;5.9;-2.2;-5.2;-7.7;43.0;33.0;24.0;9.7;2.2;0.0;1021.0;1015.58;1018.29;0.0
2017-03-09;19.0;12.4;6.5;3.7;0.0;-3.9;59.0;43.0;33.0;4.8;1.2;0.0;1019.98;1014.22;1017.1;0.0
2017-03-10;19.9;15.7;10.4;3.0;-7.9;-17.3;59.0;24.0;7.0;20.9;9.8;0.0;1018.96;1013.88;1016.4200000000001;0.0
2017-03-11;15.0;10.8;7.6;-1.0;-4.0;-6.6;47.0;36.0;26.0;8.0;2.2;0.0;1020.66;1016.26;1018.46;0.0
2017-03-12;14.1;9.5;6.1;0.8;-1.7;-4.4;66.0;46.0;30.0;6.4;1.5;0.0;1017.27;1012.53;1014.9;0.0
2017-03-13;14.2;9.2;5.4;2.7;0.7;-1.9;69.0;56.0;41.0;4.8;1.1;0.0;1026.08;1016.59;1021.335;0.0
2017-03-14;16.6;11.6;6.0;4.9;2.7;0.8;70.0;55.0;42.0;6.4;0.9;0.0;1028.11;1024.72;1026.415;0.0
2017-03-15;16.6;12.7;8.8;5.6;4.1;2.8;68.0;56.0;44.0;6.4;1.2;0.0;1027.43;1024.72;1026.075;0.0
2017-03-16;17.9;12.8;8.7;6.7;5.1;3.2;71.0;60.0;46.0;6.4;1.1;0.0;1025.4;1019.64;1022.52;0.0
2017-03-17;19.7;14.0;9.7;7.7;6.4;4.9;81.0;62.0;42.0;6.4;1.6;0.0;1019.64;1012.19;1015.915;0.0
2017-03-18;19.5;13.5;8.8;10.3;8.3;6.6;87.0;72.0;48.0;14.5;4.2;0.0;1012.53;1006.1;1009.315;0.0
2017-03-19;19.6;13.5;9.7;12.3;9.6;7.7;87.0;78.0;56.0;9.7;3.5;0.0;1012.19;1007.45;1009.82;0.0
2017-03-20;16.6;12.6;8.8;10.3;9.1;7.1;91.0;79.0;66.0;4.8;0.7;0.0;1012.87;1010.84;1011.855;0.0
2017-03-21;13.9;12.6;11.7;10.9;10.0;9.3;89.0;84.0;81.0;6.4;1.7;0.0;1012.19;1009.14;1010.665;0.0
2017-03-22;12.9;10.8;9.6;11.3;10.0;9.3;98.0;95.0;90.0;11.3;4.2;0.0;1013.21;1009.14;1011.175;7.87
2017-03-23;13.0;11.0;10.0;10.7;9.6;8.4;97.0;91.0;77.0;9.7;4.0;0.0;1019.64;1013.21;1016.425;5.08
2017-03-24;14.5;11.8;9.6;11.3;9.3;8.1;93.0;85.0;75.0;9.7;2.1;0.0;1024.38;1019.64;1022.01;1.02
2017-03-25;19.6;14.3;8.9;11.8;9.8;7.8;95.0;76.0;54.0;8.0;1.8;0.0;1022.69;1015.58;1019.135;3.3
2017-03-26;14.1;9.9;7.4;10.8;7.7;6.5;96.0;87.0;65.0;6.4;2.4;0.0;1022.35;1014.9;1018.625;17.53
2017-03-27;15.0;10.4;7.5;6.6;2.8;-0.2;92.0;61.0;41.0;8.0;1.8;0.0;1026.08;1022.35;1024.215;0.0
2017-03-28;19.4;12.9;6.6;6.8;4.1;2.1;77.0;57.0;32.0;4.8;1.3;0.0;1024.04;1021.67;1022.855;0.0
2017-03-29;22.2;16.1;11.1;7.9;5.0;3.3;63.0;49.0;29.0;6.4;1.3;0.0;1024.72;1021.0;1022.86;0.0
2017-03-30;23.1;18.1;13.9;8.7;5.8;3.9;58.0;45.0;33.0;6.4;1.1;0.0;1025.06;1022.01;1023.535;0.0
2017-03-31;22.4;18.2;13.6;9.1;7.2;6.2;61.0;49.0;37.0;6.4;1.2;0.0;1023.71;1016.93;1020.3199999999999;0.0
2017-04-01;19.9;14.9;10.8;9.9;6.7;2.5;93.0;61.0;32.0;8.0;2.3;0.0;1016.26;1011.51;1013.885;3.3
2017-04-02;14.4;15.25;10.15;9.2;7.0;2.9;75.0;34.0;32.0;1.6;0.0;0.0;1018.63;1017.95;1018.29;0.0
2017-04-03;22.8;15.6;9.5;10.9;7.3;3.3;93.0;62.0;28.0;8.0;1.5;0.0;1018.96;1014.22;1016.59;0.0
2017-04-04;21.4;17.0;11.9;8.1;5.4;2.8;67.0;47.0;34.0;11.3;2.5;0.0;1015.92;1013.21;1014.565;2.54
2017-04-05;16.9;13.0;9.2;9.2;8.3;6.2;91.0;74.0;55.0;12.9;3.2;0.0;1017.61;1014.56;1016.085;0.0
2017-04-06;20.9;14.1;8.6;9.0;7.2;5.9;90.0;66.0;39.0;6.4;2.0;0.0;1017.27;1012.87;1015.0699999999999;0.0
2017-04-07;18.1;13.4;10.3;9.8;8.4;6.8;84.0;73.0;57.0;6.4;1.6;0.0;1018.96;1015.58;1017.27;0.0
2017-04-08;21.6;15.2;9.1;10.3;8.3;6.8;88.0;65.0;41.0;4.8;1.1;0.0;1021.67;1018.63;1020.15;0.0
2017-04-09;22.2;17.0;12.4;11.4;9.7;7.4;75.0;63.0;48.0;6.4;1.3;0.0;1024.38;1020.66;1022.52;0.0
2017-04-10;23.6;18.1;13.1;11.9;9.4;4.6;76.0;58.0;34.0;17.7;2.4;0.0;1022.01;1014.9;1018.4549999999999;0.0
2017-04-11;23.1;17.4;12.1;11.6;9.8;7.3;77.0;62.0;43.0;8.0;2.2;0.0;1017.61;1012.53;1015.0699999999999;0.0
2017-04-12;20.9;16.7;12.6;10.9;9.8;8.6;77.0;65.0;49.0;6.4;2.8;0.0;1019.98;1012.87;1016.425;0.0
2017-04-13;23.4;17.3;11.7;12.8;10.9;8.8;85.0;67.0;43.0;9.7;2.7;0.0;1012.87;1007.11;1009.99;0.0
2017-04-14;22.0;16.3;10.7;11.8;10.4;8.6;88.0;69.0;49.0;6.4;1.7;0.0;1012.53;1009.48;1011.005;0.0
2017-04-15;20.9;15.8;12.4;12.0;10.5;8.7;87.0;72.0;53.0;8.0;2.7;0.0;1012.53;1008.81;1010.67;0.0
2017-04-16;23.1;16.9;10.2;10.9;4.1;-3.8;95.0;50.0;22.0;19.3;6.1;0.0;1012.87;1007.45;1010.1600000000001;0.0
2017-04-17;17.7;13.1;8.7;7.8;4.9;-4.8;91.0;61.0;26.0;19.3;3.3;0.0;1015.92;1010.16;1013.04;0.0
2017-04-18;14.5;10.9;7.7;7.2;-3.1;-15.4;78.0;44.0;13.0;30.6;10.1;0.0;1016.93;1007.79;1012.3599999999999;0.0
2017-04-19;13.2;9.5;6.5;-9.2;-11.3;-12.9;28.0;22.0;16.0;20.9;10.8;1.6;1021.0;1015.92;1018.46;0.0
2017-04-20;16.5;10.6;4.8;-7.4;-11.4;-23.6;32.0;22.0;5.0;16.1;5.4;0.0;1026.41;1019.64;1023.0250000000001;0.0
2017-04-21;16.3;10.8;5.4;-0.2;-5.3;-11.6;52.0;32.0;24.0;8.0;2.3;0.0;1028.45;1024.04;1026.245;0.0
2017-04-22;20.5;13.8;6.9;7.2;1.7;-3.9;72.0;45.0;26.0;8.0;2.1;0.0;1024.38;1013.55;1018.965;0.0
2017-04-23;20.9;14.8;10.1;10.1;8.4;6.6;87.0;68.0;41.0;8.0;3.1;0.0;1018.29;1013.55;1015.92;0.0
2017-04-24;14.8;12.5;10.9;9.0;7.8;5.1;82.0;73.0;64.0;8.0;2.6;0.0;1019.3;1015.58;1017.44;0.0
2017-04-25;14.7;12.7;10.8;11.3;10.1;8.5;96.0;85.0;74.0;8.0;2.2;0.0;1015.24;1007.45;1011.345;1.27
2017-04-26;12.7;10.6;9.4;9.9;9.3;8.3;98.0;92.0;75.0;11.3;3.9;0.0;1008.47;1005.42;1006.9449999999999;53.09
2017-04-27;13.3;10.9;9.6;12.0;10.3;9.3;98.0;97.0;91.0;4.8;0.9;0.0;1007.45;1003.05;1005.25;27.94
2017-04-28;14.7;10.5;5.2;9.6;1.9;-4.8;98.0;62.0;27.0;19.3;8.7;0.0;1011.51;999.66;1005.585;4.32
2017-04-29;16.8;11.9;5.6;2.8;-0.6;-4.2;63.0;43.0;31.0;8.0;2.3;0.0;1016.59;1011.51;1014.05;0.0
2017-04-30;17.3;12.8;8.3;5.5;3.6;2.0;73.0;55.0;37.0;6.4;1.8;0.0;1016.26;1011.51;1013.885;0.0
2017-05-01;11.6;9.1;6.7;6.8;5.3;4.0;95.0;78.0;60.0;12.9;4.2;0.0;1013.88;1009.14;1011.51;18.29
2017-05-02;17.6;9.7;3.8;8.1;4.9;1.3;98.0;76.0;35.0;11.3;3.0;0.0;1016.93;1013.88;1015.405;21.08
2017-05-03;14.4;10.2;7.5;9.6;8.4;7.2;98.0;89.0;68.0;8.0;2.0;0.0;1018.29;1016.26;1017.275;12.45
2017-05-04;15.1;10.9;8.7;9.5;8.6;7.3;97.0;87.0;63.0;8.0;1.2;0.0;1016.93;1013.21;1015.0699999999999;2.29
2017-05-05;20.5;13.8;7.0;10.8;8.5;6.4;98.0;74.0;45.0;6.4;1.6;0.0;1015.92;1014.22;1015.0699999999999;0.0
2017-05-06;14.8;12.6;9.7;11.1;9.1;7.0;95.0;80.0;67.0;11.3;2.2;0.0;1015.92;1009.14;1012.53;9.91
2017-05-07;17.3;12.0;8.7;12.6;10.0;8.2;98.0;89.0;66.0;4.8;1.3;0.0;1011.51;1008.47;1009.99;0.0
2017-05-08;21.8;15.9;10.6;12.1;9.4;4.4;93.0;68.0;43.0;11.3;2.6;0.0;1010.84;1007.45;1009.145;1.52
2017-05-09;20.7;15.5;11.2;11.7;9.4;6.6;87.0;68.0;41.0;12.9;3.7;0.0;1009.82;1006.77;1008.2950000000001;0.0
2017-05-10;17.7;14.2;11.5;11.2;9.9;8.6;87.0;76.0;62.0;9.7;3.1;0.0;1011.18;1009.14;1010.16;0.0
2017-05-11;15.1;13.1;11.1;12.3;11.0;9.8;98.0;88.0;74.0;17.7;3.2;0.0;1010.5;1002.71;1006.605;48.26
2017-05-12;20.3;14.7;11.7;15.8;12.9;10.7;99.0;90.0;63.0;17.7;2.1;0.0;1008.47;1004.06;1006.265;14.22
2017-05-13;23.4;17.0;11.1;14.7;12.2;9.5;97.0;76.0;52.0;6.4;2.1;0.0;1015.92;1008.13;1012.025;4.32
2017-05-14;23.4;17.8;13.5;15.8;13.9;12.2;93.0;79.0;57.0;9.7;1.6;0.0;1021.0;1015.92;1018.46;2.54
2017-05-15;24.3;19.5;13.0;14.8;12.3;9.5;93.0;65.0;47.0;8.0;2.3;0.0;1026.41;1020.66;1023.5350000000001;0.0
2017-05-16;26.1;20.7;15.3;12.9;11.7;10.4;77.0;58.0;41.0;6.4;1.7;0.0;1026.75;1022.69;1024.72;0.0
2017-05-17;26.9;22.1;17.3;14.1;12.3;9.4;66.0;55.0;36.0;6.4;1.9;0.0;1024.04;1016.93;1020.4849999999999;0.0
2017-05-18;24.2;21.1;17.3;13.9;12.3;10.8;69.0;58.0;45.0;8.0;2.5;0.0;1017.61;1012.87;1015.24;0.0
2017-05-19;20.1;16.2;10.8;14.9;12.5;9.9;98.0;80.0;60.0;17.7;4.5;0.0;1013.21;1010.16;1011.685;38.86
2017-05-20;23.9;16.9;11.4;11.8;9.6;7.4;86.0;65.0;37.0;9.7;2.2;0.0;1017.27;1012.87;1015.0699999999999;0.0
2017-05-21;25.5;19.2;12.3;11.0;7.7;4.4;85.0;51.0;26.0;6.4;1.4;0.0;1019.64;1017.27;1018.4549999999999;0.0
2017-05-22;26.4;21.8;16.3;11.6;8.8;6.3;55.0;44.0;31.0;6.4;1.4;0.0;1018.63;1013.21;1015.9200000000001;0.0
2017-05-23;28.4;22.5;16.1;13.8;11.7;9.2;68.0;52.0;36.0;9.7;2.5;0.0;1016.26;1013.21;1014.735;0.0
2017-05-24;30.6;24.8;18.3;15.2;9.9;5.8;56.0;40.0;25.0;19.3;4.5;0.0;1015.92;1011.51;1013.7149999999999;0.0
2017-05-25;25.2;21.6;17.2;15.3;13.2;6.0;87.0;61.0;31.0;20.9;5.6;0.0;1016.26;1011.18;1013.72;0.0
2017-05-26;25.4;20.8;17.3;13.7;11.8;9.8;73.0;57.0;45.0;8.0;2.5;0.0;1017.95;1014.56;1016.255;0.0
2017-05-27;27.4;22.1;16.4;13.5;12.1;8.5;73.0;54.0;40.0;8.0;1.8;0.0;1019.3;1016.59;1017.9449999999999;0.0
2017-05-28;29.4;24.4;19.7;14.9;13.7;12.3;63.0;52.0;39.0;6.4;1.4;0.0;1020.32;1016.26;1018.29;0.0
2017-05-29;29.6;24.7;19.3;15.8;13.9;11.7;63.0;52.0;41.0;4.8;1.6;0.0;1017.95;1012.53;1015.24;0.0
2017-05-30;30.6;24.9;18.9;15.6;14.4;12.8;75.0;54.0;35.0;6.4;1.4;0.0;1014.9;1012.53;1013.7149999999999;0.0
2017-05-31;29.3;24.1;19.4;14.3;12.3;10.6;62.0;48.0;36.0;6.4;3.3;0.0;1017.95;1015.24;1016.595;0.0
2017-06-01;28.7;23.7;19.1;14.7;12.5;10.3;62.0;50.0;36.0;8.0;2.4;0.0;1017.95;1014.9;1016.425;0.0
2017-06-02;29.2;23.7;18.3;14.2;12.4;10.9;67.0;50.0;34.0;6.4;1.9;0.0;1016.93;1012.87;1014.9;0.0
2017-06-03;29.7;23.1;16.6;17.3;14.4;11.6;82.0;60.0;35.0;11.3;2.0;0.0;1014.22;1009.82;1012.02;0.76
2017-06-04;27.5;21.4;16.3;18.0;16.3;14.7;97.0;74.0;52.0;8.0;1.8;0.0;1011.18;1008.13;1009.655;12.19
2017-06-05;22.0;18.7;15.7;17.4;15.5;12.9;97.0;83.0;69.0;16.1;4.0;0.0;1011.51;1009.48;1010.495;29.72
2017-06-06;21.2;17.1;13.4;17.6;15.1;12.3;98.0;88.0;73.0;19.3;3.2;0.0;1010.16;1003.73;1006.9449999999999;22.1
2017-06-07;25.9;19.7;12.9;13.3;7.8;-1.4;94.0;52.0;23.0;9.7;2.5;0.0;1015.24;1007.79;1011.515;0.0
2017-06-08;24.0;19.1;13.3;12.6;9.6;-4.6;83.0;56.0;19.0;11.3;3.4;0.0;1021.0;1015.58;1018.29;0.0
2017-06-09;25.6;20.9;15.7;13.9;12.5;11.1;74.0;59.0;45.0;6.4;1.1;0.0;1017.61;1013.55;1015.5799999999999;0.0
2017-06-10;29.1;23.2;17.4;16.6;14.7;12.7;76.0;60.0;40.0;6.4;1.5;0.0;1016.59;1013.21;1014.9000000000001;0.0
2017-06-11;28.8;24.4;19.3;16.4;15.2;13.9;73.0;57.0;42.0;6.4;1.8;0.0;1018.29;1014.22;1016.255;0.0
2017-06-12;31.3;25.8;20.2;18.9;16.0;13.4;70.0;55.0;44.0;6.4;1.2;0.0;1015.92;1011.18;1013.55;0.0
2017-06-13;32.2;26.4;20.4;19.5;17.0;14.3;81.0;58.0;41.0;6.4;1.9;0.0;1013.21;1009.82;1011.5150000000001;0.0
2017-06-14;30.0;25.1;20.2;20.8;17.9;15.6;91.0;65.0;50.0;6.4;2.0;0.0;1013.55;1010.16;1011.855;0.0
2017-06-15;29.8;23.4;19.2;20.6;19.4;18.4;97.0;80.0;55.0;4.8;1.8;0.0;1015.58;1012.53;1014.0550000000001;0.51
2017-06-16;32.6;26.5;21.3;20.3;16.3;9.6;84.0;58.0;29.0;17.7;4.3;0.0;1015.24;1010.5;1012.87;0.0
2017-06-17;32.2;27.6;22.2;13.8;7.3;4.0;54.0;28.0;19.0;20.9;7.0;0.0;1014.9;1010.5;1012.7;0.0
2017-06-18;27.6;23.4;20.2;15.4;12.6;10.1;66.0;51.0;39.0;11.3;4.1;0.0;1020.32;1014.9;1017.61;0.0
2017-06-19;29.8;24.5;18.9;14.6;12.4;10.6;62.0;48.0;34.0;8.0;1.5;0.0;1021.67;1017.27;1019.47;0.0
2017-06-20;31.9;26.7;21.1;17.1;14.8;11.4;63.0;49.0;38.0;9.7;1.9;0.0;1018.63;1013.21;1015.9200000000001;0.0
2017-06-21;32.6;26.7;20.2;18.5;15.3;11.4;65.0;50.0;39.0;8.0;2.1;0.0;1014.56;1011.18;1012.8699999999999;0.0
2017-06-22;33.4;27.8;22.7;19.8;18.6;17.5;73.0;59.0;40.0;6.4;2.4;0.0;1014.9;1012.19;1013.5450000000001;0.0
2017-06-23;33.6;27.5;20.8;22.4;19.8;17.6;86.0;64.0;46.0;9.7;3.5;0.0;1014.9;1010.84;1012.87;0.0
2017-06-24;33.3;27.1;20.7;22.6;20.6;18.6;88.0;69.0;50.0;6.4;1.7;0.0;1013.88;1009.82;1011.85;0.0
2017-06-25;30.1;24.5;17.2;21.0;19.0;15.6;94.0;73.0;54.0;27.4;3.8;0.0;1012.19;1007.45;1009.82;9.4
2017-06-26;29.4;23.5;17.6;20.7;18.6;16.7;97.0;75.0;53.0;11.3;3.0;0.0;1012.87;1009.14;1011.005;53.59
2017-06-27;27.2;22.1;17.3;19.2;17.2;15.4;97.0;75.0;50.0;14.5;3.4;0.0;1011.18;1004.74;1007.96;6.35
2017-06-28;24.4;19.1;15.7;19.2;16.5;13.9;98.0;86.0;64.0;17.7;5.5;0.0;1005.42;997.29;1001.355;49.02
2017-06-29;24.4;17.3;15.0;16.7;14.9;13.9;97.0;87.0;56.0;14.5;2.4;0.0;1003.73;997.63;1000.6800000000001;37.08
2017-06-30;23.7;18.2;14.7;15.0;12.4;9.7;92.0;70.0;50.0;14.5;3.1;0.0;1009.14;1003.73;1006.435;1.27
2017-07-01;24.4;18.5;13.6;16.8;12.5;9.1;97.0;69.0;51.0;17.7;2.5;0.0;1012.87;1009.14;1011.005;23.88
2017-07-02;28.2;21.5;13.9;15.1;13.2;11.6;86.0;61.0;41.0;6.4;1.8;0.0;1014.56;1012.19;1013.375;0.0
2017-07-03;30.2;25.1;19.3;15.4;12.3;8.9;65.0;46.0;29.0;6.4;1.5;0.0;1017.27;1014.22;1015.745;0.0
2017-07-04;28.9;24.2;19.7;17.6;15.2;12.2;71.0;58.0;47.0;8.0;1.8;0.0;1019.3;1016.26;1017.78;0.0
2017-07-05;30.7;25.7;20.7;18.6;17.1;15.2;74.0;60.0;43.0;6.4;1.7;0.0;1018.29;1014.56;1016.425;0.0
2017-07-06;32.3;26.9;20.3;20.3;18.6;16.6;85.0;62.0;44.0;4.8;1.3;0.0;1017.61;1014.9;1016.255;0.0
2017-07-07;33.3;27.5;20.6;19.8;17.6;13.2;77.0;56.0;40.0;8.0;1.8;0.0;1016.93;1012.19;1014.56;0.0
2017-07-08;34.2;28.4;22.8;21.2;18.3;13.1;77.0;56.0;38.0;14.5;3.1;0.0;1014.9;1011.51;1013.2049999999999;0.0
2017-07-09;30.9;26.6;23.3;20.7;18.2;14.0;77.0;61.0;44.0;11.3;1.9;0.0;1013.55;1008.47;1011.01;0.25
2017-07-10;29.8;24.9;20.3;20.1;18.7;17.1;91.0;70.0;49.0;8.0;1.8;0.0;1010.84;1007.79;1009.315;1.78
2017-07-11;27.4;22.8;18.5;20.0;18.4;16.8;96.0;77.0;56.0;6.4;1.5;0.0;1012.53;1010.16;1011.345;0.0
2017-07-12;29.6;24.1;18.8;19.6;18.4;17.5;92.0;72.0;50.0;8.0;2.5;0.0;1013.21;1009.82;1011.5150000000001;0.0
2017-07-13;31.8;26.7;20.8;20.2;16.6;12.3;77.0;56.0;37.0;11.3;2.4;0.0;1011.85;1008.81;1010.3299999999999;0.0
2017-07-14;26.1;21.9;16.7;19.7;18.3;15.7;99.0;81.0;61.0;35.4;3.3;0.0;1012.53;1009.48;1011.005;49.02
2017-07-15;29.6;23.5;19.0;17.8;12.1;4.8;89.0;55.0;23.0;9.7;2.3;0.0;1016.26;1011.85;1014.0550000000001;0.0
2017-07-16;26.3;22.4;18.8;13.9;12.5;6.4;65.0;54.0;36.0;9.7;2.4;0.0;1020.66;1016.59;1018.625;0.0
2017-07-17;28.3;23.6;19.2;13.9;10.9;6.9;60.0;45.0;34.0;6.4;1.2;0.0;1021.33;1017.27;1019.3;0.0
2017-07-18;30.1;25.2;20.3;15.5;13.3;11.9;63.0;48.0;36.0;4.8;1.4;0.0;1018.96;1014.9;1016.9300000000001;0.0
2017-07-19;31.1;26.1;21.6;17.0;14.3;10.8;59.0;49.0;39.0;6.4;1.5;0.0;1016.26;1012.19;1014.225;0.0
2017-07-20;29.6;25.0;21.9;19.0;15.1;10.6;71.0;55.0;47.0;4.8;1.3;0.0;1013.21;1008.81;1011.01;0.0
2017-07-21;30.0;24.5;17.3;19.5;17.1;14.9;96.0;65.0;42.0;8.0;2.3;0.0;1012.53;1008.81;1010.67;39.37
2017-07-22;30.2;24.5;18.2;19.5;17.7;15.9;92.0;67.0;47.0;6.4;1.8;0.0;1012.87;1010.16;1011.515;0.0
2017-07-23;30.7;25.6;20.2;19.4;18.0;16.1;84.0;64.0;43.0;8.0;2.1;0.0;1013.21;1009.14;1011.175;0.0
2017-07-24;25.3;22.1;17.1;19.2;16.7;5.9;94.0;73.0;35.0;9.7;2.4;0.0;1008.81;1001.02;1004.915;12.45
2017-07-25;27.4;23.4;18.7;13.4;7.2;4.2;54.0;36.0;27.0;17.7;6.8;0.0;1004.06;1001.69;1002.875;0.0
2017-07-26;26.9;22.2;16.3;11.4;8.6;4.0;72.0;44.0;30.0;19.3;7.6;0.0;1006.43;1003.73;1005.0799999999999;0.0
2017-07-27;27.6;23.4;17.6;12.8;8.3;3.3;54.0;39.0;29.0;17.7;3.2;0.0;1009.82;1006.43;1008.125;0.0
2017-07-28;29.9;24.2;17.2;18.2;15.8;11.9;82.0;61.0;44.0;4.8;1.3;0.0;1012.53;1008.47;1010.5;0.0
2017-07-29;30.6;24.9;20.7;19.5;17.8;16.3;83.0;66.0;50.0;9.7;1.5;0.0;1016.26;1012.53;1014.395;0.0
2017-07-30;29.9;23.3;18.4;20.1;18.5;17.1;95.0;77.0;51.0;12.9;2.2;0.0;1015.58;1011.18;1013.38;2.29
2017-07-31;31.1;25.5;18.7;19.9;17.9;14.4;88.0;64.0;49.0;6.4;1.4;0.0;1017.27;1014.9;1016.085;0.0
2017-08-01;34.3;28.6;23.5;21.3;19.8;17.9;75.0;60.0;42.0;6.4;1.3;0.0;1017.61;1014.22;1015.915;0.0
2017-08-02;35.7;30.1;25.2;22.4;19.9;17.4;71.0;56.0;36.0;4.8;1.2;0.0;1016.93;1013.55;1015.24;0.0
2017-08-03;35.0;29.4;24.6;21.6;19.4;17.0;68.0;56.0;39.0;6.4;1.2;0.0;1015.58;1010.84;1013.21;0.0
2017-08-04;35.4;29.8;24.2;21.0;19.1;15.4;71.0;53.0;40.0;6.4;1.6;0.0;1011.18;1007.79;1009.4849999999999;0.0
2017-08-05;35.1;29.9;24.7;21.2;19.0;15.1;69.0;53.0;41.0;4.8;1.4;0.0;1011.18;1007.79;1009.4849999999999;0.0
2017-08-06;30.4;26.4;17.9;21.9;17.8;11.2;95.0;60.0;42.0;16.1;3.6;0.0;1012.19;1008.47;1010.33;25.91
2017-08-07;28.3;24.1;20.3;17.0;14.4;10.0;67.0;55.0;43.0;6.4;1.5;0.0;1016.59;1012.19;1014.3900000000001;0.0
2017-08-08;27.8;23.8;18.2;18.4;16.3;14.6;93.0;64.0;52.0;16.1;4.3;0.0;1014.22;1008.47;1011.345;1.52
2017-08-09;27.7;23.7;20.9;20.2;18.1;16.6;80.0;71.0;61.0;12.9;3.5;0.0;1012.53;1009.14;1010.835;0.0
2017-08-10;27.8;23.2;19.4;19.2;16.5;13.9;82.0;67.0;46.0;11.3;1.8;0.0;1011.51;1008.47;1009.99;0.0
2017-08-11;22.4;18.1;14.3;15.7;12.9;9.3;86.0;72.0;52.0;11.3;4.1;0.0;1012.19;1007.79;1009.99;4.32
2017-08-12;27.5;21.1;13.2;14.3;10.0;6.7;87.0;53.0;29.0;12.9;3.3;0.0;1014.9;1011.51;1013.2049999999999;0.0
2017-08-13;28.5;23.6;18.8;13.8;10.5;6.7;61.0;44.0;33.0;4.8;1.0;0.0;1017.27;1014.9;1016.085;0.0
2017-08-14;30.0;24.5;19.6;14.7;12.8;11.1;64.0;49.0;35.0;8.0;1.4;0.0;1019.3;1017.27;1018.285;0.0
2017-08-15;30.5;25.4;18.8;16.1;14.4;12.7;73.0;52.0;37.0;6.4;1.5;0.0;1019.64;1016.26;1017.95;0.0
2017-08-16;31.6;25.9;20.4;17.4;15.8;14.1;73.0;55.0;36.0;6.4;1.1;0.0;1017.61;1014.56;1016.085;0.0
2017-08-17;32.2;26.9;21.1;18.7;17.2;15.9;77.0;57.0;41.0;4.8;1.0;0.0;1017.61;1014.22;1015.915;0.0
2017-08-18;32.6;27.0;21.1;19.3;17.3;15.8;88.0;57.0;40.0;14.5;2.4;0.0;1016.26;1010.5;1013.38;2.03
2017-08-19;29.7;24.3;19.6;19.9;17.0;10.1;94.0;66.0;43.0;14.5;3.8;0.0;1012.19;1008.81;1010.5;1.27
2017-08-20;28.0;21.8;16.3;14.6;11.9;7.7;81.0;56.0;29.0;6.4;1.8;0.0;1018.29;1011.85;1015.0699999999999;0.0
2017-08-21;26.8;22.0;17.8;12.9;11.4;9.1;68.0;52.0;39.0;8.0;1.8;0.0;1019.64;1015.92;1017.78;0.0
2017-08-22;26.9;22.2;18.0;13.2;10.5;7.0;61.0;48.0;37.0;6.4;1.7;0.0;1019.64;1014.56;1017.0999999999999;0.0
2017-08-23;28.4;23.3;19.0;15.4;13.7;11.6;65.0;56.0;43.0;6.4;1.2;0.0;1016.59;1014.22;1015.405;0.0
2017-08-24;30.6;24.6;18.8;17.1;15.6;13.8;81.0;59.0;41.0;4.8;1.3;0.0;1017.95;1015.92;1016.935;0.0
2017-08-25;30.8;25.3;20.4;18.3;17.4;16.5;81.0;63.0;44.0;6.4;1.7;0.0;1018.96;1015.58;1017.27;0.0
2017-08-26;31.3;26.6;21.7;19.9;18.3;16.8;77.0;61.0;47.0;8.0;2.0;0.0;1017.61;1013.55;1015.5799999999999;0.0
2017-08-27;33.8;27.9;22.8;18.8;17.7;15.9;70.0;55.0;36.0;8.0;2.2;0.0;1015.58;1011.18;1013.38;0.0
2017-08-28;32.1;27.0;23.6;19.4;18.4;17.1;72.0;60.0;44.0;6.4;1.2;0.0;1013.88;1010.5;1012.19;0.0
2017-08-29;29.9;25.0;20.3;18.4;15.4;14.1;70.0;56.0;41.0;9.7;2.4;0.0;1015.58;1012.87;1014.225;0.0
2017-08-30;31.0;25.7;20.6;17.3;14.9;12.1;68.0;52.0;40.0;4.8;1.2;0.0;1015.58;1011.85;1013.715;0.0
2017-08-31;28.3;24.5;21.0;18.0;16.6;15.1;75.0;62.0;45.0;9.7;2.4;0.0;1014.22;1011.18;1012.7;0.0
2017-09-01;24.6;20.9;16.1;17.4;15.5;11.6;89.0;72.0;47.0;14.5;6.1;0.0;1011.18;1007.11;1009.145;7.62
2017-09-02;17.4;14.7;12.4;12.8;11.0;5.6;93.0;79.0;49.0;17.7;5.5;0.0;1009.82;1006.43;1008.125;14.48
2017-09-03;23.6;17.4;11.9;12.0;9.8;6.4;93.0;64.0;38.0;6.4;1.6;0.0;1012.19;1009.14;1010.665;0.0
2017-09-04;24.1;19.3;14.3;11.8;9.6;7.1;74.0;54.0;41.0;6.4;1.3;0.0;1017.27;1012.19;1014.73;0.0
2017-09-05;25.6;20.6;15.2;14.7;13.0;10.9;79.0;62.0;49.0;8.0;1.4;0.0;1019.64;1016.26;1017.95;0.0
2017-09-06;26.3;21.6;17.2;16.1;14.6;12.5;79.0;65.0;51.0;6.4;0.9;0.0;1017.95;1012.19;1015.07;0.0
2017-09-07;27.4;21.3;15.8;17.1;15.3;12.9;96.0;71.0;41.0;12.9;2.0;0.0;1012.87;1007.45;1010.1600000000001;18.29
2017-09-08;23.4;18.7;14.4;15.5;14.2;12.8;96.0;77.0;55.0;6.4;1.6;0.0;1012.87;1008.81;1010.8399999999999;0.0
2017-09-09;21.8;17.6;14.6;16.2;15.0;13.9;97.0;85.0;64.0;11.3;4.1;0.0;1008.81;998.98;1003.895;23.88
2017-09-10;14.9;13.5;11.6;14.4;12.6;10.8;97.0;94.0;89.0;12.9;6.6;0.0;1004.06;998.31;1001.185;87.12
2017-09-11;23.0;17.4;14.1;17.0;14.6;12.3;97.0;85.0;65.0;6.4;1.7;0.0;1003.73;998.98;1001.355;2.29
2017-09-12;24.6;18.4;14.1;15.7;11.5;4.8;96.0;69.0;29.0;12.9;3.3;0.0;1014.22;1000.68;1007.45;0.0
2017-09-13;22.1;17.0;12.1;13.2;11.8;10.0;92.0;73.0;54.0;6.4;1.4;0.0;1018.96;1014.22;1016.59;0.0
2017-09-14;18.2;16.7;13.8;15.3;13.6;5.1;97.0;82.0;51.0;8.0;1.7;0.0;1016.93;1007.45;1012.19;4.32
2017-09-15;18.6;15.0;11.8;13.7;7.8;-0.2;95.0;64.0;35.0;8.0;1.8;0.0;1012.19;1008.81;1010.5;24.13
2017-09-16;18.8;14.0;10.3;13.1;11.1;8.4;97.0;84.0;60.0;17.7;2.4;0.0;1011.18;1007.45;1009.315;38.61
2017-09-17;20.4;13.8;10.1;11.9;9.7;7.6;97.0;78.0;50.0;17.7;2.9;0.0;1013.21;1008.81;1011.01;12.7
2017-09-18;16.8;13.1;9.3;11.6;10.1;8.6;96.0;83.0;66.0;8.0;0.9;0.0;1014.9;1012.19;1013.5450000000001;2.54
2017-09-19;19.7;14.1;9.6;11.5;8.2;1.9;94.0;71.0;32.0;9.7;2.7;0.0;1013.21;1009.48;1011.345;0.0
2017-09-20;21.9;15.8;9.2;10.6;6.6;0.2;90.0;58.0;24.0;6.4;1.9;0.0;1016.59;1012.53;1014.56;0.0
2017-09-21;21.2;16.6;12.6;8.3;5.4;2.2;65.0;48.0;38.0;4.8;1.4;0.0;1018.63;1016.59;1017.61;0.0
2017-09-22;21.7;16.4;10.8;12.2;9.9;7.1;83.0;66.0;52.0;4.8;1.2;0.0;1021.0;1017.61;1019.3050000000001;0.0
2017-09-23;21.9;17.1;12.4;14.4;12.4;10.5;88.0;75.0;58.0;4.8;1.1;0.0;1021.0;1017.61;1019.3050000000001;0.0
2017-09-24;22.2;17.3;13.6;15.0;13.3;11.2;95.0;78.0;61.0;9.7;2.7;0.0;1019.3;1015.58;1017.44;4.57
2017-09-25;20.4;16.2;12.6;12.1;11.1;10.2;88.0;73.0;53.0;4.8;1.3;0.0;1020.32;1017.61;1018.965;0.0
2017-09-26;20.9;16.4;11.7;12.1;11.1;9.8;89.0;72.0;54.0;6.4;0.8;0.0;1022.01;1019.3;1020.655;0.0
2017-09-27;22.8;17.8;13.9;13.1;11.5;10.7;83.0;68.0;48.0;4.8;0.8;0.0;1024.04;1021.67;1022.855;0.0
2017-09-28;21.7;17.8;13.6;14.3;12.6;10.9;84.0;72.0;61.0;4.8;0.9;0.0;1025.4;1023.03;1024.2150000000001;0.0
2017-09-29;19.9;16.5;14.1;12.7;11.4;10.2;84.0;72.0;59.0;4.8;0.7;0.0;1025.06;1021.0;1023.03;0.0
2017-09-30;17.2;15.7;14.7;11.3;10.3;9.2;77.0;70.0;65.0;6.4;1.1;0.0;1022.35;1017.61;1019.98;0.0
2017-10-01;14.9;13.7;12.0;11.4;10.3;8.8;90.0;80.0;73.0;4.8;0.5;0.0;1023.03;1018.29;1020.66;0.25
2017-10-02;18.4;14.7;11.7;12.5;11.1;9.6;92.0;80.0;59.0;4.8;0.6;0.0;1023.71;1021.33;1022.52;0.0
2017-10-03;19.6;15.3;12.7;13.8;12.3;10.9;92.0;83.0;66.0;4.8;0.5;0.0;1021.67;1017.27;1019.47;0.0
2017-10-04;19.1;15.3;12.3;14.1;12.6;11.2;95.0;85.0;69.0;3.2;0.6;0.0;1025.4;1021.67;1023.5350000000001;0.0
2017-10-05;21.1;16.4;11.9;14.4;12.6;10.6;93.0;79.0;63.0;9.7;2.5;0.0;1022.01;1009.82;1015.915;0.0
2017-10-06;21.4;16.5;12.1;13.4;5.8;-5.0;93.0;58.0;20.0;24.1;7.3;0.0;1016.59;1006.1;1011.345;0.0
2017-10-07;21.2;14.9;9.2;9.6;3.3;-0.4;88.0;48.0;27.0;6.4;2.0;0.0;1019.64;1016.26;1017.95;0.0
2017-10-08;21.2;15.8;12.0;9.1;6.1;2.6;72.0;53.0;42.0;6.4;1.6;0.0;1016.93;1012.19;1014.56;0.0
2017-10-09;20.2;15.3;11.3;10.4;9.1;8.1;84.0;68.0;50.0;4.8;0.7;0.0;1017.27;1015.24;1016.255;0.0
2017-10-10;20.4;15.7;12.2;11.3;9.5;8.2;78.0;67.0;50.0;6.4;0.9;0.0;1020.66;1016.26;1018.46;0.0
2017-10-11;19.8;15.7;13.0;12.8;10.9;8.8;82.0;73.0;58.0;3.2;0.6;0.0;1022.69;1020.66;1021.675;0.0
2017-10-12;21.1;16.2;11.4;12.8;11.4;9.7;91.0;74.0;56.0;4.8;0.8;0.0;1025.06;1021.67;1023.365;0.0
2017-10-13;21.1;16.3;12.0;13.8;11.9;10.1;89.0;76.0;60.0;4.8;0.8;0.0;1026.75;1024.04;1025.395;0.0
2017-10-14;22.3;17.2;13.4;14.1;12.6;11.0;86.0;75.0;58.0;4.8;0.7;0.0;1027.77;1025.4;1026.585;0.0
2017-10-15;22.9;17.9;13.7;14.2;12.7;11.1;85.0;72.0;56.0;4.8;0.9;0.0;1028.11;1025.4;1026.755;0.0
2017-10-16;23.7;18.2;14.1;14.0;12.7;11.7;88.0;72.0;52.0;4.8;0.6;0.0;1027.09;1024.72;1025.905;0.0
2017-10-17;22.2;17.1;13.6;14.1;12.3;11.1;86.0;74.0;53.0;3.2;0.5;0.0;1025.74;1021.33;1023.5350000000001;0.0
2017-10-18;20.0;15.9;12.9;12.1;11.2;10.1;84.0;74.0;58.0;4.8;0.6;0.0;1021.33;1016.26;1018.7950000000001;0.0
2017-10-19;16.8;13.5;10.7;12.7;10.9;8.9;97.0;85.0;73.0;4.8;0.7;0.0;1018.63;1016.26;1017.4449999999999;0.0
2017-10-20;15.6;11.9;10.2;12.1;10.9;9.9;98.0;94.0;79.0;3.2;0.8;0.0;1021.0;1018.29;1019.645;0.0
2017-10-21;15.6;12.8;11.3;12.1;11.2;10.3;97.0;90.0;79.0;4.8;0.5;0.0;1021.0;1017.61;1019.3050000000001;4.32
2017-10-22;17.4;13.5;11.6;13.3;8.5;-2.7;98.0;78.0;31.0;12.9;3.0;0.0;1017.61;1007.79;1012.7;7.87
2017-10-23;18.9;14.5;7.6;6.6;-0.4;-2.9;89.0;39.0;25.0;20.9;10.3;0.0;1016.26;1011.85;1014.0550000000001;0.0
2017-10-24;20.7;15.4;9.3;6.3;2.0;-1.8;58.0;41.0;30.0;8.0;2.3;0.0;1022.01;1016.59;1019.3;0.0
2017-10-25;18.7;15.3;12.1;6.3;4.0;1.2;60.0;47.0;39.0;4.8;0.7;0.0;1026.08;1022.01;1024.045;0.0
2017-10-26;18.4;14.5;10.0;9.3;7.2;5.1;72.0;62.0;53.0;3.2;0.6;0.0;1026.08;1022.35;1024.215;0.0
2017-10-27;22.8;15.7;11.8;9.9;6.4;-1.8;79.0;57.0;26.0;20.9;4.1;0.0;1022.35;1012.19;1017.27;0.0
2017-10-28;16.7;13.2;10.3;8.6;4.9;-5.3;79.0;59.0;22.0;14.5;3.1;0.0;1020.66;1012.87;1016.765;0.0
2017-10-29;21.4;16.5;10.5;4.7;0.2;-6.7;50.0;34.0;19.0;20.9;7.2;0.0;1012.87;1000.68;1006.775;0.0
2017-10-30;17.8;13.2;9.9;8.8;7.1;0.8;82.0;68.0;32.0;19.3;2.0;0.0;1021.0;1006.1;1013.55;0.0
2017-10-31;15.4;12.0;9.9;7.9;6.6;5.3;84.0;70.0;55.0;4.8;0.7;0.0;1024.38;1021.0;1022.69;0.0
2017-11-01;14.8;11.1;8.2;7.7;6.4;4.9;85.0;73.0;60.0;4.8;0.7;0.0;1024.72;1021.67;1023.1949999999999;0.0
2017-11-02;14.9;10.9;7.6;9.2;7.5;5.3;88.0;80.0;65.0;6.4;0.7;0.0;1022.69;1016.26;1019.475;0.0
2017-11-03;16.7;12.4;9.1;9.6;8.2;6.7;86.0;76.0;60.0;4.8;0.8;0.0;1018.63;1014.56;1016.595;0.0
2017-11-04;12.9;11.7;10.6;9.4;8.8;8.1;90.0;83.0;77.0;3.2;0.3;0.0;1018.63;1015.58;1017.105;0.0
2017-11-05;11.4;9.7;5.7;11.1;9.1;5.2;98.0;97.0;86.0;17.7;7.3;0.0;1015.58;1003.39;1009.485;77.22
2017-11-06;11.5;7.5;5.7;7.7;6.1;4.4;98.0;91.0;73.0;16.1;2.5;0.0;1012.87;1003.39;1008.13;7.87
2017-11-07;10.3;8.0;6.0;7.2;5.5;2.9;95.0;85.0;68.0;4.8;1.0;0.0;1014.56;1010.5;1012.53;0.25
2017-11-08;11.2;8.6;7.1;8.5;7.2;6.2;96.0;91.0;78.0;6.4;1.3;0.0;1017.27;1014.22;1015.745;2.79
2017-11-09;9.5;8.5;7.9;8.6;7.5;6.9;96.0;93.0;88.0;4.8;0.3;0.0;1022.69;1017.27;1019.98;4.32
2017-11-10;12.4;8.8;5.0;8.1;6.6;4.4;97.0;87.0;71.0;4.8;0.9;0.0;1022.69;1016.26;1019.475;0.0
2017-11-11;12.0;7.8;4.9;8.0;6.2;4.1;98.0;90.0;73.0;4.8;0.6;0.0;1016.26;1011.51;1013.885;0.25
2017-11-12;8.9;6.7;5.8;6.7;5.9;5.1;97.0;95.0;82.0;9.7;2.3;0.0;1011.18;994.92;1003.05;12.7
2017-11-13;9.1;5.8;2.3;5.3;1.6;-8.4;98.0;78.0;29.0;19.3;4.3;0.0;1009.82;993.91;1001.865;0.0
2017-11-14;11.7;6.6;2.1;2.3;0.6;-2.9;91.0;67.0;38.0;11.3;1.4;0.0;1019.98;1010.16;1015.0699999999999;0.0
2017-11-15;11.1;7.2;3.5;1.6;0.2;-1.8;73.0;62.0;49.0;3.2;0.7;0.0;1022.01;1018.96;1020.485;0.0
2017-11-16;12.6;8.6;5.5;1.8;0.6;-0.8;69.0;58.0;45.0;4.8;0.8;0.0;1022.01;1018.29;1020.15;0.0
2017-11-17;13.1;8.9;5.2;4.1;2.3;-0.3;75.0;63.0;50.0;3.2;0.5;0.0;1019.3;1016.93;1018.115;0.0
2017-11-18;12.3;8.9;5.4;5.9;4.3;2.8;89.0;73.0;63.0;4.8;0.6;0.0;1018.63;1015.58;1017.105;0.0
2017-11-19;15.0;9.0;4.3;3.8;-1.2;-9.4;91.0;55.0;21.0;14.5;3.6;0.0;1017.61;1010.5;1014.0550000000001;0.0
2017-11-20;11.3;7.7;4.9;1.8;-0.4;-3.7;77.0;58.0;42.0;4.8;0.9;0.0;1019.64;1017.61;1018.625;0.0
2017-11-21;13.3;8.7;4.6;7.9;4.3;0.1;90.0;74.0;62.0;9.7;2.6;0.0;1019.3;1017.27;1018.285;0.0
2017-11-22;12.6;8.2;5.1;7.1;5.4;3.9;93.0;83.0;68.0;6.4;0.8;0.0;1020.32;1018.29;1019.3050000000001;0.0
2017-11-23;11.4;8.4;6.8;9.0;6.9;5.0;97.0;91.0;84.0;4.8;0.8;0.0;1020.66;1018.96;1019.81;1.27
2017-11-24;9.4;8.2;6.9;7.1;6.3;5.2;95.0;88.0;83.0;3.2;0.6;0.0;1022.35;1019.64;1020.995;0.25
2017-11-25;7.7;6.9;6.1;7.2;6.6;5.8;99.0;98.0;94.0;4.8;0.9;0.0;1019.64;1009.48;1014.56;11.18
2017-11-26;9.9;7.6;3.7;5.7;-6.9;-13.4;98.0;40.0;18.0;20.9;8.9;0.0;1022.01;1009.48;1015.745;0.25
2017-11-27;9.2;4.9;1.7;-0.8;-5.9;-10.3;69.0;47.0;28.0;8.0;1.4;0.0;1025.4;1021.33;1023.365;0.0
2017-11-28;4.6;3.0;1.2;1.2;-2.0;-4.6;94.0;70.0;55.0;4.8;0.8;0.0;1021.33;1010.16;1015.745;0.25
2017-11-29;2.7;2.0;1.0;1.9;0.7;-0.8;95.0;92.0;83.0;4.8;0.8;0.0;1010.5;1001.69;1006.095;0.51
2017-11-30;8.8;4.6;0.3;2.2;-4.5;-11.3;97.0;59.0;25.0;16.1;5.3;0.0;1006.43;998.98;1002.7049999999999;1.27
2017-12-01;5.4;2.6;0.6;0.0;-1.6;-2.8;90.0;74.0;57.0;9.7;1.1;0.0;1013.21;1006.77;1009.99;0.0
2017-12-02;4.2;2.8;1.4;-0.6;-2.0;-3.9;84.0;71.0;62.0;19.3;2.6;0.0;1017.95;1012.19;1015.07;0.0
2017-12-03;6.7;2.2;-0.9;-1.8;-3.3;-5.2;83.0;68.0;49.0;8.0;0.5;0.0;1023.71;1016.93;1020.3199999999999;0.0
2017-12-04;9.1;3.0;-0.2;-0.3;-2.1;-4.8;83.0;71.0;38.0;17.7;1.6;0.0;1027.77;1023.71;1025.74;0.0
2017-12-05;10.8;4.5;1.4;0.8;-1.8;-3.9;82.0;65.0;43.0;8.0;1.0;0.0;1033.53;1027.77;1030.65;0.0
2017-12-06;10.9;7.7;4.6;4.2;1.3;-3.0;74.0;64.0;52.0;14.5;2.5;0.0;1033.19;1030.48;1031.835;0.0
2017-12-07;10.1;8.0;6.1;3.8;2.6;1.6;78.0;69.0;63.0;8.0;2.4;0.0;1030.48;1023.03;1026.755;0.0
2017-12-08;6.9;4.2;3.0;3.4;2.3;-9.6;95.0;88.0;31.0;12.9;2.4;0.0;1023.03;1007.11;1015.0699999999999;0.0
2017-12-09;6.8;4.3;1.1;-10.4;-13.3;-15.5;35.0;27.0;20.0;30.6;8.4;0.0;1015.58;1007.11;1011.345;0.0
2017-12-10;2.0;0.0;-2.3;-2.1;-8.4;-14.6;95.0;59.0;29.0;6.4;0.9;0.0;1015.24;1004.06;1009.65;0.0
2017-12-11;1.1;-0.2;-1.4;0.7;-0.7;-2.1;98.0;97.0;95.0;11.3;0.8;0.0;1003.73;993.91;998.8199999999999;16.0
2017-12-12;9.0;5.6;0.7;8.3;4.5;0.3;99.0;93.0;78.0;6.4;1.4;0.0;1013.55;996.95;1005.25;7.11
2017-12-13;8.4;4.7;1.8;3.9;2.0;-0.5;97.0;84.0;65.0;6.4;0.7;0.0;1016.59;1011.85;1014.22;0.25
2017-12-14;8.4;4.5;2.1;2.1;0.8;-0.8;92.0;78.0;61.0;8.0;1.3;0.0;1011.85;1001.02;1006.435;0.0
2017-12-15;8.4;4.5;2.1;2.1;0.8;-0.8;92.0;78.0;61.0;8.0;1.3;0.0;1011.85;1001.02;1006.435;0.0
2017-12-16;8.4;4.5;2.1;2.1;0.8;-0.8;92.0;78.0;61.0;8.0;1.3;0.0;1011.85;1001.02;1006.435;0.0
2017-12-17;8.4;5.8;3.7;0.2;-8.9;-11.1;64.0;35.0;27.0;17.7;6.8;0.0;1022.69;1017.95;1020.32;0.0
2017-12-18;4.4;1.9;-0.6;-5.6;-8.7;-11.3;58.0;46.0;34.0;6.4;0.6;0.0;1027.09;1021.0;1024.045;0.0
2017-12-19;5.4;1.6;-1.4;-3.6;-4.8;-6.8;81.0;63.0;45.0;6.4;0.9;0.0;1032.17;1027.09;1029.63;0.0
2017-12-20;5.2;0.6;-1.6;-0.8;-3.0;-4.6;90.0;78.0;57.0;8.0;1.0;0.0;1033.19;1029.12;1031.155;0.0
2017-12-21;6.1;1.9;-1.8;-0.6;-1.9;-3.9;90.0;77.0;60.0;6.4;0.8;0.0;1034.2;1030.14;1032.17;0.0
2017-12-22;7.4;2.2;-0.2;0.6;-1.1;-2.2;87.0;80.0;59.0;11.3;0.9;0.0;1031.83;1028.45;1030.1399999999999;0.0
2017-12-23;11.6;6.6;1.2;2.9;0.8;-0.9;87.0;67.0;51.0;6.4;0.7;0.0;1030.48;1027.77;1029.125;0.0
2017-12-24;11.3;7.8;4.3;4.6;1.1;-0.6;83.0;63.0;48.0;9.7;0.9;0.0;1029.46;1025.06;1027.26;0.0
2017-12-25;10.2;7.8;5.8;5.9;4.8;4.0;91.0;82.0;71.0;11.3;2.6;0.0;1026.41;1021.33;1023.8700000000001;0.0
2017-12-26;6.6;4.1;3.2;4.6;3.9;2.8;100.0;98.0;86.0;9.7;0.7;0.0;1021.33;1007.45;1014.3900000000001;4.83
2017-12-27;5.6;3.8;1.5;5.4;3.6;1.3;99.0;99.0;98.0;16.1;3.4;0.0;1007.11;985.1;996.105;56.13
2017-12-28;9.3;5.6;1.4;3.6;-4.6;-10.8;99.0;54.0;29.0;30.6;7.3;0.0;1002.03;985.44;993.735;1.27
2017-12-29;7.6;3.9;1.7;-6.4;-10.2;-14.9;51.0;36.0;20.0;14.5;3.2;0.0;1012.87;1002.03;1007.45;0.0
2017-12-30;7.6;3.2;1.4;0.6;-2.1;-7.1;89.0;69.0;49.0;12.9;1.4;0.0;1019.3;1011.85;1015.575;0.0
2017-12-31;4.0;2.0;-0.1;1.4;0.2;-1.4;96.0;88.0;81.0;6.4;0.8;0.0;1021.0;1016.93;1018.9649999999999;1.02
2018-01-01;2.7;1.8;0.7;2.2;1.3;0.3;98.0;97.0;96.0;11.3;1.6;0.0;1016.26;1006.77;1011.515;6.1
2018-01-02;11.3;6.0;-1.2;1.8;-3.8;-9.3;98.0;56.0;26.0;20.9;5.0;0.0;1016.59;1007.79;1012.19;0.0
2018-01-03;10.7;5.9;3.4;2.7;-3.4;-8.2;81.0;53.0;37.0;19.3;2.1;0.0;1015.92;1001.02;1008.47;0.25
2018-01-04;11.7;7.4;4.1;4.4;2.2;-0.9;88.0;71.0;54.0;14.5;2.8;0.0;1009.14;1005.08;1007.11;0.0
2018-01-05;6.8;4.9;2.7;4.8;2.8;1.3;95.0;86.0;76.0;9.7;0.8;0.0;1010.84;1005.42;1008.13;1.52
2018-01-06;7.0;6.2;5.2;6.6;5.8;4.4;98.0;97.0;95.0;8.0;0.7;0.0;1015.92;1010.5;1013.21;15.49
2018-01-07;9.2;7.9;6.3;8.0;7.0;5.8;98.0;95.0;90.0;9.7;1.0;0.0;1021.67;1015.24;1018.4549999999999;0.0
2018-01-08;11.5;9.8;8.4;9.7;7.6;6.6;92.0;86.0;78.0;14.5;3.9;0.0;1021.67;1017.27;1019.47;0.25
2018-01-09;10.8;9.8;7.1;9.8;8.4;6.1;97.0;92.0;84.0;24.1;5.3;0.0;1017.27;1015.58;1016.425;35.31
2018-01-10;9.8;6.9;5.7;7.2;5.7;4.5;96.0;93.0;74.0;9.7;1.2;0.0;1016.26;1011.85;1014.0550000000001;0.0
2018-01-11;9.7;6.5;5.2;6.4;4.8;3.8;98.0;90.0;75.0;6.4;0.8;0.0;1015.24;1010.5;1012.87;0.76
2018-01-12;9.5;6.7;4.6;3.8;2.9;1.9;88.0;77.0;63.0;8.0;1.2;0.0;1022.35;1014.9;1018.625;0.0
2018-01-13;9.4;5.6;2.8;3.3;2.1;0.6;93.0;79.0;60.0;6.4;1.0;0.0;1022.35;1019.64;1020.995;0.0
2018-01-14;6.1;3.7;1.9;2.2;1.3;-0.2;93.0;85.0;74.0;9.7;0.6;0.0;1023.37;1019.3;1021.335;0.0
2018-01-15;5.1;3.4;2.2;2.7;1.8;1.0;95.0;89.0;85.0;8.0;0.5;0.0;1023.71;1016.59;1020.1500000000001;0.0
2018-01-16;6.9;3.1;0.8;2.8;1.7;0.2;97.0;91.0;73.0;8.0;1.2;0.0;1016.26;1001.36;1008.81;0.25
2018-01-17;9.3;3.6;-0.2;4.9;-3.0;-8.6;98.0;68.0;30.0;29.0;5.9;0.0;1015.24;998.31;1006.775;0.25
2018-01-18;10.0;6.1;2.4;-0.4;-4.2;-7.3;57.0;48.0;33.0;14.5;3.0;0.0;1014.9;1009.14;1012.02;0.0
2018-01-19;12.0;6.3;3.1;2.3;-1.3;-10.8;86.0;61.0;20.0;14.5;2.2;0.0;1011.51;1006.1;1008.8050000000001;0.0
2018-01-20;7.4;4.9;2.2;1.6;-1.0;-6.4;83.0;67.0;42.0;11.3;2.1;0.0;1012.87;1003.73;1008.3;0.0
2018-01-21;13.7;7.5;2.0;2.7;-1.5;-5.4;89.0;58.0;30.0;30.6;7.8;0.0;1013.88;1001.69;1007.7850000000001;0.0
2018-01-22;9.4;6.1;2.7;-0.3;-2.8;-7.8;78.0;54.0;37.0;9.7;1.5;0.0;1015.92;1011.51;1013.7149999999999;0.0
2018-01-23;8.0;4.8;1.9;1.8;0.4;-1.4;82.0;74.0;64.0;9.7;1.4;0.0;1030.14;1014.22;1022.1800000000001;0.0
2018-01-24;9.4;5.8;3.7;3.8;2.1;0.5;86.0;77.0;66.0;8.0;1.3;0.0;1031.49;1028.45;1029.97;0.0
2018-01-25;6.9;5.0;3.7;4.9;3.2;2.0;97.0;88.0;78.0;8.0;0.8;0.0;1028.45;1022.69;1025.5700000000002;4.83
2018-01-26;5.6;4.5;3.4;5.2;4.1;3.1;98.0;97.0;96.0;6.4;0.5;0.0;1025.4;1020.66;1023.03;3.3
2018-01-27;10.4;6.7;3.9;8.3;5.8;3.6;98.0;95.0;83.0;9.7;1.0;0.0;1032.85;1025.06;1028.955;1.52
2018-01-28;10.7;6.6;4.1;7.4;5.7;3.7;99.0;94.0;77.0;4.8;0.6;0.0;1034.88;1032.51;1033.6950000000002;0.25
2018-01-29;11.4;7.9;3.9;7.6;5.6;3.2;97.0;86.0;73.0;8.0;1.1;0.0;1033.19;1027.77;1030.48;0.25
2018-01-30;11.4;6.3;2.9;7.4;4.8;2.5;98.0;91.0;72.0;8.0;1.4;0.0;1027.77;1025.74;1026.755;0.0
2018-01-31;6.6;5.0;3.7;6.3;4.8;3.4;99.0;99.0;98.0;4.8;0.7;0.0;1026.75;1013.55;1020.15;0.51
2018-02-01;5.9;5.2;4.5;5.7;5.1;4.3;99.0;99.0;99.0;11.3;2.1;0.0;1012.53;1001.36;1006.9449999999999;17.27
2018-02-02;5.8;4.5;2.8;5.4;3.8;1.9;99.0;95.0;89.0;9.7;1.2;0.0;1004.06;1001.69;1002.875;2.79
2018-02-03;6.4;3.2;1.1;2.2;1.3;0.1;96.0;88.0;72.0;9.7;0.8;0.0;1007.11;999.32;1003.215;0.0
2018-02-04;6.7;3.7;1.1;1.9;-0.2;-3.2;94.0;77.0;59.0;8.0;1.2;0.0;1018.96;1007.11;1013.0350000000001;0.0
2018-02-05;3.8;3.2;2.6;1.5;1.1;0.6;91.0;87.0;80.0;9.7;2.3;0.0;1022.01;1018.96;1020.485;1.02
2018-02-06;4.0;2.7;1.2;2.7;1.7;0.6;97.0;93.0;86.0;8.0;1.1;0.0;1018.96;1009.48;1014.22;6.35
2018-02-07;6.6;3.5;1.1;4.4;2.7;0.4;98.0;95.0;85.0;6.4;0.9;0.0;1009.48;1005.42;1007.45;1.52
2018-02-08;7.8;4.9;2.1;5.0;3.3;1.7;98.0;90.0;76.0;6.4;0.5;0.0;1015.24;1008.47;1011.855;0.0
2018-02-09;8.4;5.1;3.7;5.4;3.6;2.2;97.0;90.0;77.0;12.9;0.9;0.0;1015.58;1012.19;1013.885;4.32
2018-02-10;9.8;5.2;2.3;3.9;2.5;1.3;95.0;83.0;57.0;8.0;1.1;0.0;1012.53;1009.82;1011.175;0.51
2018-02-11;7.2;3.9;1.9;2.3;1.2;-0.3;93.0;83.0;65.0;12.9;1.3;0.0;1011.85;1008.13;1009.99;0.0
2018-02-12;6.6;3.8;0.6;2.2;0.4;-11.4;96.0;81.0;28.0;20.9;2.0;0.0;1012.87;1007.11;1009.99;0.0
2018-02-13;6.3;2.0;-0.7;0.1;-3.5;-11.6;96.0;71.0;27.0;8.0;1.3;0.0;1014.22;1010.5;1012.36;0.0
2018-02-14;6.9;2.6;-0.7;-3.2;-6.0;-9.1;73.0;55.0;32.0;9.7;1.1;0.0;1018.63;1010.84;1014.735;0.0
2018-02-15;7.5;3.0;0.3;-1.2;-2.9;-4.3;77.0;66.0;49.0;11.3;1.0;0.0;1024.04;1018.63;1021.335;0.0
2018-02-16;9.2;4.2;0.3;3.5;-0.4;-2.4;83.0;73.0;49.0;14.5;1.8;0.0;1025.06;1021.33;1023.1949999999999;0.0
2018-02-17;7.2;4.8;2.4;2.3;0.7;-0.5;90.0;75.0;60.0;4.8;0.5;0.0;1025.06;1016.59;1020.825;0.0
2018-02-18;6.7;3.9;1.7;3.4;2.4;1.3;97.0;91.0;77.0;9.7;1.1;0.0;1021.0;1015.92;1018.46;0.76
2018-02-19;3.9;2.6;0.8;1.7;0.1;-1.3;94.0;84.0;73.0;4.8;0.2;0.0;1020.66;1012.53;1016.595;0.0
2018-02-20;7.0;3.4;0.5;0.3;-0.5;-1.6;90.0;76.0;60.0;9.7;1.3;0.0;1012.53;1007.11;1009.8199999999999;0.0
2018-02-21;8.8;3.8;-0.2;0.6;-1.1;-2.7;88.0;72.0;46.0;9.7;1.7;0.0;1009.48;1006.77;1008.125;0.0
2018-02-22;4.9;2.6;1.6;1.9;0.3;-1.6;96.0;86.0;72.0;8.0;1.5;0.0;1008.81;1005.42;1007.115;1.52
2018-02-23;2.7;1.6;0.1;2.1;1.0;-0.3;97.0;96.0;94.0;12.9;1.6;0.0;1009.48;1006.77;1008.125;4.06
2018-02-24;10.0;5.3;2.4;4.8;3.0;1.5;95.0;86.0;70.0;14.5;1.4;0.0;1011.51;1008.47;1009.99;0.51
2018-02-25;4.4;-1.8;-4.6;3.2;-4.1;-7.1;96.0;85.0;69.0;24.1;4.9;0.0;1014.56;1011.18;1012.8699999999999;0.25
2018-02-26;-0.8;-3.7;-6.0;-5.5;-9.3;-11.5;92.0;66.0;53.0;11.3;1.9;0.0;1014.56;1007.79;1011.175;0.0
2018-02-27;-0.2;-4.1;-6.5;-8.4;-10.6;-13.8;83.0;62.0;37.0;12.9;1.5;0.0;1012.53;1008.47;1010.5;0.25
2018-02-28;-0.7;-3.5;-7.5;-7.2;-9.8;-11.3;78.0;63.0;48.0;9.7;1.4;0.0;1019.3;1012.53;1015.915;0.0
2018-03-01;-1.1;-3.0;-4.9;-2.9;-4.4;-5.9;94.0;91.0;85.0;6.4;1.0;0.0;1018.96;1005.42;1012.19;0.0
2018-03-02;1.7;-0.6;-2.3;0.4;-1.5;-3.3;98.0;94.0;90.0;8.0;0.7;0.0;1005.42;995.26;1000.3399999999999;3.81
2018-03-03;1.4;0.2;-1.1;0.9;-0.1;-1.3;98.0;98.0;97.0;9.7;1.5;0.0;1002.03;996.95;999.49;7.37
2018-03-04;5.3;1.0;-2.1;4.7;0.5;-2.4;99.0;97.0;88.0;12.9;1.8;0.0;1005.76;1001.02;1003.39;7.11
2018-03-05;8.9;5.5;1.9;5.6;3.8;1.4;97.0;89.0;77.0;6.4;1.2;0.0;1004.06;993.57;998.815;0.51
2018-03-06;7.8;5.6;4.1;5.5;4.5;3.7;98.0;93.0;83.0;8.0;1.3;0.0;995.26;990.86;993.06;0.51
2018-03-07;7.9;5.1;3.6;5.1;4.0;2.6;98.0;93.0;81.0;8.0;1.2;0.0;1004.06;994.58;999.3199999999999;1.02
2018-03-08;13.3;7.9;2.0;3.9;1.8;-0.9;96.0;68.0;38.0;9.7;1.4;0.0;1012.19;1004.06;1008.125;0.25
2018-03-09;13.0;9.6;5.3;6.7;5.5;3.7;92.0;77.0;55.0;8.0;0.8;0.0;1015.58;1011.85;1013.715;1.27
2018-03-10;9.2;8.1;7.2;7.6;6.7;5.4;98.0;91.0;78.0;9.7;0.8;0.0;1015.24;1012.87;1014.0550000000001;3.56
2018-03-11;7.6;7.2;6.7;7.3;7.0;6.4;99.0;98.0;98.0;8.0;1.0;0.0;1012.53;999.32;1005.925;54.1
2018-03-12;12.2;8.1;5.9;7.9;6.8;5.7;99.0;92.0;74.0;8.0;0.7;0.0;1003.05;998.98;1001.015;8.64
2018-03-13;15.8;10.2;5.7;8.2;6.2;4.7;97.0;78.0;53.0;8.0;1.1;0.0;1008.13;1002.71;1005.4200000000001;0.0
2018-03-14;16.4;10.9;5.3;5.9;3.7;0.2;86.0;63.0;34.0;14.5;2.2;0.0;1010.16;1007.11;1008.635;0.0
2018-03-15;9.2;7.1;5.2;6.6;5.4;4.4;97.0;89.0;73.0;20.9;3.9;0.0;1007.79;1000.34;1004.065;24.13
2018-03-16;14.4;8.7;4.6;6.9;5.4;4.1;98.0;81.0;55.0;9.7;2.0;0.0;1002.71;1000.34;1001.5250000000001;1.27
2018-03-17;8.9;6.7;4.3;6.8;5.9;3.9;98.0;95.0;83.0;12.9;3.2;0.0;1001.36;991.53;996.4449999999999;40.89
2018-03-18;7.1;5.3;4.2;6.3;4.9;3.8;99.0;97.0;93.0;9.7;1.8;0.0;997.29;993.23;995.26;17.02
2018-03-19;5.0;2.6;1.3;4.7;2.3;0.9;98.0;98.0;98.0;9.7;1.6;0.0;1003.39;996.61;1000.0;2.79
2018-03-20;8.4;4.2;0.4;4.2;2.4;-0.4;99.0;89.0;70.0;12.9;1.9;0.0;1011.51;1003.05;1007.28;0.51
2018-03-21;7.7;3.5;0.7;1.4;-0.2;-2.1;97.0;79.0;56.0;9.7;1.5;0.0;1021.67;1011.18;1016.425;1.78
2018-03-22;8.8;4.3;1.3;0.1;-2.0;-3.4;81.0;64.0;48.0;11.3;1.4;0.0;1021.67;1005.08;1013.375;0.0
2018-03-23;11.1;5.7;1.3;1.8;0.0;-1.7;82.0;68.0;49.0;12.9;2.4;0.0;1005.08;999.66;1002.37;0.0
2018-03-24;10.7;7.4;4.6;2.6;0.0;-1.8;72.0;60.0;45.0;19.3;3.6;0.0;1006.1;1001.36;1003.73;0.0
2018-03-25;11.6;7.5;3.3;1.3;-0.2;-1.4;76.0;59.0;42.0;11.3;1.5;0.0;1008.13;1005.08;1006.605;0.0
2018-03-26;15.2;9.1;3.7;3.6;1.5;-0.2;77.0;60.0;39.0;12.9;1.4;0.0;1010.5;1008.13;1009.315;0.0
2018-03-27;16.1;11.3;6.3;3.1;0.0;-4.3;70.0;47.0;32.0;9.7;1.4;0.0;1012.87;1009.14;1011.005;0.0
2018-03-28;14.4;10.0;6.0;7.8;5.0;1.2;81.0;72.0;54.0;12.9;1.6;0.0;1011.18;1006.43;1008.805;0.0
2018-03-29;10.7;9.5;8.5;8.9;7.7;6.4;97.0;89.0;80.0;8.0;1.4;0.0;1006.43;1004.06;1005.2449999999999;5.08
2018-03-30;15.1;11.0;8.0;11.0;8.9;7.3;99.0;88.0;68.0;14.5;4.7;0.0;1006.77;999.32;1003.0450000000001;15.75
2018-03-31;12.2;8.6;5.3;8.9;6.1;4.2;96.0;85.0;66.0;17.7;4.1;0.0;999.66;993.57;996.615;12.7
2018-04-01;17.1;12.4;4.6;4.6;-3.8;-8.6;98.0;36.0;21.0;25.7;7.3;0.0;1010.16;997.63;1003.895;0.0
2018-04-02;15.8;11.8;7.8;6.8;0.5;-7.7;76.0;48.0;26.0;12.9;2.4;0.0;1015.92;1010.16;1013.04;0.0
2018-04-03;12.3;10.2;8.2;7.5;5.6;3.8;93.0;74.0;58.0;11.3;1.9;0.0;1017.61;1015.24;1016.425;4.32
2018-04-04;8.9;8.1;7.3;8.4;7.5;6.6;98.0;96.0;92.0;16.1;2.3;0.0;1016.59;1011.85;1014.22;22.61
2018-04-05;16.8;11.9;8.6;10.6;8.7;3.8;98.0;82.0;52.0;12.9;2.3;0.0;1014.9;1011.51;1013.2049999999999;0.0
2018-04-06;18.6;13.5;9.1;10.7;7.0;1.0;86.0;66.0;48.0;16.1;1.9;0.0;1019.64;1014.56;1017.0999999999999;0.0
2018-04-07;19.1;14.1;11.1;10.7;9.0;7.7;87.0;72.0;50.0;12.9;1.6;0.0;1019.3;1014.9;1017.0999999999999;0.0
2018-04-08;17.4;14.0;11.4;9.6;7.6;5.3;79.0;66.0;54.0;14.5;2.3;0.0;1016.26;1011.85;1014.0550000000001;0.0
2018-04-09;15.2;11.7;9.3;10.5;8.1;4.6;96.0;79.0;58.0;12.9;2.9;0.0;1011.85;1006.43;1009.14;6.86
2018-04-10;13.4;9.6;8.2;9.9;8.1;5.8;98.0;91.0;73.0;9.7;2.0;0.0;1009.48;1007.11;1008.2950000000001;15.49
2018-04-11;12.4;9.5;6.7;9.7;7.2;4.4;96.0;86.0;69.0;16.1;3.1;0.0;1009.48;1003.39;1006.435;26.92
2018-04-12;14.5;9.8;7.3;10.4;8.3;6.6;99.0;91.0;60.0;17.7;4.9;0.0;1007.45;1001.69;1004.57;38.1
2018-04-13;14.1;10.1;6.4;8.9;7.2;5.7;98.0;83.0;65.0;16.1;1.8;0.0;1018.96;1007.11;1013.0350000000001;4.32
2018-04-14;18.9;13.9;9.3;8.7;6.9;5.2;81.0;64.0;43.0;11.3;1.7;0.0;1020.66;1016.26;1018.46;0.0
2018-04-15;19.3;14.9;11.7;10.8;7.9;5.4;77.0;63.0;46.0;11.3;2.7;0.0;1016.59;1008.47;1012.53;0.0
2018-04-16;22.3;17.0;12.1;11.8;9.7;7.8;78.0;63.0;46.0;11.3;1.4;0.0;1013.21;1008.13;1010.6700000000001;0.0
2018-04-17;22.7;18.3;14.0;13.1;11.1;7.2;80.0;64.0;50.0;11.3;1.9;0.0;1024.04;1013.21;1018.625;0.0
2018-04-18;24.2;19.3;14.9;13.2;10.9;5.3;77.0;60.0;30.0;9.7;1.8;0.0;1027.43;1024.38;1025.9050000000002;0.0
2018-04-19;23.9;19.2;12.9;11.1;9.9;7.8;79.0;56.0;41.0;11.3;2.1;0.0;1027.77;1024.38;1026.075;0.0
2018-04-20;26.9;21.2;15.9;12.7;10.1;7.5;67.0;51.0;33.0;11.3;2.0;0.0;1024.72;1019.3;1022.01;0.0
2018-04-21;26.8;21.9;16.9;12.2;10.6;9.2;62.0;50.0;36.0;9.7;1.7;0.0;1019.98;1015.24;1017.61;0.0
2018-04-22;26.2;20.9;15.8;11.6;10.3;8.6;68.0;52.0;37.0;11.3;1.7;0.0;1016.59;1013.55;1015.0699999999999;0.0
2018-04-23;26.3;20.5;15.7;12.4;11.2;10.3;73.0;57.0;38.0;9.7;1.4;0.0;1016.26;1012.19;1014.225;0.0
2018-04-24;25.4;19.7;13.7;13.8;11.7;9.4;80.0;61.0;43.0;11.3;1.7;0.0;1016.26;1012.87;1014.565;0.0
2018-04-25;25.6;20.1;15.1;13.6;11.3;9.3;70.0;58.0;42.0;14.5;2.6;0.0;1014.9;1010.16;1012.53;0.0
2018-04-26;25.0;19.7;14.5;14.9;12.8;10.4;80.0;65.0;49.0;11.3;2.5;0.0;1011.85;1007.45;1009.6500000000001;0.0
2018-04-27;20.9;17.7;14.3;12.7;11.7;10.2;84.0;69.0;56.0;20.9;3.9;0.0;1013.55;1009.82;1011.685;0.0
2018-04-28;23.4;19.2;14.3;14.1;12.3;10.7;80.0;65.0;51.0;12.9;1.6;0.0;1012.87;1010.16;1011.515;0.0
2018-04-29;22.8;19.0;15.8;14.2;12.7;10.8;84.0;68.0;50.0;24.1;4.9;0.0;1010.84;1003.73;1007.2850000000001;0.0
2018-04-30;20.2;15.6;10.7;13.1;7.4;4.7;92.0;60.0;37.0;12.9;3.3;0.0;1009.82;1005.42;1007.62;2.54
2018-05-01;17.1;13.7;9.7;9.5;6.7;4.8;93.0;64.0;49.0;12.9;3.0;0.0;1011.85;1009.14;1010.495;3.3
2018-05-02;12.3;11.3;9.7;11.3;9.9;7.9;96.0;91.0;81.0;16.1;3.7;0.0;1011.51;1005.08;1008.2950000000001;9.91
2018-05-03;19.1;15.0;11.3;14.8;12.9;10.7;97.0;88.0;70.0;14.5;2.6;0.0;1006.43;1003.05;1004.74;3.56
2018-05-04;22.2;16.2;13.8;15.4;13.9;12.9;96.0;87.0;62.0;12.9;2.5;0.0;1013.88;1006.1;1009.99;13.46
2018-05-05;23.7;18.1;12.8;16.7;14.1;12.1;97.0;79.0;53.0;16.1;1.8;0.0;1015.92;1012.87;1014.395;0.0
2018-05-06;27.1;21.0;15.6;18.5;14.8;12.5;95.0;70.0;46.0;11.3;2.6;0.0;1015.92;1011.85;1013.885;2.54
2018-05-07;22.6;19.2;16.1;15.4;13.6;11.1;84.0;71.0;55.0;9.7;2.7;0.0;1014.9;1011.18;1013.04;0.0
2018-05-08;25.1;18.9;13.1;15.8;12.8;10.6;98.0;69.0;49.0;22.5;2.5;0.0;1011.18;1003.05;1007.115;21.08
2018-05-09;21.5;15.3;12.6;14.4;12.8;11.3;98.0;87.0;61.0;16.1;2.8;0.0;1007.11;1003.73;1005.4200000000001;17.02
2018-05-10;22.5;17.5;12.1;13.7;12.6;11.4;96.0;74.0;53.0;11.3;1.5;0.0;1011.85;1006.43;1009.14;0.0
2018-05-11;24.2;18.9;14.9;15.4;13.3;11.0;93.0;71.0;50.0;25.7;3.2;0.0;1015.24;1011.85;1013.5450000000001;0.76
2018-05-12;24.4;18.6;12.9;15.7;13.4;11.4;93.0;73.0;48.0;11.3;1.7;0.0;1014.9;1010.5;1012.7;0.51
2018-05-13;21.3;16.3;13.4;14.4;12.9;10.6;94.0;82.0;54.0;14.5;3.3;0.0;1010.84;1005.08;1007.96;7.87
2018-05-14;15.9;12.8;10.3;11.8;9.4;6.8;95.0;81.0;56.0;14.5;2.6;0.0;1009.82;1005.76;1007.79;8.38
2018-05-15;13.9;11.5;8.8;9.9;8.6;7.1;92.0;83.0;68.0;11.3;1.7;0.0;1011.51;1007.45;1009.48;0.0
2018-05-16;20.2;14.3;10.4;13.1;10.5;8.6;93.0;79.0;56.0;12.9;1.5;0.0;1012.87;1010.5;1011.685;3.05
2018-05-17;20.9;15.2;11.0;13.8;12.0;10.5;97.0;82.0;57.0;14.5;1.6;0.0;1015.24;1012.53;1013.885;1.02
2018-05-18;23.4;17.7;12.9;13.6;11.8;9.1;89.0;70.0;50.0;11.3;2.0;0.0;1015.58;1013.21;1014.395;2.03
2018-05-19;22.7;17.4;14.4;13.7;11.7;9.9;84.0;70.0;48.0;19.3;2.2;0.0;1015.92;1013.55;1014.7349999999999;0.0
2018-05-20;21.4;16.5;13.3;14.1;12.4;9.5;94.0;78.0;52.0;22.5;4.8;0.0;1016.26;1013.55;1014.905;13.72
2018-05-21;23.7;17.7;13.8;13.7;12.1;10.9;89.0;71.0;49.0;14.5;3.8;0.0;1015.24;1010.84;1013.04;0.25
2018-05-22;18.8;16.2;14.4;14.9;13.5;11.2;95.0;84.0;67.0;20.9;2.2;0.0;1014.9;1009.82;1012.36;2.54
2018-05-23;24.4;18.0;14.3;15.5;14.0;12.7;96.0;79.0;54.0;8.0;1.5;0.0;1015.92;1014.22;1015.0699999999999;0.51
2018-05-24;25.6;20.9;15.3;15.9;14.4;12.3;83.0;67.0;50.0;8.0;1.5;0.0;1015.92;1012.87;1014.395;0.0
2018-05-25;28.4;22.9;16.6;16.1;14.7;13.6;88.0;62.0;41.0;11.3;1.5;0.0;1014.9;1012.19;1013.5450000000001;0.0
2018-05-26;28.4;23.5;19.3;18.2;16.1;14.2;75.0;64.0;44.0;9.7;1.8;0.0;1017.95;1015.24;1016.595;0.0
2018-05-27;29.1;23.1;17.0;19.0;16.5;13.9;87.0;67.0;50.0;16.1;2.7;0.0;1017.27;1013.55;1015.41;2.29
2018-05-28;25.6;20.1;15.0;17.9;15.4;12.8;95.0;75.0;55.0;25.7;3.9;0.0;1018.96;1014.9;1016.9300000000001;16.0
2018-05-29;25.1;20.1;16.3;18.3;16.6;15.2;98.0;82.0;58.0;12.9;2.1;0.0;1016.26;1012.53;1014.395;2.79
2018-05-30;27.4;21.9;17.8;19.7;16.8;14.1;92.0;74.0;57.0;11.3;2.1;0.0;1014.56;1012.19;1013.375;1.02
2018-05-31;26.0;20.9;16.7;18.1;16.0;13.4;93.0;75.0;52.0;11.3;2.1;0.0;1015.24;1012.53;1013.885;4.06
2018-06-01;26.8;21.5;14.9;17.2;15.1;13.3;91.0;69.0;46.0;11.3;2.3;0.0;1015.92;1013.55;1014.7349999999999;0.0
2018-06-02;27.8;21.9;16.3;18.0;16.0;13.7;85.0;71.0;51.0;11.3;1.6;0.0;1015.92;1013.21;1014.565;0.0
2018-06-03;27.6;22.7;17.3;18.7;16.5;14.3;92.0;70.0;51.0;6.4;1.6;0.0;1016.26;1011.51;1013.885;0.0
2018-06-04;25.0;19.9;17.3;18.8;16.8;15.3;97.0;83.0;58.0;11.3;1.8;0.0;1011.85;1007.11;1009.48;1.78
2018-06-05;28.1;21.5;14.6;18.6;16.3;14.1;98.0;75.0;48.0;9.7;1.7;0.0;1009.82;1005.76;1007.79;0.25
2018-06-06;26.1;20.6;16.6;18.1;16.3;14.8;90.0;77.0;56.0;12.9;1.9;0.0;1013.88;1008.81;1011.345;2.03
2018-06-07;27.7;21.7;14.9;16.6;15.2;13.4;97.0;69.0;44.0;24.1;2.8;0.0;1014.9;1011.51;1013.2049999999999;12.7
2018-06-08;24.1;18.9;15.3;17.3;15.6;14.5;98.0;83.0;61.0;12.9;2.2;0.0;1013.88;1009.14;1011.51;5.08
2018-06-09;27.7;22.8;15.4;17.4;15.7;14.1;93.0;67.0;46.0;9.7;2.5;0.0;1010.84;1008.81;1009.825;0.0
2018-06-10;28.6;23.0;17.1;20.0;18.1;15.7;93.0;75.0;57.0;11.3;2.1;0.0;1010.84;1007.79;1009.315;0.0
2018-06-11;27.6;23.7;20.2;21.0;18.7;16.4;90.0;75.0;52.0;16.1;2.0;0.0;1009.82;1006.43;1008.125;0.0
2018-06-12;23.8;20.8;16.3;19.6;17.7;15.2;98.0;83.0;71.0;14.5;1.8;0.0;1007.11;1002.71;1004.9100000000001;32.77
2018-06-13;22.8;18.8;15.7;17.4;16.5;15.4;98.0;87.0;69.0;9.7;1.9;0.0;1005.08;1003.05;1004.065;2.29
2018-06-14;26.8;21.9;17.7;16.7;13.5;10.1;90.0;60.0;41.0;11.3;2.0;0.0;1008.81;1005.08;1006.9449999999999;0.0
2018-06-15;27.3;22.2;17.6;16.6;14.4;12.6;78.0;62.0;45.0;9.7;1.7;0.0;1010.84;1008.47;1009.655;0.0
2018-06-16;27.8;23.2;18.2;15.6;13.6;11.7;68.0;56.0;43.0;12.9;1.7;0.0;1011.85;1009.14;1010.495;0.0
2018-06-17;30.0;24.6;20.3;17.2;15.4;14.2;71.0;58.0;42.0;11.3;1.4;0.0;1012.53;1010.5;1011.515;0.0
2018-06-18;29.6;24.7;18.9;17.7;15.4;13.7;79.0;57.0;42.0;17.7;3.0;0.0;1016.26;1012.19;1014.225;0.0
2018-06-19;29.5;25.4;21.1;17.7;16.1;13.8;70.0;57.0;46.0;11.3;1.7;0.0;1018.29;1015.92;1017.105;0.0
2018-06-20;30.1;25.9;23.1;17.7;15.9;13.9;66.0;55.0;43.0;11.3;1.3;0.0;1018.96;1015.58;1017.27;0.0
2018-06-21;31.2;26.4;20.9;18.9;17.3;15.8;74.0;58.0;45.0;11.3;1.7;0.0;1016.59;1009.14;1012.865;0.0
2018-06-22;27.6;23.4;17.6;20.0;16.8;8.4;78.0;67.0;30.0;17.7;4.7;0.0;1016.26;1007.79;1012.025;0.0
2018-06-23;25.1;20.1;15.2;14.3;12.6;10.6;88.0;64.0;42.0;16.1;2.1;0.0;1018.96;1014.56;1016.76;0.0
2018-06-24;24.7;20.6;15.3;12.2;10.6;8.2;70.0;54.0;42.0;9.7;2.2;0.0;1016.93;1013.21;1015.0699999999999;0.0
2018-06-25;23.8;20.3;16.4;15.0;13.2;11.1;73.0;64.0;56.0;14.5;2.9;0.0;1017.95;1012.87;1015.4100000000001;0.0
2018-06-26;26.8;21.3;16.2;13.8;12.1;10.6;79.0;57.0;38.0;11.3;2.0;0.0;1018.63;1014.22;1016.425;0.0
2018-06-27;29.1;22.8;17.9;13.7;11.4;8.4;66.0;50.0;34.0;22.5;2.8;0.0;1016.26;1009.14;1012.7;0.0
2018-06-28;28.0;22.5;16.7;12.2;10.4;8.0;69.0;48.0;29.0;11.3;2.2;0.0;1013.55;1006.77;1010.16;0.0
2018-06-29;30.4;25.0;17.4;13.1;11.3;9.2;65.0;43.0;30.0;14.5;2.1;0.0;1009.14;1006.77;1007.9549999999999;0.0
2018-06-30;32.4;27.1;20.8;16.5;14.2;12.6;63.0;47.0;32.0;11.3;2.1;0.0;1008.81;1005.42;1007.115;0.0
2018-07-01;30.9;25.7;20.9;20.1;17.9;15.8;75.0;63.0;48.0;12.9;2.8;0.0;1011.18;1007.45;1009.315;0.0
2018-07-02;29.7;24.4;20.6;19.6;17.7;16.2;78.0;67.0;52.0;14.5;2.9;0.0;1012.19;1009.48;1010.835;0.0
2018-07-03;31.0;24.7;18.3;20.4;18.7;17.2;97.0;72.0;44.0;14.5;3.1;0.0;1015.24;1010.16;1012.7;21.59
2018-07-04;29.6;23.7;18.2;19.6;18.6;17.3;98.0;75.0;51.0;14.5;2.5;0.0;1014.9;1011.18;1013.04;0.76
2018-07-05;27.2;22.0;16.6;19.1;17.4;16.1;97.0;77.0;57.0;35.4;3.3;0.0;1015.92;1009.14;1012.53;42.16
2018-07-06;30.8;22.9;17.6;18.6;16.1;13.4;89.0;68.0;36.0;11.3;1.6;0.0;1013.88;1009.48;1011.6800000000001;0.76
2018-07-07;30.5;24.9;18.9;16.7;15.0;12.6;77.0;56.0;37.0;12.9;1.8;0.0;1015.24;1012.53;1013.885;0.0
2018-07-08;29.1;24.8;19.6;17.1;15.5;12.9;77.0;57.0;44.0;11.3;2.1;0.0;1016.26;1012.19;1014.225;0.0
2018-07-09;29.7;25.1;20.0;17.8;14.6;11.6;70.0;53.0;40.0;16.1;2.4;0.0;1015.58;1011.18;1013.38;0.0
2018-07-10;28.8;24.1;18.2;20.1;15.8;13.3;98.0;61.0;45.0;12.9;2.7;0.0;1012.87;1007.11;1009.99;44.7
2018-07-11;24.2;20.5;17.7;18.8;18.0;17.2;99.0;87.0;69.0;16.1;3.0;0.0;1011.85;1008.47;1010.1600000000001;13.72
2018-07-12;22.2;21.9;21.3;18.9;18.7;18.5;84.0;83.0;81.0;0.0;0.0;0.0;1013.55;1013.55;1013.55;0.0
2018-07-13;29.7;23.9;18.9;20.0;18.6;17.4;94.0;74.0;52.0;9.7;1.4;0.0;1015.92;1013.55;1014.7349999999999;0.0
2018-07-14;31.2;24.4;20.9;21.2;18.8;17.1;87.0;72.0;49.0;11.3;2.1;0.0;1016.26;1011.85;1014.0550000000001;4.32
2018-07-15;29.8;24.5;19.4;19.9;18.1;16.2;85.0;69.0;50.0;11.3;1.6;0.0;1014.22;1009.14;1011.6800000000001;0.0
2018-07-16;26.7;21.2;17.6;19.4;17.4;15.5;96.0;80.0;60.0;20.9;2.3;0.0;1012.19;1007.79;1009.99;7.87
2018-07-17;31.9;23.9;16.1;19.3;15.5;8.4;97.0;66.0;25.0;11.3;2.1;0.0;1011.51;1007.79;1009.65;0.51
2018-07-18;32.3;27.1;21.8;16.3;12.4;8.2;62.0;41.0;31.0;9.7;1.7;0.0;1012.87;1009.82;1011.345;0.0
2018-07-19;31.65;26.0;19.8;18.450000000000003;15.350000000000001;11.7;77.5;54.5;38.0;13.7;2.05;0.0;1012.19;1008.8050000000001;1010.4975000000001;0.0
2018-07-20;31.0;24.9;17.8;20.6;18.3;15.2;93.0;68.0;45.0;17.7;2.4;0.0;1011.51;1007.79;1009.65;16.76
2018-07-21;25.0;19.3;16.2;19.1;16.8;15.4;97.0;86.0;63.0;22.5;2.4;0.0;1011.18;1008.13;1009.655;55.88
2018-07-22;29.4;23.2;16.6;19.3;17.1;15.1;92.0;70.0;48.0;9.7;1.1;0.0;1009.48;1006.43;1007.9549999999999;0.0
2018-07-23;29.8;24.1;17.9;19.8;18.0;15.3;91.0;70.0;53.0;14.5;2.4;0.0;1011.85;1008.13;1009.99;0.0
2018-07-24;30.3;26.1;21.9;19.7;17.8;16.0;78.0;61.0;47.0;16.1;2.1;0.0;1012.53;1008.47;1010.5;0.0
2018-07-25;31.0;26.2;20.7;21.3;19.1;16.1;83.0;66.0;54.0;11.3;1.5;0.0;1010.84;1008.81;1009.825;0.0
2018-07-26;30.1;26.3;20.7;20.9;19.4;17.9;89.0;67.0;50.0;19.3;4.6;0.0;1012.19;1008.47;1010.33;4.06
2018-07-27;30.0;24.7;18.7;20.1;18.7;17.0;93.0;71.0;51.0;9.7;1.8;0.0;1012.53;1008.47;1010.5;0.25
2018-07-28;31.2;25.2;21.2;21.2;19.0;15.8;87.0;70.0;51.0;17.7;2.6;0.0;1010.84;1007.79;1009.315;0.0
2018-07-29;32.1;25.5;18.8;19.5;17.3;15.4;85.0;62.0;41.0;9.7;1.3;0.0;1012.53;1010.16;1011.345;0.0
2018-07-30;33.7;28.0;21.7;21.1;19.3;17.8;80.0;60.0;41.0;6.4;1.2;0.0;1012.87;1010.84;1011.855;0.0
2018-07-31;34.3;29.4;24.8;21.6;19.7;17.7;70.0;57.0;40.0;9.7;1.6;0.0;1013.21;1010.5;1011.855;0.0
2018-08-01;34.4;27.9;22.5;24.3;20.3;16.1;78.0;64.0;44.0;20.9;2.8;0.0;1014.56;1011.18;1012.8699999999999;0.51
2018-08-02;31.2;26.9;22.9;20.8;18.3;14.2;73.0;60.0;48.0;17.7;2.3;0.0;1015.92;1012.53;1014.2249999999999;0.0
2018-08-03;32.8;27.9;22.3;21.6;20.4;18.8;87.0;65.0;45.0;11.3;1.7;0.0;1015.92;1013.21;1014.565;0.0
2018-08-04;32.9;27.5;22.4;22.4;20.9;19.0;87.0;68.0;51.0;24.1;2.6;0.0;1015.58;1011.51;1013.5450000000001;0.25
2018-08-05;33.7;27.5;20.6;22.5;20.3;16.7;92.0;66.0;47.0;22.5;2.6;0.0;1015.58;1011.18;1013.38;6.86
2018-08-06;32.8;28.2;23.2;22.2;20.5;14.3;84.0;64.0;48.0;12.9;1.6;0.0;1014.56;1011.18;1012.8699999999999;0.0
2018-08-07;32.1;27.2;22.1;20.6;17.8;14.8;76.0;58.0;44.0;40.2;5.4;0.0;1014.22;1010.16;1012.19;0.0
2018-08-08;31.9;27.0;22.3;21.1;19.2;16.8;78.0;64.0;42.0;8.0;1.6;0.0;1013.21;1011.18;1012.1949999999999;0.0
2018-08-09;30.6;25.1;20.6;20.2;18.7;16.2;85.0;69.0;48.0;20.9;2.8;0.0;1015.92;1012.19;1014.0550000000001;1.52
2018-08-10;29.6;24.0;18.5;20.6;18.9;17.6;98.0;75.0;53.0;11.3;2.2;0.0;1017.61;1015.24;1016.425;21.08
2018-08-11;29.1;24.9;20.7;21.3;18.6;15.7;88.0;69.0;50.0;11.3;1.2;0.0;1016.93;1013.55;1015.24;0.0
2018-08-12;28.0;23.9;20.9;21.3;18.8;16.6;92.0;74.0;58.0;12.9;1.6;0.0;1016.59;1012.87;1014.73;13.46
2018-08-13;27.0;21.4;17.3;20.3;18.1;16.6;97.0;82.0;57.0;16.1;2.6;0.0;1013.55;1008.47;1011.01;13.21
2018-08-14;26.6;21.7;17.8;19.1;17.2;15.3;92.0;77.0;57.0;9.7;1.2;0.0;1012.53;1008.47;1010.5;0.0
2018-08-15;29.1;23.3;17.8;18.3;16.0;14.6;92.0;66.0;42.0;11.3;2.0;0.0;1015.24;1012.53;1013.885;0.0
2018-08-16;28.6;24.2;20.4;17.9;16.0;14.7;75.0;61.0;47.0;12.9;1.3;0.0;1015.58;1012.19;1013.885;0.0
2018-08-17;29.8;25.5;21.2;17.6;16.1;14.4;69.0;57.0;44.0;11.3;1.1;0.0;1013.55;1010.84;1012.1949999999999;0.0
2018-08-18;30.1;25.5;21.3;19.8;16.4;13.6;74.0;58.0;43.0;12.9;1.3;0.0;1016.26;1013.21;1014.735;0.51
2018-08-19;31.2;26.2;21.7;19.6;17.3;14.9;75.0;59.0;43.0;8.0;1.5;0.0;1017.27;1014.22;1015.745;0.0
2018-08-20;31.9;26.9;21.7;18.8;17.6;16.4;78.0;58.0;42.0;6.4;1.1;0.0;1015.24;1011.85;1013.5450000000001;0.0
2018-08-21;31.4;27.0;22.6;18.6;17.0;15.2;74.0;56.0;40.0;14.5;1.6;0.0;1015.58;1012.53;1014.0550000000001;0.0
2018-08-22;32.3;27.4;22.3;18.5;16.8;15.3;71.0;53.0;37.0;9.7;1.1;0.0;1015.92;1012.19;1014.0550000000001;0.0
2018-08-23;31.3;26.2;21.3;18.4;17.3;15.3;77.0;59.0;40.0;12.9;1.8;0.0;1013.55;1009.14;1011.345;0.0
2018-08-24;29.9;25.0;20.2;18.5;16.9;14.6;77.0;62.0;48.0;20.9;3.1;0.0;1011.18;1004.74;1007.96;0.0
2018-08-25;23.4;19.4;16.7;18.3;17.1;15.6;95.0;87.0;67.0;14.5;2.9;0.0;1007.11;1003.39;1005.25;4.06
2018-08-26;23.9;18.5;13.9;15.9;13.3;10.6;98.0;75.0;44.0;12.9;2.3;0.0;1013.88;1003.73;1008.8050000000001;0.0
2018-08-27;24.6;19.3;13.8;12.8;11.3;9.8;79.0;61.0;43.0;14.5;1.8;0.0;1015.92;1013.55;1014.7349999999999;0.0
2018-08-28;27.7;22.3;17.2;15.1;12.5;10.3;68.0;55.0;34.0;9.7;1.3;0.0;1017.61;1015.24;1016.425;0.0
2018-08-29;25.9;22.4;20.2;14.6;12.8;11.3;63.0;55.0;44.0;8.0;0.6;0.0;1015.58;1012.53;1014.0550000000001;0.0
2018-08-30;28.2;23.5;18.8;17.2;15.7;13.9;78.0;62.0;48.0;11.3;1.7;0.0;1013.21;1011.85;1012.53;0.0
2018-08-31;22.8;18.6;15.5;17.0;15.5;13.6;97.0;83.0;62.0;16.1;4.6;0.0;1013.55;1011.51;1012.53;28.7
2018-09-01;20.4;16.5;13.4;15.3;14.2;12.6;97.0;87.0;66.0;8.0;1.9;0.0;1015.58;1011.18;1013.38;24.38
2018-09-02;19.4;16.8;14.7;15.9;14.7;13.5;97.0;87.0;74.0;8.0;1.1;0.0;1016.26;1014.56;1015.41;0.0
2018-09-03;24.6;18.5;14.1;15.3;13.8;12.3;92.0;75.0;51.0;14.5;1.6;0.0;1014.9;1010.84;1012.87;0.0
2018-09-04;26.7;20.4;14.7;16.0;14.1;12.7;91.0;69.0;45.0;8.0;1.4;0.0;1012.87;1010.84;1011.855;0.0
2018-09-05;27.3;21.7;16.5;17.3;15.4;14.0;86.0;69.0;49.0;12.9;1.3;0.0;1014.56;1011.85;1013.2049999999999;0.0
2018-09-06;27.3;22.1;17.2;17.4;15.6;14.3;94.0;68.0;48.0;11.3;1.7;0.0;1012.53;1008.13;1010.3299999999999;5.59
2018-09-07;24.5;19.7;16.1;17.3;16.5;15.2;97.0;83.0;63.0;8.0;1.0;0.0;1014.22;1008.47;1011.345;1.78
2018-09-08;27.0;21.8;17.2;17.4;16.2;15.1;91.0;72.0;50.0;9.7;1.1;0.0;1017.95;1014.56;1016.255;0.0
2018-09-09;27.8;23.0;18.7;17.9;16.6;15.1;81.0;68.0;53.0;9.7;1.3;0.0;1019.98;1017.61;1018.7950000000001;0.0
2018-09-10;28.4;23.7;19.0;18.5;17.3;15.9;83.0;68.0;52.0;9.7;1.1;0.0;1020.66;1018.29;1019.4749999999999;0.0
2018-09-11;29.2;24.4;20.3;19.4;18.1;16.9;82.0;69.0;52.0;8.0;0.9;0.0;1023.37;1020.66;1022.015;0.0
2018-09-12;29.3;24.7;21.3;19.6;18.2;17.3;79.0;68.0;52.0;8.0;1.1;0.0;1022.35;1016.26;1019.3050000000001;0.0
2018-09-13;27.7;22.8;19.2;20.1;17.7;14.4;89.0;74.0;57.0;24.1;2.6;0.0;1016.26;1011.85;1014.0550000000001;1.52
2018-09-14;28.1;22.6;17.3;18.9;17.4;16.2;95.0;74.0;54.0;9.7;1.4;0.0;1014.9;1012.53;1013.7149999999999;0.0
2018-09-15;25.8;21.7;18.8;18.9;17.8;16.9;89.0;79.0;64.0;11.3;1.4;0.0;1019.98;1014.9;1017.44;0.0
2018-09-16;26.4;22.1;19.2;18.6;17.4;16.7;87.0;76.0;57.0;12.9;1.3;0.0;1021.33;1018.96;1020.145;0.0
2018-09-17;26.7;22.3;18.5;18.8;17.2;16.1;88.0;74.0;57.0;8.0;1.3;0.0;1020.66;1016.59;1018.625;0.0
2018-09-18;26.2;21.2;18.1;19.2;17.4;16.4;97.0;80.0;58.0;11.3;0.9;0.0;1019.3;1016.26;1017.78;9.65
2018-09-19;27.2;22.3;17.7;18.9;17.3;15.6;90.0;74.0;57.0;6.4;0.9;0.0;1019.3;1016.59;1017.9449999999999;0.0
2018-09-20;27.9;23.3;18.6;18.5;17.3;16.3;87.0;70.0;53.0;8.0;0.9;0.0;1018.96;1015.58;1017.27;0.0
2018-09-21;28.2;23.5;19.8;18.4;16.7;14.6;81.0;67.0;46.0;8.0;0.8;0.0;1015.92;1011.51;1013.7149999999999;0.0
2018-09-22;27.6;22.9;18.5;18.5;17.1;15.4;83.0;71.0;54.0;9.7;0.9;0.0;1016.26;1011.51;1013.885;0.0
2018-09-23;27.5;22.0;16.7;18.3;17.1;14.9;92.0;75.0;54.0;9.7;1.5;0.0;1016.59;1011.18;1013.885;0.0
2018-09-24;25.3;21.1;16.1;17.0;8.6;0.8;89.0;51.0;22.0;38.6;8.3;0.0;1025.74;1008.47;1017.105;0.0
2018-09-25;18.7;15.6;13.2;10.6;6.0;3.2;70.0;54.0;40.0;12.9;2.9;0.0;1033.53;1026.08;1029.8049999999998;0.0
2018-09-26;17.6;13.8;10.8;6.3;4.9;2.5;70.0;55.0;46.0;9.7;2.1;0.0;1037.59;1032.85;1035.2199999999998;0.0
2018-09-27;22.6;15.7;9.0;9.1;7.2;5.3;78.0;59.0;39.0;8.0;0.7;0.0;1032.85;1023.37;1028.11;0.0
2018-09-28;25.6;18.4;13.0;10.7;8.1;5.1;75.0;53.0;28.0;8.0;0.9;0.0;1023.37;1011.85;1017.61;0.0
2018-09-29;24.3;20.4;16.9;10.4;8.2;6.2;64.0;46.0;36.0;11.3;1.7;0.0;1019.3;1013.55;1016.425;0.0
2018-09-30;19.4;15.8;13.7;10.7;9.7;8.2;77.0;67.0;56.0;8.0;1.5;0.0;1019.3;1012.87;1016.085;0.0
2018-10-01;15.6;11.7;8.9;11.1;9.9;7.4;95.0;89.0;68.0;9.7;0.9;0.0;1012.87;1006.43;1009.65;14.48
2018-10-02;18.0;12.9;8.4;10.1;7.5;5.2;95.0;72.0;44.0;9.7;1.0;0.0;1019.98;1011.51;1015.745;0.25
2018-10-03;20.1;14.9;10.2;10.4;8.5;6.2;82.0;66.0;53.0;8.0;0.9;0.0;1022.35;1018.29;1020.3199999999999;0.0
2018-10-04;21.9;17.0;12.2;11.1;9.3;8.3;80.0;62.0;42.0;11.3;1.0;0.0;1025.06;1022.35;1023.7049999999999;0.0
2018-10-05;20.8;16.9;14.1;11.5;9.7;8.3;72.0;63.0;53.0;8.0;0.9;0.0;1024.38;1019.64;1022.01;0.0
2018-10-06;18.4;15.4;13.4;13.7;12.1;10.4;96.0;81.0;66.0;6.4;0.7;0.0;1021.0;1012.87;1016.935;1.52
2018-10-07;21.6;15.8;11.2;14.5;12.4;10.7;98.0;82.0;58.0;12.9;0.9;0.0;1016.26;1011.18;1013.72;0.25
2018-10-08;22.6;17.9;14.6;14.8;13.3;11.8;86.0;75.0;60.0;6.4;0.6;0.0;1019.64;1015.92;1017.78;0.0
2018-10-09;22.2;18.4;14.2;15.6;14.1;12.5;91.0;77.0;61.0;8.0;0.7;0.0;1021.33;1018.96;1020.145;0.0
2018-10-10;21.2;18.0;15.2;14.8;13.6;12.2;91.0;76.0;63.0;9.7;1.1;0.0;1021.0;1018.63;1019.815;1.02
2018-10-11;17.2;15.4;13.9;14.4;12.7;10.8;96.0;85.0;67.0;8.0;1.3;0.0;1022.35;1017.61;1019.98;6.86
2018-10-12;21.9;17.6;14.0;16.3;14.2;12.6;96.0;81.0;62.0;8.0;1.2;0.0;1025.06;1022.01;1023.535;0.0
2018-10-13;21.0;17.2;13.5;15.1;13.9;12.5;96.0;82.0;67.0;12.9;1.1;0.0;1024.38;1020.66;1022.52;0.0
2018-10-14;20.9;17.1;13.6;13.4;11.5;10.6;85.0;71.0;53.0;9.7;0.8;0.0;1021.0;1016.93;1018.9649999999999;0.0
2018-10-15;19.8;16.4;12.9;12.7;11.2;9.6;82.0;72.0;60.0;9.7;0.6;0.0;1019.3;1016.59;1017.9449999999999;0.0
2018-10-16;21.0;16.4;13.7;12.8;11.6;10.6;87.0;74.0;54.0;6.4;0.6;0.0;1020.32;1018.63;1019.475;0.0
2018-10-17;19.1;16.3;13.5;13.1;12.0;11.0;86.0;76.0;65.0;6.4;0.4;0.0;1019.64;1016.59;1018.115;0.0
2018-10-18;22.4;17.4;13.4;13.9;12.5;11.0;86.0;74.0;57.0;6.4;0.7;0.0;1017.27;1013.88;1015.575;0.0
2018-10-19;22.1;18.0;15.2;14.7;13.3;12.1;83.0;75.0;62.0;8.0;0.8;0.0;1019.64;1015.92;1017.78;0.0
2018-10-20;21.2;17.7;15.4;14.4;12.9;11.0;84.0;74.0;61.0;8.0;0.9;0.0;1022.69;1019.64;1021.165;0.0
2018-10-21;17.6;14.6;10.2;13.1;10.8;6.0;88.0;78.0;71.0;32.2;3.5;0.0;1022.69;1016.26;1019.475;0.0
2018-10-22;16.6;12.6;8.5;7.0;5.5;3.9;78.0;63.0;44.0;8.0;1.4;0.0;1023.03;1019.64;1021.335;0.0
2018-10-23;17.9;13.6;9.9;9.1;7.2;5.2;78.0;66.0;53.0;11.3;1.9;0.0;1023.71;1016.26;1019.985;0.0
2018-10-24;28.2;23.0;14.6;10.1;6.3;3.1;67.0;35.0;23.0;33.8;10.0;0.0;1015.92;1008.47;1012.1949999999999;0.0
2018-10-25;23.4;16.8;12.4;13.0;10.9;6.1;87.0;70.0;33.0;24.1;3.1;0.0;1015.92;1011.18;1013.55;0.0
2018-10-26;15.6;14.0;12.8;12.9;12.2;11.3;97.0;89.0;83.0;6.4;0.7;0.0;1014.56;1008.47;1011.515;2.54
2018-10-27;13.6;13.0;12.4;13.3;12.7;12.3;99.0;98.0;96.0;17.7;5.2;0.0;1008.47;996.95;1002.71;37.59
2018-10-28;14.4;13.4;12.5;14.2;13.0;12.2;99.0;98.0;88.0;22.5;5.5;0.0;1002.03;994.24;998.135;63.5
2018-10-29;14.8;12.9;9.9;14.6;12.1;9.1;99.0;95.0;81.0;37.0;10.6;0.0;1001.36;983.75;992.5550000000001;67.31
2018-10-30;11.7;10.8;9.7;9.4;7.6;6.3;91.0;81.0;74.0;43.5;7.4;0.0;1016.59;992.21;1004.4000000000001;1.02
2018-10-31;13.1;10.9;9.8;9.5;7.7;6.3;92.0;81.0;71.0;19.3;3.2;0.0;1020.66;1016.59;1018.625;3.3
2018-11-01;13.0;11.3;9.9;11.8;10.2;7.9;98.0;94.0;72.0;14.5;2.4;0.0;1018.96;1012.87;1015.915;17.53
2018-11-02;13.7;11.7;10.6;12.3;11.0;10.0;99.0;96.0;85.0;8.0;0.8;0.0;1019.3;1017.27;1018.285;13.97
2018-11-03;15.5;12.9;10.4;13.5;11.7;9.9;98.0;93.0;86.0;8.0;1.4;0.0;1023.03;1018.96;1020.995;8.38
2018-11-04;17.3;15.0;13.3;13.8;12.1;10.1;98.0;84.0;71.0;8.0;1.2;0.0;1018.96;1013.55;1016.255;0.51
2018-11-05;14.5;12.8;11.6;13.5;12.2;11.3;98.0;96.0;91.0;8.0;1.4;0.0;1014.9;1011.85;1013.375;45.97
2018-11-06;16.6;13.8;11.8;13.9;12.1;10.9;98.0;90.0;82.0;17.7;5.8;0.0;1014.9;1012.19;1013.5450000000001;5.59
2018-11-07;13.9;12.6;12.2;13.3;12.2;11.7;99.0;97.0;92.0;9.7;1.4;0.0;1018.29;1012.87;1015.5799999999999;20.83
2018-11-08;13.9;12.5;11.4;12.4;11.7;11.1;99.0;95.0;89.0;6.4;0.8;0.0;1021.0;1018.29;1019.645;4.06
2018-11-09;13.1;11.9;10.8;12.3;11.2;9.9;99.0;96.0;90.0;6.4;0.5;0.0;1019.3;1016.59;1017.9449999999999;3.56
2018-11-10;11.9;10.6;9.5;10.9;10.4;9.4;100.0;99.0;89.0;16.1;2.4;0.0;1016.59;1014.22;1015.405;4.57
2018-11-11;11.4;10.7;9.5;11.3;10.6;9.4;100.0;100.0;100.0;12.9;2.7;0.0;1023.37;1015.58;1019.475;6.1
2018-11-12;13.5;12.0;11.2;12.9;11.8;11.0;100.0;99.0;95.0;8.0;0.8;0.0;1026.41;1023.37;1024.89;0.0
2018-11-13;16.0;12.9;10.7;14.0;12.2;10.5;100.0;96.0;86.0;8.0;1.0;0.0;1026.75;1025.06;1025.905;0.51
2018-11-14;15.6;11.6;8.9;13.0;10.9;8.7;100.0;95.0;82.0;8.0;1.2;0.0;1028.78;1025.4;1027.0900000000001;0.51
2018-11-15;11.6;10.1;7.7;11.3;9.8;7.6;100.0;98.0;93.0;4.8;0.5;0.0;1026.08;1023.03;1024.5549999999998;0.25
2018-11-16;10.2;8.9;7.5;9.6;5.8;3.4;96.0;82.0;71.0;14.5;1.9;0.0;1027.09;1023.37;1025.23;0.0
2018-11-17;10.2;7.0;4.0;3.9;2.6;1.3;84.0;74.0;59.0;14.5;1.4;0.0;1026.75;1022.69;1024.72;0.0
2018-11-18;8.2;5.0;1.8;2.0;-1.3;-3.4;82.0;65.0;49.0;8.0;1.0;0.0;1024.72;1013.55;1019.135;0.0
2018-11-19;3.9;3.2;1.9;1.7;0.3;-1.4;91.0;82.0;73.0;9.7;1.9;0.0;1013.55;1006.43;1009.99;0.0
2018-11-20;5.1;3.1;2.0;3.7;2.3;1.1;98.0;95.0;89.0;4.8;0.6;0.0;1011.18;1004.74;1007.96;2.03
2018-11-21;8.1;4.6;1.7;5.3;3.4;1.3;98.0;92.0;80.0;6.4;0.7;0.0;1016.93;1010.84;1013.885;2.79
2018-11-22;9.7;7.3;4.9;7.4;6.2;4.4;98.0;93.0;81.0;3.2;0.2;0.0;1021.33;1016.59;1018.96;0.0
2018-11-23;7.9;7.0;5.6;7.3;6.5;5.2;98.0;97.0;93.0;6.4;0.7;0.0;1022.35;1015.58;1018.965;12.19
2018-11-24;8.4;7.4;6.1;8.3;7.3;5.9;100.0;99.0;99.0;9.7;0.9;0.0;1015.58;1013.21;1014.395;13.72
2018-11-25;9.9;7.7;6.7;8.6;7.2;6.2;100.0;97.0;86.0;6.4;0.6;0.0;1013.55;1000.68;1007.115;0.0
2018-11-26;10.9;8.0;5.7;7.5;6.2;3.9;98.0;89.0;70.0;8.0;0.9;0.0;1002.71;997.63;1000.1700000000001;0.25
2018-11-27;13.6;9.4;5.7;7.7;3.1;-3.9;94.0;69.0;38.0;12.9;2.4;0.0;1013.21;1002.71;1007.96;0.0
2018-11-28;11.4;7.7;4.0;2.4;0.6;-4.1;84.0;61.0;40.0;6.4;0.8;0.0;1024.04;1013.21;1018.625;0.0
2018-11-29;6.7;4.3;1.3;2.9;2.0;0.2;94.0;85.0;76.0;9.7;0.5;0.0;1026.08;1023.03;1024.5549999999998;0.0
2018-11-30;4.7;3.2;1.4;2.3;1.6;0.3;94.0;89.0;83.0;6.4;0.6;0.0;1023.37;1017.61;1020.49;0.0
2018-12-01;6.6;3.0;0.2;3.1;1.3;-0.4;98.0;89.0;69.0;6.4;0.5;0.0;1021.0;1017.61;1019.3050000000001;0.0
2018-12-02;6.6;3.9;1.0;4.0;2.1;-0.6;97.0;89.0;78.0;6.4;0.8;0.0;1021.0;1014.56;1017.78;0.0
2018-12-03;9.3;5.6;2.7;5.1;3.6;1.8;96.0;88.0;72.0;11.3;1.1;0.0;1015.58;1011.18;1013.38;1.27
2018-12-04;16.2;7.6;3.1;9.8;5.2;1.6;98.0;86.0;48.0;11.3;1.2;0.0;1021.0;1012.19;1016.595;0.25
2018-12-05;12.0;8.4;6.2;6.4;4.7;2.7;91.0;78.0;62.0;9.7;1.1;0.0;1025.06;1021.0;1023.03;0.0
2018-12-06;10.5;7.7;4.4;6.9;5.6;4.0;97.0;87.0;77.0;8.0;1.1;0.0;1024.38;1021.33;1022.855;0.0
2018-12-07;10.9;7.1;4.2;7.4;5.6;3.8;98.0;91.0;73.0;6.4;0.8;0.0;1023.71;1009.82;1016.7650000000001;2.03
2018-12-08;13.8;9.5;5.6;6.3;-1.1;-6.5;98.0;53.0;24.0;32.2;6.3;0.0;1013.88;1008.47;1011.175;1.52
2018-12-09;13.5;8.1;3.3;4.1;0.1;-2.8;74.0;58.0;37.0;16.1;2.7;0.0;1012.87;1005.76;1009.315;0.0
2018-12-10;12.1;9.6;6.6;1.5;-2.8;-4.6;64.0;42.0;31.0;22.5;7.9;0.0;1017.61;1011.51;1014.56;0.0
2018-12-11;9.9;7.1;3.5;-2.4;-8.5;-13.1;55.0;34.0;19.0;24.1;5.3;0.0;1018.63;1016.26;1017.4449999999999;0.0
2018-12-12;7.3;4.1;0.2;-4.1;-7.9;-12.1;57.0;42.0;29.0;8.0;1.0;0.0;1019.3;1016.93;1018.115;0.0
2018-12-13;5.4;2.9;0.8;-2.2;-5.5;-9.2;79.0;56.0;38.0;8.0;0.7;0.0;1016.93;1013.88;1015.405;0.0
2018-12-14;4.5;0.9;-2.1;-2.3;-3.5;-5.0;88.0;73.0;55.0;8.0;0.6;0.0;1018.29;1014.22;1016.255;0.0
2018-12-15;4.2;0.9;-1.3;-1.5;-2.8;-4.0;87.0;77.0;65.0;8.0;0.9;0.0;1020.32;1017.95;1019.135;0.0
2018-12-16;1.6;0.7;-0.2;-0.6;-1.7;-2.8;94.0;84.0;76.0;6.4;0.5;0.0;1019.3;1016.59;1017.9449999999999;0.0
2018-12-17;7.1;1.8;-0.7;1.2;-0.5;-1.9;96.0;86.0;63.0;9.7;1.8;0.0;1026.75;1017.27;1022.01;0.0
2018-12-18;7.0;2.8;0.1;1.3;-0.8;-3.2;92.0;78.0;59.0;4.8;0.5;0.0;1029.12;1026.08;1027.6;0.0
2018-12-19;0.4;0.1;-0.1;-0.2;-0.5;-2.8;97.0;96.0;80.0;4.8;0.6;0.0;1026.08;1020.66;1023.3699999999999;1.52
2018-12-20;3.3;1.3;-0.1;2.3;0.7;-0.5;98.0;96.0;93.0;11.3;1.9;0.0;1025.74;1020.66;1023.2;8.64
2018-12-21;4.5;1.9;-0.2;2.8;1.1;-0.8;97.0;94.0;87.0;8.0;1.0;0.0;1027.09;1022.69;1024.8899999999999;0.25
2018-12-22;8.9;5.0;1.9;4.4;2.7;1.0;95.0;86.0;71.0;9.7;1.6;0.0;1022.69;1018.96;1020.825;0.0
2018-12-23;4.8;2.0;-1.9;3.3;1.3;-2.4;99.0;95.0;85.0;11.3;1.2;0.0;1024.38;1019.98;1022.1800000000001;0.25
2018-12-24;16.3;8.8;1.1;6.3;0.8;-11.2;99.0;65.0;17.0;43.5;5.9;0.0;1025.74;1012.87;1019.3050000000001;0.0
2018-12-25;7.4;4.7;0.9;0.3;-1.7;-6.7;94.0;65.0;41.0;9.7;1.4;0.0;1030.82;1025.4;1028.1100000000001;0.0
2018-12-26;8.3;4.6;1.8;1.8;-1.1;-2.9;85.0;67.0;48.0;8.0;1.5;0.0;1031.16;1026.75;1028.955;0.0
2018-12-27;8.3;4.2;-1.3;2.9;0.2;-2.9;93.0;76.0;63.0;8.0;1.1;0.0;1028.11;1025.4;1026.755;0.0
2018-12-28;9.6;5.8;2.3;0.8;-0.7;-3.2;84.0;64.0;44.0;6.4;0.5;0.0;1025.06;1022.69;1023.875;0.0
2018-12-29;11.4;7.0;3.6;2.4;-0.2;-3.3;81.0;61.0;47.0;6.4;0.8;0.0;1026.75;1023.71;1025.23;0.0
2018-12-30;15.2;11.0;4.7;0.9;-4.3;-7.6;71.0;38.0;21.0;45.1;8.1;0.0;1026.08;1021.33;1023.7049999999999;0.0
2018-12-31;10.9;7.6;3.7;1.2;-2.4;-5.7;80.0;51.0;34.0;9.7;1.3;0.0;1028.11;1023.37;1025.74;0.0
2019-01-01;8.3;4.7;2.2;3.4;1.1;-1.7;96.0;78.0;66.0;8.0;1.4;0.0;1030.48;1016.93;1023.7049999999999;0.0
2019-01-02;11.7;7.9;3.0;1.0;-9.2;-16.2;83.0;32.0;17.0;46.7;13.7;0.0;1024.04;1015.58;1019.81;0.0
2019-01-03;6.2;3.7;0.8;-7.7;-11.9;-16.4;49.0;32.0;19.0;33.8;4.6;0.0;1027.09;1023.03;1025.06;0.0
2019-01-04;4.4;1.8;-0.3;-7.8;-10.6;-13.6;53.0;40.0;30.0;6.4;0.7;0.0;1029.46;1024.72;1027.0900000000001;0.0
2019-01-05;7.7;2.2;-1.2;-3.3;-8.4;-12.4;66.0;46.0;36.0;14.5;1.6;0.0;1025.06;1016.59;1020.825;0.0
2019-01-06;14.8;9.1;0.2;-3.2;-5.1;-6.4;75.0;39.0;23.0;32.2;7.0;0.0;1021.0;1016.93;1018.9649999999999;0.0
2019-01-07;9.6;4.9;1.6;2.7;-1.3;-7.1;91.0;68.0;31.0;16.1;1.6;0.0;1026.41;1020.66;1023.5350000000001;0.0
2019-01-08;9.4;3.5;-1.0;4.2;1.4;-2.0;97.0;87.0;69.0;12.9;1.9;0.0;1025.06;1009.14;1017.0999999999999;0.0
2019-01-09;8.3;5.4;-1.7;2.4;-8.0;-13.3;98.0;43.0;23.0;35.4;8.4;0.0;1009.82;1004.74;1007.28;0.0
2019-01-10;9.2;6.2;4.1;-11.3;-12.2;-13.6;30.0;26.0;19.0;29.0;10.0;0.0;1015.58;1007.11;1011.345;0.0
2019-01-11;7.3;3.6;0.6;-6.8;-10.0;-12.7;55.0;37.0;25.0;9.7;1.8;0.0;1020.32;1015.58;1017.95;0.0
2019-01-12;7.3;2.8;0.0;-5.1;-7.3;-9.4;58.0;48.0;39.0;6.4;0.5;0.0;1019.64;1012.19;1015.915;0.0
2019-01-13;9.9;5.1;-1.4;0.1;-2.5;-7.1;83.0;59.0;43.0;16.1;2.8;0.0;1012.53;1002.03;1007.28;0.0
2019-01-14;12.8;10.1;7.2;2.6;-2.2;-7.6;67.0;44.0;26.0;30.6;9.5;0.0;1012.19;998.98;1005.585;0.0
2019-01-15;12.4;8.1;3.9;-1.1;-5.3;-9.8;58.0;39.0;27.0;30.6;3.4;0.0;1018.63;1012.19;1015.4100000000001;0.0
2019-01-16;10.6;8.3;6.8;6.0;1.7;-5.4;94.0;64.0;41.0;16.1;2.4;0.0;1018.96;1016.59;1017.7750000000001;1.27
2019-01-17;6.8;5.1;3.6;6.0;4.7;3.2;98.0;97.0;94.0;8.0;0.7;0.0;1016.59;1009.48;1013.0350000000001;6.1
2019-01-18;9.7;3.6;-1.1;7.2;2.2;-2.3;98.0;91.0;68.0;17.7;2.4;0.0;1016.26;1007.45;1011.855;0.0
2019-01-19;4.2;2.4;1.0;1.9;-0.7;-2.4;93.0;81.0;66.0;6.4;0.7;0.0;1017.27;1014.56;1015.915;0.25
2019-01-20;4.9;1.4;-1.3;-0.2;-1.7;-3.0;90.0;80.0;65.0;8.0;0.5;0.0;1016.26;1013.21;1014.735;0.0
2019-01-21;7.3;2.2;-1.3;-0.1;-1.5;-3.1;92.0;78.0;52.0;6.4;0.8;0.0;1017.27;1014.56;1015.915;0.0
2019-01-22;5.2;1.7;-1.8;-0.2;-2.6;-4.1;93.0;74.0;55.0;9.7;0.8;0.0;1014.56;1001.02;1007.79;0.0
2019-01-23;0.8;-0.5;-1.6;-1.2;-2.5;-4.5;93.0;87.0;78.0;8.0;0.7;0.0;1001.02;994.58;997.8;0.0
2019-01-24;6.1;1.4;-2.1;0.4;-2.3;-3.8;97.0;78.0;51.0;9.7;1.1;0.0;1003.73;996.28;1000.005;0.0
2019-01-25;5.8;2.4;-0.9;-2.2;-5.1;-11.8;76.0;59.0;33.0;12.9;1.5;0.0;1010.16;1003.39;1006.775;0.0
2019-01-26;7.1;2.1;-1.2;-1.9;-4.1;-6.7;85.0;65.0;39.0;8.0;0.7;0.0;1010.84;1007.79;1009.315;0.0
2019-01-27;1.3;0.1;-0.9;0.7;-1.7;-3.5;96.0;88.0;75.0;11.3;1.6;0.0;1007.79;995.26;1001.525;1.78
2019-01-28;9.2;3.3;-0.3;1.0;-1.3;-6.2;98.0;75.0;38.0;12.9;2.4;0.0;1001.36;992.55;996.9549999999999;3.05
2019-01-29;7.4;2.7;-1.1;0.2;-1.6;-3.4;95.0;75.0;48.0;8.0;1.2;0.0;1005.76;1001.36;1003.56;0.25
2019-01-30;3.4;1.7;0.6;0.6;-0.8;-3.9;93.0;84.0;63.0;8.0;1.8;0.0;1002.37;998.31;1000.3399999999999;0.25
2019-01-31;3.8;1.1;-1.1;1.3;-0.3;-2.0;96.0;91.0;82.0;6.4;0.8;0.0;1004.06;999.66;1001.8599999999999;0.25
2019-02-01;0.7;0.3;-0.2;0.4;-0.2;-0.6;98.0;97.0;95.0;6.4;0.7;0.0;1004.4;993.91;999.155;2.29
2019-02-02;6.2;2.4;-0.1;5.1;1.9;-0.4;98.0;97.0;91.0;11.3;1.5;0.0;998.65;992.55;995.5999999999999;48.01
2019-02-03;6.1;3.5;2.2;4.8;2.6;-5.0;98.0;95.0;45.0;14.5;1.4;0.0;1015.24;996.95;1006.095;1.78
2019-02-04;10.4;6.3;2.8;0.8;-2.9;-6.7;82.0;53.0;32.0;12.9;1.6;0.0;1025.74;1015.24;1020.49;0.0
2019-02-05;9.5;5.0;1.9;1.1;-1.3;-3.1;82.0;65.0;46.0;8.0;0.9;0.0;1025.74;1022.69;1024.2150000000001;0.0
2019-02-06;11.3;6.9;3.2;0.4;-1.9;-4.5;65.0;54.0;44.0;9.7;1.4;0.0;1025.74;1022.35;1024.045;0.0
2019-02-07;7.7;5.2;2.2;0.7;-0.9;-3.8;79.0;65.0;50.0;4.8;0.6;0.0;1022.69;1015.92;1019.3050000000001;0.0
2019-02-08;11.5;6.7;1.8;1.5;-0.6;-2.1;84.0;61.0;43.0;8.0;0.6;0.0;1020.66;1016.59;1018.625;0.0
2019-02-09;11.2;7.3;3.2;1.2;-0.7;-3.1;73.0;58.0;38.0;8.0;1.2;0.0;1019.98;1017.61;1018.7950000000001;0.0
2019-02-10;6.8;4.9;2.7;4.4;3.3;0.2;98.0;91.0;64.0;8.0;0.9;0.0;1019.3;1006.1;1012.7;10.67
2019-02-11;10.6;7.0;1.8;2.8;-5.6;-11.4;98.0;46.0;22.0;37.0;12.4;0.0;1021.33;1006.1;1013.715;0.25
2019-02-12;15.1;9.5;4.4;-2.9;-9.0;-16.4;51.0;28.0;10.0;32.2;7.2;0.0;1029.46;1021.0;1025.23;0.0
2019-02-13;10.9;6.9;3.8;0.7;-1.6;-6.5;68.0;55.0;41.0;11.3;1.6;0.0;1036.57;1029.46;1033.0149999999999;0.0
2019-02-14;14.2;8.0;2.7;2.5;0.4;-1.6;76.0;60.0;41.0;8.0;0.8;0.0;1036.57;1030.48;1033.525;0.0
2019-02-15;14.8;9.3;5.2;2.8;1.4;-0.1;74.0;59.0;40.0;6.4;1.1;0.0;1032.17;1028.11;1030.1399999999999;0.0
2019-02-16;14.7;9.3;5.1;3.7;2.2;0.8;76.0;62.0;44.0;8.0;1.2;0.0;1031.83;1028.11;1029.9699999999998;0.0
2019-02-17;15.8;10.3;4.8;4.1;2.1;0.4;78.0;58.0;37.0;6.4;0.9;0.0;1028.11;1024.04;1026.0749999999998;0.0
2019-02-18;14.1;9.1;4.5;5.1;2.9;0.4;81.0;66.0;48.0;8.0;1.2;0.0;1024.72;1020.32;1022.52;0.0
2019-02-19;12.5;8.2;3.4;5.3;3.9;2.1;93.0;76.0;57.0;9.7;1.8;0.0;1022.01;1019.64;1020.825;0.0
2019-02-20;8.7;5.6;3.1;4.8;3.6;1.8;94.0;87.0;76.0;4.8;0.5;0.0;1025.4;1021.67;1023.5350000000001;0.0
2019-02-21;14.1;8.7;3.9;6.0;4.7;3.0;96.0;78.0;54.0;8.0;0.9;0.0;1027.43;1024.72;1026.075;0.0
2019-02-22;18.1;11.2;5.6;5.6;3.9;1.1;86.0;63.0;41.0;12.9;1.6;0.0;1025.74;1021.33;1023.5350000000001;0.0
2019-02-23;10.7;5.6;1.9;4.3;-0.7;-6.1;84.0;65.0;48.0;19.3;3.9;0.0;1035.9;1025.74;1030.8200000000002;0.0
2019-02-24;9.8;4.7;-0.2;-2.2;-5.6;-10.1;63.0;48.0;40.0;11.3;1.3;0.0;1037.25;1033.19;1035.22;0.0
2019-02-25;14.7;9.1;2.7;0.7;-1.3;-3.6;66.0;49.0;35.0;11.3;2.3;0.0;1034.88;1030.14;1032.5100000000002;0.0
2019-02-26;18.7;12.8;7.2;2.9;1.0;-1.1;57.0;45.0;33.0;9.7;1.2;0.0;1030.48;1024.38;1027.43;0.0
2019-02-27;20.8;15.1;10.5;2.4;-0.5;-4.0;49.0;35.0;22.0;8.0;1.3;0.0;1024.38;1021.0;1022.69;0.0
2019-02-28;17.4;13.0;8.2;7.8;3.5;-0.4;84.0;54.0;38.0;16.1;2.1;0.0;1021.33;1012.87;1017.1;0.0
2019-03-01;17.2;10.2;4.9;7.2;5.2;-1.7;95.0;73.0;40.0;11.3;1.6;0.0;1013.21;1008.47;1010.84;0.0
2019-03-02;15.8;11.6;5.3;3.9;0.0;-3.2;87.0;47.0;33.0;16.1;1.9;0.0;1015.24;1012.19;1013.715;0.0
2019-03-03;16.8;11.4;6.7;5.0;1.0;-1.5;71.0;50.0;33.0;9.7;1.4;0.0;1018.29;1014.56;1016.425;0.0
2019-03-04;10.2;8.1;4.6;7.7;6.0;3.4;98.0;87.0;70.0;12.9;2.4;0.0;1015.24;1005.42;1010.3299999999999;9.4
2019-03-05;16.1;10.1;3.9;4.5;0.3;-3.4;98.0;54.0;30.0;12.9;2.6;0.0;1014.22;1008.47;1011.345;0.0
2019-03-06;11.9;9.8;6.4;5.7;2.0;-3.3;75.0;59.0;37.0;8.0;1.1;0.0;1016.93;1013.55;1015.24;0.0
2019-03-07;12.5;10.1;8.0;9.8;7.3;4.7;96.0;83.0;70.0;27.4;4.8;0.0;1013.88;1006.43;1010.155;6.1
2019-03-08;15.7;11.2;8.1;9.2;6.9;4.8;92.0;76.0;55.0;8.0;1.5;0.0;1019.64;1010.84;1015.24;0.0
2019-03-09;16.2;11.6;7.1;8.1;6.1;4.4;90.0;70.0;48.0;17.7;2.7;0.0;1021.33;1017.95;1019.6400000000001;0.0
2019-03-10;16.3;11.5;6.6;9.6;7.5;4.8;90.0;77.0;64.0;14.5;3.2;0.0;1019.98;1011.85;1015.915;0.0
2019-03-11;14.3;10.7;5.3;7.8;-6.4;-14.7;80.0;31.0;17.0;40.2;12.6;0.0;1022.01;1011.18;1016.595;0.0
2019-03-12;13.2;8.2;2.7;-3.5;-8.9;-14.1;48.0;31.0;15.0;29.0;5.5;0.0;1024.38;1018.29;1021.335;0.0
2019-03-13;15.1;8.0;3.9;2.6;0.1;-3.7;89.0;59.0;28.0;16.1;2.9;0.0;1017.95;1008.13;1013.04;0.0
2019-03-14;13.9;9.0;2.9;2.6;-0.9;-4.1;88.0;53.0;29.0;11.3;2.3;0.0;1014.22;1007.45;1010.835;0.0
2019-03-15;19.2;13.9;8.3;5.4;3.0;0.4;67.0;49.0;35.0;20.9;6.1;0.0;1011.18;1007.11;1009.145;0.0
2019-03-16;22.0;15.1;8.5;8.4;4.4;0.3;70.0;51.0;30.0;11.3;2.2;0.0;1014.22;1010.16;1012.19;0.0
2019-03-17;12.4;10.8;8.7;8.3;7.1;5.7;94.0;78.0;69.0;12.9;2.4;0.0;1014.22;1008.47;1011.345;0.25
2019-03-18;13.6;9.5;4.8;8.0;-3.1;-11.1;96.0;49.0;18.0;29.0;10.3;0.0;1019.3;1006.77;1013.035;8.89
2019-03-19;12.2;7.5;3.7;3.7;1.2;-1.6;92.0;67.0;42.0;11.3;1.7;0.0;1027.09;1019.3;1023.1949999999999;0.0
2019-03-20;12.8;8.0;4.7;0.2;-0.9;-1.9;67.0;54.0;39.0;12.9;1.8;0.0;1031.49;1027.09;1029.29;0.0
2019-03-21;15.4;9.1;4.3;0.4;-1.4;-3.6;62.0;49.0;33.0;12.9;1.9;0.0;1033.19;1028.78;1030.9850000000001;0.0
2019-03-22;18.8;12.4;6.3;1.7;0.1;-1.4;58.0;44.0;29.0;9.7;1.2;0.0;1030.82;1025.74;1028.28;0.0
2019-03-23;21.1;15.3;8.8;2.7;0.7;-1.8;52.0;38.0;24.0;8.0;1.3;0.0;1026.41;1021.67;1024.04;0.0
2019-03-24;22.7;16.9;11.0;4.7;1.8;0.1;48.0;37.0;24.0;12.9;1.7;0.0;1022.69;1014.56;1018.625;0.0
2019-03-25;21.5;14.7;9.1;4.2;-2.4;-12.2;54.0;33.0;17.0;48.3;9.2;0.0;1014.56;1005.42;1009.99;0.0
2019-03-26;15.0;9.4;4.2;2.9;-2.5;-11.3;84.0;48.0;22.0;20.9;4.2;0.0;1023.37;1011.85;1017.61;0.0
2019-03-27;13.4;9.2;5.6;-0.4;-1.9;-3.2;55.0;46.0;37.0;17.7;2.2;0.0;1027.43;1023.03;1025.23;0.0
2019-03-28;14.2;9.3;5.1;2.1;0.4;-2.7;68.0;55.0;42.0;14.5;1.7;0.0;1029.8;1026.75;1028.275;0.0
2019-03-29;16.8;11.5;7.3;2.5;1.1;0.1;62.0;50.0;35.0;11.3;2.0;0.0;1031.16;1026.41;1028.785;0.0
2019-03-30;21.2;15.4;10.2;3.4;0.0;-4.1;50.0;37.0;19.0;8.0;1.2;0.0;1018.96;1013.21;1016.085;0.0
2019-04-01;14.1;13.7;13.5;-0.7;-1.4;-1.7;37.0;36.0;35.0;3.2;1.0;0.0;1014.56;1014.56;1014.56;0.0
2019-04-01;20.8;16.2;11.6;4.3;0.9;-2.9;50.0;36.0;27.0;9.7;1.2;0.0;1016.26;1012.53;1014.395;0.0
2019-04-02;19.1;15.5;10.4;7.3;4.2;2.1;69.0;47.0;33.0;11.3;2.1;0.0;1014.22;1009.14;1011.6800000000001;0.25
2019-04-03;13.3;10.4;8.6;8.0;6.5;4.3;93.0;78.0;59.0;17.7;3.9;0.0;1009.48;1001.36;1005.4200000000001;4.83
2019-04-04;10.5;8.3;5.6;8.8;7.2;4.4;97.0;94.0;82.0;33.8;7.5;0.0;1001.36;995.26;998.31;41.66
2019-04-05;13.4;8.7;5.1;8.0;6.0;4.4;98.0;84.0;61.0;8.0;1.0;0.0;1004.74;995.94;1000.34;0.0
2019-04-06;11.7;10.2;8.9;8.8;6.6;3.2;90.0;79.0;65.0;12.9;2.6;0.0;1006.43;1004.06;1005.2449999999999;0.0
2019-04-07;12.3;9.2;7.4;7.9;6.7;5.6;94.0;85.0;64.0;11.3;1.8;0.0;1007.79;1003.39;1005.5899999999999;2.54
2019-04-08;17.8;11.5;5.3;8.3;6.7;4.8;98.0;75.0;49.0;12.9;1.8;0.0;1007.45;1005.08;1006.2650000000001;0.25
2019-04-09;18.6;12.8;8.4;9.9;6.9;5.0;84.0;69.0;46.0;14.5;2.6;0.0;1007.11;1004.4;1005.755;0.0
2019-04-10;15.8;11.7;8.4;9.9;7.7;6.0;89.0;77.0;60.0;17.7;1.5;0.0;1006.43;1003.73;1005.0799999999999;2.79
2019-04-11;11.3;9.8;8.7;9.2;8.6;7.9;97.0;93.0;80.0;14.5;1.0;0.0;1011.51;1005.08;1008.2950000000001;6.1
2019-04-12;14.7;10.8;8.5;8.9;8.2;6.2;97.0;85.0;65.0;14.5;1.5;0.0;1013.21;1010.5;1011.855;8.64
2019-04-13;12.1;9.3;7.2;7.5;6.6;5.8;93.0;84.0;72.0;12.9;3.9;0.0;1013.88;1011.51;1012.6949999999999;0.0
2019-04-14;8.2;6.2;5.1;6.6;5.1;3.8;97.0;93.0;85.0;17.7;2.1;0.0;1016.59;1010.16;1013.375;26.16
2019-04-15;17.1;11.1;5.6;6.6;5.4;3.1;97.0;70.0;43.0;12.9;2.1;0.0;1019.98;1016.59;1018.2850000000001;0.0
2019-04-16;16.4;13.2;10.2;8.6;6.5;5.2;79.0;64.0;51.0;6.4;0.9;0.0;1018.96;1017.27;1018.115;0.0
2019-04-17;21.1;15.2;10.6;7.3;5.4;3.7;69.0;53.0;33.0;11.3;1.5;0.0;1019.98;1017.61;1018.7950000000001;0.0
2019-04-18;18.8;15.2;12.2;7.9;6.1;4.3;65.0;55.0;42.0;14.5;2.7;0.0;1026.08;1019.98;1023.03;0.0
2019-04-19;19.9;15.5;11.4;7.6;6.5;4.6;68.0;56.0;43.0;9.7;1.7;0.0;1029.46;1026.08;1027.77;0.0
2019-04-20;21.3;17.0;12.6;8.6;6.4;4.7;66.0;51.0;35.0;12.9;1.8;0.0;1027.09;1022.35;1024.72;0.0
2019-04-21;22.4;17.5;14.2;7.3;5.0;2.7;57.0;44.0;32.0;16.1;1.5;0.0;1023.37;1015.58;1019.475;0.0
2019-04-22;18.0;14.7;12.7;9.2;5.3;-1.2;77.0;54.0;37.0;17.7;2.9;0.0;1016.59;1007.11;1011.85;0.0
2019-04-23;13.1;11.5;10.4;11.6;10.4;8.8;98.0;93.0;75.0;16.1;2.0;0.0;1006.77;1002.37;1004.5699999999999;19.3
2019-04-24;15.7;12.9;11.3;13.6;12.2;10.8;99.0;96.0;83.0;17.7;4.1;0.0;1014.9;1006.1;1010.5;37.08
2019-04-25;15.7;13.2;11.2;13.3;11.5;10.1;99.0;90.0;78.0;14.5;2.1;0.0;1017.95;1014.22;1016.085;1.52
2019-04-26;16.8;12.5;8.1;13.7;9.7;4.9;99.0;84.0;61.0;22.5;6.0;0.0;1014.22;1010.5;1012.36;7.87
2019-04-27;20.2;14.8;7.7;6.0;2.9;-0.7;85.0;46.0;27.0;17.7;3.9;0.0;1015.24;1012.19;1013.715;0.0
2019-04-28;17.7;14.1;9.6;5.9;-1.3;-6.4;67.0;38.0;21.0;25.7;7.6;0.0;1012.53;1009.82;1011.175;0.0
2019-04-29;14.9;10.4;6.8;7.2;5.2;2.7;86.0;71.0;52.0;12.9;2.0;0.0;1014.56;1011.85;1013.2049999999999;0.0
2019-04-30;21.9;14.6;6.9;7.2;5.5;4.0;84.0;58.0;36.0;14.5;2.2;0.0;1013.55;1008.81;1011.18;0.0
2019-05-01;22.1;16.5;10.9;8.0;6.1;3.7;72.0;52.0;36.0;11.3;2.2;0.0;1012.53;1009.14;1010.835;0.0
2019-05-02;19.7;14.5;9.3;11.2;9.3;6.9;90.0;72.0;54.0;12.9;2.6;0.0;1011.85;1007.79;1009.8199999999999;0.0
2019-05-03;17.3;12.1;10.1;11.4;9.8;8.2;96.0;87.0;63.0;12.9;1.4;0.0;1008.13;1006.1;1007.115;11.43
2019-05-04;17.4;12.1;9.0;10.8;9.2;6.6;96.0;84.0;61.0;14.5;2.3;0.0;1007.45;997.63;1002.54;7.87
2019-05-05;13.6;8.6;4.9;7.8;3.0;-3.6;94.0;70.0;32.0;30.6;6.0;0.0;1008.13;995.94;1002.0350000000001;12.7
2019-05-06;17.6;10.4;2.6;4.8;2.3;-5.1;96.0;63.0;27.0;14.5;1.8;0.0;1014.9;1008.13;1011.515;0.0
2019-05-07;17.2;12.6;7.2;6.9;2.4;-5.0;74.0;51.0;34.0;12.9;1.5;0.0;1017.61;1014.9;1016.255;0.0
2019-05-08;11.2;10.0;8.4;8.8;7.8;6.6;97.0;87.0;74.0;12.9;2.1;0.0;1016.26;1008.13;1012.1949999999999;11.68
2019-05-09;18.4;12.7;7.1;9.4;7.9;6.3;97.0;75.0;49.0;9.7;2.0;0.0;1008.13;1003.73;1005.9300000000001;5.59
2019-05-10;20.6;15.6;11.2;12.6;10.3;7.9;87.0;72.0;53.0;12.9;2.0;0.0;1012.19;1005.76;1008.975;0.0
2019-05-11;16.7;13.5;9.6;13.8;10.4;5.4;92.0;82.0;58.0;46.7;3.6;0.0;1012.87;1006.1;1009.485;12.45
2019-05-12;16.1;11.6;8.6;10.6;8.8;5.2;94.0;84.0;50.0;12.9;1.6;0.0;1017.27;1009.82;1013.5450000000001;0.0
2019-05-13;19.8;15.3;11.2;9.1;5.1;-0.2;83.0;52.0;38.0;12.9;3.2;0.0;1019.3;1016.26;1017.78;0.0
2019-05-14;16.4;12.8;8.2;9.1;6.9;2.4;85.0;68.0;56.0;24.1;4.7;0.0;1019.3;1014.22;1016.76;0.0
2019-05-15;13.8;9.6;4.6;6.4;3.9;1.9;89.0;68.0;47.0;12.9;3.2;0.0;1016.26;1012.53;1014.395;0.0
2019-05-16;17.9;14.6;12.5;8.7;8.1;7.8;75.0;66.0;54.0;9.7;1.4;0.0;1009.82;1008.47;1009.145;0.0
2019-05-17;17.5;14.0;11.3;10.6;8.8;7.5;94.0;72.0;55.0;16.1;2.8;0.0;1009.48;1006.1;1007.79;2.03
2019-05-18;15.7;11.9;10.3;11.4;10.3;9.4;97.0;91.0;68.0;11.3;2.1;0.0;1007.45;1005.08;1006.2650000000001;8.89
2019-05-19;14.2;12.1;10.8;12.6;11.2;10.3;98.0;95.0;87.0;4.8;1.1;0.0;1005.08;1003.05;1004.065;14.48
2019-05-20;14.8;12.6;10.7;13.2;11.6;10.2;97.0;94.0;89.0;6.4;0.6;0.0;1006.1;1002.71;1004.405;2.29
2019-05-21;22.9;16.5;10.8;15.1;12.4;9.9;95.0;79.0;57.0;12.9;2.5;0.0;1011.85;1005.76;1008.8050000000001;1.52
2019-05-22;23.9;17.0;10.9;14.4;12.1;9.4;92.0;74.0;52.0;12.9;1.7;0.0;1014.22;1010.84;1012.53;0.0
2019-05-23;24.6;19.1;13.8;14.3;12.1;9.9;89.0;66.0;41.0;8.0;1.0;0.0;1014.9;1010.84;1012.87;0.0
2019-05-24;24.6;18.7;13.7;16.2;13.1;11.3;91.0;71.0;51.0;12.9;1.9;0.0;1012.53;1009.14;1010.835;12.45
2019-05-25;22.5;16.2;12.5;15.9;13.0;10.7;95.0;82.0;61.0;24.1;2.7;0.0;1013.88;1010.5;1012.19;6.1
2019-05-26;23.0;17.5;13.4;14.7;12.5;11.2;94.0;75.0;49.0;12.9;1.5;0.0;1014.22;1010.84;1012.53;0.51
2019-05-27;16.3;14.3;12.7;14.6;13.3;12.1;98.0;94.0;88.0;11.3;1.0;0.0;1011.85;1007.11;1009.48;20.83
2019-05-28;18.8;14.7;12.5;15.1;12.3;7.6;97.0;87.0;55.0;25.7;2.2;0.0;1007.11;1001.36;1004.235;1.27
2019-05-29;19.2;14.9;11.6;12.2;11.2;10.2;97.0;80.0;61.0;11.3;1.5;0.0;1016.93;1005.76;1011.345;0.25
2019-05-30;22.2;16.8;10.9;12.6;11.1;9.4;93.0;71.0;50.0;11.3;1.8;0.0;1023.03;1017.27;1020.15;0.0
2019-05-31;24.1;18.4;11.5;12.1;9.7;8.0;84.0;59.0;40.0;11.3;1.9;0.0;1023.71;1019.64;1021.675;0.0
2019-06-01;26.8;21.5;16.1;13.9;10.8;9.1;67.0;52.0;36.0;12.9;1.7;0.0;1021.33;1016.59;1018.96;0.0
2019-06-02;28.6;23.5;16.5;16.2;12.9;9.8;65.0;52.0;43.0;14.5;1.6;0.0;1017.61;1013.21;1015.4100000000001;0.0
2019-06-03;30.1;24.9;19.1;15.4;13.4;10.6;66.0;50.0;35.0;9.7;1.6;0.0;1015.24;1010.5;1012.87;0.0
2019-06-04;29.9;24.3;18.8;17.7;15.5;13.7;78.0;59.0;42.0;9.7;1.6;0.0;1011.85;1008.47;1010.1600000000001;0.0
2019-06-05;27.9;23.2;17.5;17.3;14.6;8.6;81.0;60.0;40.0;12.9;1.8;0.0;1009.14;1005.76;1007.45;0.0
2019-06-06;24.6;20.3;17.4;16.8;14.6;9.5;93.0;71.0;47.0;17.7;3.8;0.0;1012.87;1007.45;1010.1600000000001;0.0
2019-06-07;24.4;20.2;16.0;15.2;12.9;10.2;91.0;65.0;43.0;11.3;2.2;0.0;1015.92;1012.87;1014.395;0.0
2019-06-08;27.4;22.5;17.9;16.1;13.6;8.3;79.0;59.0;35.0;11.3;2.2;0.0;1019.64;1015.58;1017.61;0.0
2019-06-09;25.5;21.7;18.7;17.2;14.8;11.3;78.0;65.0;55.0;16.1;2.3;0.0;1021.67;1014.9;1018.285;0.25
2019-06-10;26.1;22.5;19.7;19.0;16.8;15.7;83.0;71.0;59.0;19.3;3.2;0.0;1014.9;1004.4;1009.65;0.25
2019-06-11;26.8;22.0;18.2;18.2;16.6;15.6;95.0;73.0;51.0;14.5;2.8;0.0;1007.45;1004.74;1006.095;5.33
2019-06-12;27.0;21.9;18.2;18.9;13.9;2.7;97.0;65.0;31.0;11.3;1.9;0.0;1010.84;1005.42;1008.13;2.29
2019-06-13;26.7;21.9;15.9;13.1;9.8;5.3;72.0;48.0;29.0;12.9;2.3;0.0;1016.59;1010.84;1013.715;0.0
2019-06-14;29.0;23.9;19.2;16.8;11.6;7.9;71.0;47.0;31.0;16.1;3.3;0.0;1016.93;1011.85;1014.39;0.0
2019-06-15;28.6;23.8;19.6;18.1;16.1;13.2;82.0;63.0;50.0;19.3;1.8;0.0;1012.87;1009.82;1011.345;1.02
2019-06-16;30.8;23.6;15.9;16.9;14.2;8.8;94.0;60.0;27.0;12.9;1.6;0.0;1012.53;1010.5;1011.515;0.0
2019-06-17;30.0;25.4;20.6;16.0;13.5;9.6;64.0;48.0;39.0;11.3;1.7;0.0;1014.9;1011.18;1013.04;0.0
2019-06-18;30.3;25.5;20.4;18.0;16.5;15.8;79.0;59.0;43.0;11.3;2.0;0.0;1014.22;1010.5;1012.36;0.0
2019-06-19;31.1;25.8;21.3;18.6;16.1;11.6;73.0;56.0;40.0;11.3;1.6;0.0;1011.85;1008.13;1009.99;0.0
2019-06-20;28.6;24.0;19.4;15.8;13.2;10.1;71.0;52.0;39.0;11.3;2.3;0.0;1010.84;1008.81;1009.825;0.0
2019-06-21;29.1;23.2;17.8;18.2;15.6;13.1;78.0;63.0;43.0;9.7;1.9;0.0;1013.55;1010.84;1012.1949999999999;0.25
2019-06-22;24.8;20.2;14.0;18.2;15.5;13.4;98.0;76.0;54.0;33.8;2.8;0.0;1014.9;1011.18;1013.04;68.07
2019-06-23;29.1;22.9;16.0;17.3;15.4;13.7;88.0;65.0;45.0;9.7;1.6;0.0;1014.9;1012.19;1013.5450000000001;0.0
2019-06-24;31.6;26.2;21.0;19.0;17.2;14.9;73.0;59.0;42.0;9.7;1.4;0.0;1018.63;1014.9;1016.765;0.0
2019-06-25;32.7;27.8;22.6;20.8;18.6;15.9;71.0;58.0;44.0;9.7;1.3;0.0;1021.0;1018.63;1019.815;0.0
2019-06-26;33.8;29.4;23.9;22.9;21.1;19.1;75.0;62.0;50.0;8.0;1.2;0.0;1021.33;1018.63;1019.98;0.0
2019-06-27;37.2;31.3;25.3;25.2;22.7;16.8;81.0;62.0;41.0;14.5;3.0;0.0;1019.98;1011.51;1015.745;0.0
2019-06-28;34.0;31.3;27.2;24.9;20.1;13.6;67.0;53.0;32.0;20.9;5.5;0.0;1013.88;1010.5;1012.19;0.0
2019-06-29;31.9;27.8;24.1;20.5;17.9;15.2;68.0;56.0;42.0;11.3;2.9;0.0;1016.93;1013.88;1015.405;0.0
2019-06-30;33.5;28.1;22.6;20.1;17.9;14.7;68.0;55.0;41.0;11.3;1.5;0.0;1017.95;1014.9;1016.425;0.0
2019-07-01;33.8;26.9;21.9;20.8;18.5;14.4;77.0;61.0;36.0;29.0;2.7;0.0;1016.26;1010.84;1013.55;0.51
2019-07-02;33.6;27.3;21.7;17.9;16.2;12.8;70.0;52.0;34.0;14.5;3.0;0.0;1015.92;1010.16;1013.04;0.0
2019-07-03;32.6;25.7;19.4;21.3;18.0;16.3;93.0;64.0;44.0;19.3;3.0;0.0;1015.24;1010.84;1013.04;8.64
2019-07-04;29.8;24.0;17.5;18.7;17.3;16.1;93.0;68.0;45.0;11.3;1.7;0.0;1016.26;1014.22;1015.24;0.0
2019-07-05;32.9;27.3;20.6;19.6;17.9;15.4;82.0;58.0;40.0;14.5;2.1;0.0;1015.58;1009.82;1012.7;0.0
2019-07-06;32.3;26.7;22.1;22.8;19.7;16.9;88.0;66.0;47.0;14.5;2.4;0.0;1011.51;1006.1;1008.8050000000001;0.76
2019-07-07;32.8;26.6;20.9;20.8;18.3;9.8;85.0;64.0;27.0;17.7;3.0;0.0;1008.81;1003.73;1006.27;0.0
2019-07-08;31.9;26.3;20.2;19.2;16.3;12.1;86.0;57.0;31.0;12.9;2.5;0.0;1010.16;1006.43;1008.295;0.0
2019-07-09;28.7;22.5;16.3;20.7;17.5;15.1;99.0;75.0;50.0;20.9;3.9;0.0;1010.16;1006.1;1008.13;18.8
2019-07-10;26.1;22.5;18.1;19.1;17.4;15.7;99.0;74.0;56.0;20.9;2.5;0.0;1012.19;1008.47;1010.33;0.0
2019-07-11;25.2;21.8;19.3;16.9;14.9;12.6;82.0;66.0;49.0;11.3;1.2;0.0;1012.87;1009.82;1011.345;0.0
2019-07-12;29.8;23.8;17.5;16.9;15.1;12.3;84.0;60.0;36.0;12.9;1.7;0.0;1011.85;1006.77;1009.31;0.0
2019-07-13;29.2;24.7;19.6;17.7;11.7;4.7;82.0;49.0;24.0;20.9;4.2;0.0;1011.18;1007.11;1009.145;0.0
2019-07-14;28.0;22.9;17.9;15.2;11.6;9.1;67.0;50.0;32.0;12.9;2.4;0.0;1011.51;1006.77;1009.14;0.0
2019-07-15;23.1;18.1;14.3;15.9;13.9;11.8;96.0;77.0;58.0;22.5;5.3;0.0;1012.87;1007.79;1010.3299999999999;66.8
2019-07-16;27.8;22.1;14.8;16.6;14.9;13.3;94.0;66.0;42.0;9.7;1.3;0.0;1013.21;1010.84;1012.0250000000001;0.0
2019-07-17;29.2;24.5;19.6;16.7;14.2;11.1;70.0;54.0;36.0;12.9;1.7;0.0;1012.19;1007.79;1009.99;0.0
2019-07-18;27.7;22.6;19.1;18.4;15.1;11.0;78.0;63.0;48.0;19.3;2.1;0.0;1012.19;1008.13;1010.1600000000001;1.52
2019-07-19;29.4;24.2;20.3;18.9;17.4;15.7;79.0;67.0;50.0;11.3;1.0;0.0;1014.56;1012.19;1013.375;0.0
2019-07-20;30.1;25.7;21.4;19.8;17.8;15.7;76.0;63.0;45.0;11.3;1.3;0.0;1016.26;1014.56;1015.41;0.0
2019-07-21;31.7;26.6;21.2;20.6;18.1;15.8;81.0;61.0;44.0;11.3;1.6;0.0;1018.63;1015.24;1016.935;0.0
2019-07-22;31.8;27.1;22.6;21.9;20.5;18.4;84.0;68.0;52.0;8.0;1.3;0.0;1020.32;1017.27;1018.7950000000001;0.0
2019-07-23;33.9;28.5;25.0;22.8;21.5;20.4;77.0;67.0;49.0;8.0;1.0;0.0;1018.29;1014.56;1016.425;0.0
2019-07-24;34.3;29.5;24.2;23.1;21.6;20.1;83.0;64.0;49.0;9.7;1.2;0.0;1015.58;1012.19;1013.885;0.0
2019-07-25;35.2;29.9;25.8;23.1;21.7;20.6;75.0;63.0;45.0;9.7;1.2;0.0;1014.56;1010.84;1012.7;0.0
2019-07-26;33.9;29.0;25.1;22.1;19.6;16.1;74.0;58.0;39.0;12.9;2.7;0.0;1012.53;1004.06;1008.295;0.0
2019-07-27;27.6;22.8;18.1;20.5;17.4;15.1;94.0;73.0;56.0;24.1;2.6;0.0;1005.08;998.31;1001.6949999999999;0.51
2019-07-28;27.5;22.0;17.2;19.3;17.0;15.1;97.0;75.0;51.0;16.1;3.6;0.0;999.66;995.26;997.46;0.25
2019-07-29;32.1;26.2;19.7;18.9;16.7;13.9;85.0;58.0;38.0;12.9;2.1;0.0;1006.43;999.66;1003.045;0.0
2019-07-30;32.4;26.3;19.9;19.8;17.8;15.8;81.0;61.0;40.0;11.3;1.6;0.0;1008.81;1006.43;1007.6199999999999;0.0
2019-07-31;29.7;24.6;21.2;19.4;18.3;16.8;81.0;69.0;52.0;12.9;2.0;0.0;1011.51;1008.81;1010.16;0.0
2019-08-01;30.8;24.7;20.1;20.9;19.0;17.5;86.0;72.0;52.0;11.3;1.6;0.0;1013.21;1010.5;1011.855;0.0
2019-08-02;27.4;21.8;14.8;19.7;17.2;12.9;97.0;76.0;57.0;22.5;3.4;0.0;1010.84;1007.11;1008.975;11.68
2019-08-03;30.9;24.2;16.2;14.8;12.6;10.4;82.0;51.0;30.0;11.3;1.8;0.0;1011.51;1008.47;1009.99;0.0
2019-08-04;29.0;24.4;20.7;17.9;14.8;11.3;65.0;56.0;49.0;11.3;2.3;0.0;1013.21;1010.16;1011.685;0.0
2019-08-05;30.9;27.5;24.1;19.1;17.9;15.9;72.0;56.0;45.0;9.7;2.1;0.0;1014.22;1010.5;1012.36;0.0
2019-08-06;29.3;24.9;20.2;20.7;19.0;15.8;88.0;71.0;54.0;19.3;2.5;0.0;1013.21;1009.48;1011.345;0.0
2019-08-07;27.1;21.4;17.9;19.7;18.0;15.7;99.0;82.0;63.0;24.1;4.8;0.0;1012.19;1006.1;1009.145;41.15
2019-08-08;28.7;22.1;17.3;19.9;18.3;16.7;98.0;81.0;56.0;9.7;1.2;0.0;1011.51;1008.81;1010.16;0.0
2019-08-09;31.1;25.9;20.9;21.4;20.1;18.3;86.0;72.0;53.0;8.0;1.0;0.0;1013.55;1010.84;1012.1949999999999;0.0
2019-08-10;31.6;27.6;23.9;22.8;21.1;18.8;79.0;68.0;55.0;9.7;1.7;0.0;1013.21;1011.18;1012.1949999999999;0.0
2019-08-11;30.2;27.6;23.9;22.3;21.1;18.8;81.0;69.0;52.0;14.5;3.9;0.0;1013.55;1010.16;1011.855;0.0
2019-08-12;30.06;25.9832727272727;22.2718181818182;21.8843636363636;21.0465454545455;18.5085454545455;85.2545454545455;73.5636363636364;56.5272727272727;11.5005454545455;2.07072727272727;0.0;1013.05574545455;1009.80603636364;1011.4308909090951;0.0
2019-08-13;22.3;20.2;18.6;17.6;16.8;16.1;89.0;81.0;71.0;11.3;1.2;0.0;1010.16;1009.48;1009.8199999999999;0.0
2019-08-14;27.7984615384615;24.6408811188811;21.7551048951049;21.1180979020979;20.420993006993;18.7111468531469;86.5300699300699;77.2671328671329;62.4111888111888;10.818993006993;1.77942657342657;0.0;1012.30485454546;1009.78908671329;1011.046970629375;0.0
2019-08-15;27.1;23.5;19.0;15.4;14.3;13.1;72.0;57.0;44.0;8.0;2.1;0.0;1015.24;1010.84;1013.04;0.0
2019-08-16;27.4;22.0;16.7;15.6;14.6;13.7;87.0;64.0;43.0;8.0;1.5;0.0;1015.92;1011.85;1013.885;0.0
2019-08-17;27.3;22.8;18.5;16.6;15.1;13.5;74.0;62.0;50.0;9.7;1.3;0.0;1015.58;1013.21;1014.395;0.0
2019-08-18;26.6;21.9;19.9;18.1;16.3;15.2;76.0;71.0;59.0;4.8;0.6;0.0;1014.22;1013.21;1013.715;0.0
2019-08-19;26.5570990447461;22.8419068513186;19.832819598702;18.0481566799214;17.1874285844874;16.1856990721697;79.939439645322;70.1757849993144;56.4279903103432;7.03226518579459;1.10103935280406;0.0;1014.21401128937;1011.74070908177;1012.97736018557;0.0
2019-08-20;26.3728845492313;22.7581651523571;19.8801519361272;17.9774804150098;17.1662951111496;16.2924411247507;79.5659033776681;70.3122374014015;56.8008871761194;6.54478702721427;1.03828236160125;0.0;1014.35938323795;1011.95151399636;1013.155448617155;0.0
2019-08-21;26.1886700537165;22.6744234533956;19.9274842735524;17.9068041500983;17.1451616378118;16.3991831773318;79.1923671100142;70.4486898034886;57.1737840418955;6.05730886863395;0.975525370398439;0.0;1014.50475518654;1012.16231891095;1013.333537048745;0.0
2019-08-22;26.0044555582017;22.5906817544341;19.9748166109776;17.8361278851867;17.124028164474;16.5059252299129;78.8188308423603;70.5851422055757;57.5466809076716;5.56983071005367;0.912768379195618;0.0;1014.65012713513;1012.37312382554;1013.5116254803349;0.0
2019-08-23;25.8202410626869;22.5069400554725;20.0221489484028;17.7654516202751;17.1028946911362;16.6126672824939;78.4452945747064;70.7215946076627;57.9195777734477;5.08235255147327;0.850011387992808;0.0;1014.79549908372;1012.58392874013;1013.689713911925;0.0
2019-08-24;25.6360265671721;22.423198356511;20.069481285828;17.6947753553636;17.0817612177984;16.719409335075;78.0717583070524;70.8580470097498;58.2924746392239;4.59487439289297;0.787254396789999;0.0;1014.94087103231;1012.79473365472;1013.867802343515;0.0
2019-08-25;29.4;26.7;23.0;19.2;18.4;17.7;78.0;62.0;52.0;8.0;1.3;0.0;1016.59;1014.22;1015.405;0.51
2019-08-26;29.6;25.0;21.3;19.8;18.0;16.3;77.0;66.0;52.0;9.7;1.7;0.0;1016.93;1014.22;1015.575;0.0
2019-08-27;29.7;25.5;21.9;20.3;18.9;17.7;79.0;67.0;51.0;8.0;1.5;0.0;1016.93;1013.88;1015.405;0.0
2019-08-28;27.2;22.3;18.4;19.9;18.5;16.4;94.0;79.0;62.0;20.9;2.4;0.0;1017.61;1015.24;1016.425;2.03
2019-08-29;30.6;23.9;18.0;20.3;18.1;16.3;96.0;72.0;44.0;9.7;1.0;0.0;1016.93;1014.9;1015.915;0.0
2019-08-30;31.0;25.9;21.1;19.7;18.0;16.4;77.0;63.0;45.0;8.0;1.2;0.0;1017.95;1015.24;1016.595;0.0
2019-08-31;29.9;24.8;21.1;18.9;17.6;15.8;78.0;65.0;48.0;16.1;3.5;0.0;1016.93;1011.85;1014.39;0.0
2019-09-01;30.3;24.8;19.2;19.6;17.9;16.9;89.0;67.0;46.0;11.3;1.8;0.0;1013.21;1007.79;1010.5;0.0
2019-09-02;27.6;22.8;17.7;18.2;17.1;14.8;95.0;72.0;52.0;20.9;2.0;0.0;1014.22;1009.14;1011.6800000000001;6.1
2019-09-03;26.5;22.0;17.8;16.9;15.4;13.0;83.0;67.0;51.0;9.7;1.7;0.0;1019.3;1014.22;1016.76;0.0
2019-09-04;25.2;20.8;18.1;15.7;14.3;12.8;79.0;67.0;52.0;9.7;1.3;0.0;1019.3;1012.87;1016.085;0.0
2019-09-05;25.2;20.5;14.1;16.4;14.3;11.6;88.0;69.0;55.0;25.7;3.6;0.0;1012.87;1008.47;1010.6700000000001;10.16
2019-09-06;18.1;15.6;12.7;14.6;12.7;10.7;92.0;83.0;72.0;43.5;3.6;0.0;1016.26;1011.85;1014.0550000000001;8.89
2019-09-07;23.0;17.7;13.3;14.6;13.3;12.3;97.0;77.0;52.0;9.7;0.7;0.0;1015.92;1011.85;1013.885;0.0
2019-09-08;19.2;15.3;10.6;14.1;11.6;9.2;96.0;79.0;59.0;27.4;4.1;0.0;1012.87;1008.13;1010.5;27.69
2019-09-09;23.2;16.5;9.9;11.9;8.5;4.3;95.0;64.0;30.0;9.7;1.2;0.0;1013.55;1009.14;1011.345;0.25
2019-09-10;21.6;18.0;14.4;13.8;11.0;5.3;76.0;64.0;44.0;12.9;1.1;0.0;1018.29;1013.21;1015.75;0.0
2019-09-11;25.2;20.0;14.1;14.8;13.0;11.7;90.0;66.0;45.0;9.7;1.2;0.0;1022.35;1017.95;1020.1500000000001;0.0
2019-09-12;26.9;21.4;16.3;15.6;14.0;12.3;78.0;64.0;45.0;11.3;1.0;0.0;1027.77;1022.35;1025.06;0.0
2019-09-13;27.3;22.7;18.3;16.4;15.2;13.7;78.0;63.0;49.0;8.0;0.8;0.0;1029.12;1025.74;1027.4299999999998;0.0
2019-09-14;26.8;22.5;19.0;17.4;15.9;14.2;81.0;67.0;55.0;11.3;0.9;0.0;1027.09;1024.04;1025.565;0.0
2019-09-15;26.9;22.8;19.8;17.8;16.4;14.7;81.0;68.0;56.0;8.0;0.7;0.0;1025.06;1019.64;1022.3499999999999;0.0
2019-09-16;27.7;23.0;18.7;18.9;17.3;15.3;82.0;71.0;57.0;8.0;0.8;0.0;1019.64;1013.55;1016.595;0.0
2019-09-17;28.4;23.0;17.8;19.4;17.9;16.6;95.0;74.0;57.0;9.7;1.2;0.0;1014.56;1010.16;1012.3599999999999;0.0
2019-09-18;25.6;21.1;17.3;18.8;17.1;15.3;95.0;79.0;63.0;17.7;2.1;0.0;1015.58;1011.51;1013.5450000000001;0.76
2019-09-19;20.3;16.7;14.2;16.5;13.5;10.9;97.0;82.0;59.0;11.3;1.6;0.0;1022.35;1015.24;1018.7950000000001;15.49
2019-09-20;18.9;16.3;13.7;12.2;9.4;8.0;76.0;64.0;52.0;14.5;1.9;0.0;1024.72;1022.35;1023.5350000000001;0.0
2019-09-21;20.7;16.1;11.9;9.7;8.4;7.0;80.0;61.0;42.0;8.0;0.8;0.0;1024.38;1019.98;1022.1800000000001;0.0
2019-09-22;17.7;15.4;12.9;12.8;11.2;8.6;91.0;77.0;62.0;19.3;1.6;0.0;1019.98;1014.56;1017.27;0.0
2019-09-23;20.3;15.0;12.6;14.7;13.2;12.1;97.0;90.0;70.0;11.3;0.9;0.0;1014.56;1010.16;1012.3599999999999;1.02
2019-09-24;22.9;17.1;13.2;14.1;11.9;8.8;96.0;73.0;51.0;6.4;0.6;0.0;1014.22;1010.16;1012.19;0.25
2019-09-25;23.1;18.0;13.9;14.3;12.8;11.6;88.0;73.0;51.0;8.0;0.9;0.0;1010.5;1006.43;1008.4649999999999;0.0
2019-09-26;22.7;18.0;15.0;16.1;14.6;12.9;90.0;81.0;65.0;8.0;0.8;0.0;1015.92;1009.14;1012.53;0.0
2019-09-27;22.3;18.5;15.7;16.6;15.4;14.2;92.0;83.0;70.0;9.7;0.6;0.0;1016.26;1014.22;1015.24;0.0
2019-09-28;24.4;19.9;17.1;17.3;15.7;14.6;91.0;78.0;59.0;9.7;1.0;0.0;1015.24;1013.55;1014.395;0.0
2019-09-29;24.3;19.5;15.7;16.4;14.9;13.7;90.0;76.0;57.0;9.7;1.5;0.0;1015.58;1011.18;1013.38;0.0
2019-09-30;26.5;20.7;16.8;16.3;14.9;13.5;84.0;71.0;51.0;9.7;1.6;0.0;1011.51;1007.45;1009.48;0.0
2019-10-01;23.9;19.6;16.4;16.8;15.5;14.4;90.0;78.0;60.0;8.0;0.7;0.0;1011.85;1004.74;1008.2950000000001;0.0
2019-10-02;24.3;19.2;14.7;16.3;13.2;6.4;95.0;71.0;43.0;12.9;2.7;0.0;1005.08;1001.02;1003.05;1.52
2019-10-03;19.9;16.5;12.2;8.2;3.0;-3.8;74.0;43.0;27.0;45.1;6.1;0.0;1013.88;1004.4;1009.14;0.0
2019-10-04;16.3;13.2;9.8;9.3;7.7;6.1;81.0;70.0;53.0;14.5;1.1;0.0;1013.88;1008.81;1011.345;0.0
2019-10-05;21.1;14.7;9.3;11.0;9.2;7.4;89.0;71.0;51.0;12.9;1.9;0.0;1010.5;1007.11;1008.8050000000001;0.0
2019-10-06;18.2;15.1;12.4;11.9;10.7;9.5;91.0;76.0;61.0;11.3;2.0;0.0;1014.22;1008.81;1011.515;1.52
2019-10-07;19.2;14.1;11.0;12.9;11.4;10.3;97.0;85.0;62.0;9.7;1.6;0.0;1016.26;1006.1;1011.1800000000001;22.35
2019-10-08;18.0;13.6;11.1;11.5;10.4;9.2;95.0;82.0;58.0;11.3;0.7;0.0;1018.96;1016.26;1017.61;0.0
2019-10-09;13.8;12.9;12.2;12.2;11.1;9.3;98.0;89.0;77.0;9.7;0.7;0.0;1017.61;1012.87;1015.24;2.29
2019-10-10;18.8;13.9;10.0;12.7;11.2;9.5;97.0;85.0;65.0;8.0;1.0;0.0;1019.64;1012.87;1016.255;0.0
2019-10-11;19.3;14.7;11.7;12.7;11.3;10.1;93.0;81.0;62.0;6.4;0.5;0.0;1024.04;1019.64;1021.8399999999999;0.0
2019-10-12;18.7;14.3;11.1;12.7;11.3;9.7;93.0;83.0;65.0;8.0;0.6;0.0;1023.03;1021.33;1022.1800000000001;0.0
2019-10-13;19.3;15.0;11.5;13.6;11.8;10.3;94.0;82.0;61.0;9.7;1.1;0.0;1023.37;1021.33;1022.35;0.0
2019-10-14;20.2;16.0;13.2;13.9;12.9;11.9;92.0;82.0;65.0;8.0;0.8;0.0;1022.35;1017.95;1020.1500000000001;0.0
2019-10-15;16.3;15.0;12.7;15.4;14.3;9.5;98.0;95.0;81.0;24.1;5.8;0.0;1017.95;1006.77;1012.36;35.05
2019-10-16;18.6;14.3;10.6;11.4;9.3;7.6;91.0;73.0;56.0;25.7;2.8;0.0;1017.95;1010.16;1014.0550000000001;7.11
2019-10-17;18.8;15.0;11.8;12.0;10.4;8.2;87.0;75.0;63.0;9.7;1.3;0.0;1018.96;1016.93;1017.9449999999999;0.0
2019-10-18;16.5;13.9;12.3;13.8;12.4;11.2;97.0;91.0;79.0;9.7;0.8;0.0;1017.61;1015.24;1016.425;0.76
2019-10-19;15.4;13.9;12.8;14.2;13.2;12.5;100.0;96.0;89.0;14.5;3.4;0.0;1015.58;1013.21;1014.395;17.27
2019-10-20;18.4;15.6;14.7;15.3;14.1;13.5;97.0;91.0;81.0;24.1;5.9;0.0;1017.61;1014.56;1016.085;4.06
2019-10-21;17.6;16.1;14.4;16.2;14.9;13.6;99.0;93.0;85.0;20.9;5.5;0.0;1021.67;1014.9;1018.285;61.72
2019-10-22;21.2;16.7;13.7;16.6;14.7;13.1;97.0;88.0;74.0;9.7;0.9;0.0;1023.03;1020.32;1021.675;0.0
2019-10-23;21.4;17.0;14.3;16.3;15.1;14.0;100.0;89.0;72.0;6.4;0.4;0.0;1021.0;1015.92;1018.46;0.25
2019-10-24;16.8;14.6;12.9;15.0;13.8;12.3;98.0;95.0;88.0;16.1;2.8;0.0;1016.59;1012.87;1014.73;21.08
2019-10-25;19.4;15.5;13.1;14.1;12.9;11.5;95.0;85.0;69.0;8.0;0.9;0.0;1022.69;1015.58;1019.135;0.0
2019-10-26;21.9;17.0;13.3;14.4;12.6;10.9;88.0;76.0;54.0;6.4;1.1;0.0;1023.37;1020.32;1021.845;0.0
2019-10-27;22.1;17.2;14.0;14.4;13.0;11.4;89.0;77.0;62.0;4.8;0.4;0.0;1021.67;1016.59;1019.13;0.0
2019-10-28;18.3;15.3;13.4;14.6;13.1;11.3;97.0;87.0;76.0;8.0;0.6;0.0;1016.59;1013.55;1015.0699999999999;0.25
2019-10-29;15.7;13.7;12.4;13.9;13.0;12.1;98.0;96.0;87.0;4.8;0.4;0.0;1017.27;1013.21;1015.24;4.83
2019-10-30;13.0;11.6;10.3;12.7;9.7;6.9;98.0;89.0;78.0;12.9;2.8;0.0;1020.66;1017.27;1018.9649999999999;0.25
2019-10-31;10.7;9.8;9.1;8.0;7.2;6.2;90.0;84.0;80.0;8.0;1.1;0.0;1020.32;1018.29;1019.3050000000001;0.0
2019-11-01;12.4;10.2;9.1;8.0;7.1;5.6;91.0;81.0;72.0;4.8;0.3;0.0;1019.3;1012.53;1015.915;0.0
2019-11-02;10.4;9.1;8.2;8.8;7.8;6.5;98.0;92.0;85.0;4.8;0.2;0.0;1012.53;1002.37;1007.45;2.54
2019-11-03;11.6;9.6;8.1;11.4;9.3;7.8;99.0;99.0;98.0;14.5;2.2;0.0;1002.03;989.5;995.765;45.21
2019-11-04;16.9;11.5;6.5;11.6;9.3;6.3;99.0;87.0;61.0;9.7;1.5;0.0;999.66;992.89;996.275;2.29
2019-11-05;15.1;11.7;9.4;11.6;10.2;8.4;97.0;91.0;70.0;12.9;1.5;0.0;998.31;994.24;996.275;9.91
2019-11-06;10.1;8.5;7.2;8.8;7.6;6.7;98.0;95.0;83.0;12.9;1.0;0.0;1005.42;997.63;1001.525;13.46
2019-11-07;10.3;7.7;6.2;8.5;7.1;5.9;98.0;96.0;87.0;16.1;1.5;0.0;1007.45;1003.73;1005.59;12.95
2019-11-08;9.8;8.3;7.3;8.6;7.2;6.2;98.0;93.0;86.0;20.9;4.5;0.0;1004.06;1000.0;1002.03;17.02
2019-11-09;12.2;7.9;5.8;7.8;6.4;5.5;99.0;91.0;68.0;8.0;0.6;0.0;1009.14;1003.73;1006.435;0.0
2019-11-10;11.8;7.6;5.2;6.4;4.7;2.9;95.0;83.0;65.0;9.7;0.6;0.0;1014.56;1007.45;1011.005;0.25
2019-11-11;8.6;6.9;5.5;5.6;4.1;1.9;98.0;83.0;66.0;9.7;1.2;0.0;1014.9;1008.13;1011.515;14.48
2019-11-12;9.9;7.0;5.4;8.4;6.1;5.0;98.0;95.0;80.0;9.7;1.5;0.0;1008.13;995.94;1002.0350000000001;14.22
2019-11-13;12.1;7.8;4.1;6.9;-0.3;-6.5;99.0;63.0;28.0;25.7;3.6;0.0;1005.42;995.94;1000.6800000000001;0.25
2019-11-14;9.6;6.8;2.8;5.6;1.6;-2.2;91.0;70.0;55.0;16.1;2.2;0.0;1009.14;1000.68;1004.91;2.03
2019-11-15;9.9;7.9;6.3;8.9;7.2;5.8;98.0;95.0;77.0;41.8;5.0;0.0;1004.74;995.94;1000.34;28.45
2019-11-16;8.8;6.8;5.6;7.7;6.1;5.2;98.0;96.0;88.0;8.0;1.1;0.0;1012.53;1004.74;1008.635;4.57
2019-11-17;6.6;5.7;4.9;5.9;5.2;4.3;98.0;97.0;88.0;11.3;1.6;0.0;1009.48;999.32;1004.4000000000001;24.38
2019-11-18;9.1;6.3;4.6;6.1;4.9;4.1;98.0;91.0;76.0;8.0;0.8;0.0;1014.9;1006.1;1010.5;2.79
2019-11-19;8.5;7.1;5.4;8.2;6.4;4.7;98.0;96.0;93.0;12.9;2.1;0.0;1015.24;1012.53;1013.885;34.29
2019-11-20;12.1;9.2;7.8;10.2;8.4;7.4;99.0;95.0;85.0;11.3;1.5;0.0;1014.9;1010.5;1012.7;3.56
2019-11-21;11.4;8.7;7.7;9.4;8.0;7.5;99.0;96.0;81.0;6.4;0.7;0.0;1012.19;1010.16;1011.175;0.76
2019-11-22;8.7;8.0;7.4;8.6;7.7;7.2;99.0;98.0;94.0;16.1;2.5;0.0;1012.19;1009.48;1010.835;16.51
2019-11-23;10.9;9.7;8.5;9.1;8.5;7.7;96.0;92.0;85.0;29.0;10.3;0.0;1009.48;1002.37;1005.925;27.94
2019-11-24;12.3;11.1;10.2;9.9;8.8;7.6;93.0;86.0;73.0;24.1;5.2;0.0;1007.79;1002.71;1005.25;9.91
2019-11-25;17.4;12.6;9.6;11.4;9.2;7.9;97.0;81.0;61.0;14.5;2.0;0.0;1009.14;1006.77;1007.9549999999999;0.0
2019-11-26;13.2;10.5;8.5;9.5;8.2;6.8;94.0;86.0;74.0;8.0;0.6;0.0;1008.81;1006.43;1007.6199999999999;0.0
2019-11-27;9.8;8.7;8.0;9.2;8.2;7.7;98.0;97.0;90.0;19.3;2.3;0.0;1008.81;1001.02;1004.915;31.75
2019-11-28;10.6;8.2;6.6;9.0;7.6;6.3;99.0;97.0;87.0;11.3;1.3;0.0;1005.76;1002.03;1003.895;0.25
2019-11-29;12.3;7.8;3.7;8.2;6.3;2.4;99.0;91.0;72.0;9.7;1.1;0.0;1012.19;1005.08;1008.635;0.51
2019-11-30;11.9;7.7;4.2;5.9;3.6;-0.3;98.0;77.0;49.0;12.9;2.8;0.0;1021.33;1012.19;1016.76;0.0
2019-12-01;7.0;5.8;4.6;5.7;5.0;4.1;98.0;95.0;89.0;12.9;1.0;0.0;1021.33;1016.26;1018.7950000000001;20.32
2019-12-02;8.8;5.9;3.2;6.9;5.1;2.8;99.0;94.0;85.0;12.9;0.7;0.0;1021.0;1013.55;1017.275;0.76
2019-12-03;9.1;6.9;4.6;6.6;4.2;1.3;92.0;83.0;71.0;8.0;0.6;0.0;1026.75;1020.66;1023.7049999999999;0.0
2019-12-04;7.2;4.4;1.3;1.3;0.1;-0.9;89.0;74.0;60.0;4.8;0.3;0.0;1026.41;1023.37;1024.89;0.0
2019-12-05;7.2;3.7;0.4;1.2;-0.2;-1.5;93.0;77.0;55.0;6.4;0.7;0.0;1026.41;1023.37;1024.89;0.0
2019-12-06;6.3;4.1;1.5;2.3;0.9;-1.0;85.0;80.0;71.0;4.8;0.5;0.0;1026.08;1020.32;1023.2;0.0
2019-12-07;11.3;5.8;2.8;4.2;2.2;-0.4;95.0;79.0;47.0;9.7;0.8;0.0;1021.0;1016.59;1018.7950000000001;0.0
2019-12-08;10.4;5.8;1.6;5.2;3.4;0.7;95.0;85.0;70.0;8.0;0.8;0.0;1021.0;1014.22;1017.61;0.0
2019-12-09;7.1;5.3;3.9;5.6;4.2;1.7;97.0;93.0;70.0;11.3;1.0;0.0;1014.22;1005.76;1009.99;0.0
2019-12-10;11.9;9.0;6.3;1.4;-5.8;-12.4;69.0;37.0;18.0;45.1;7.8;0.0;1021.67;1008.81;1015.24;0.0
2019-12-11;6.5;4.5;2.4;-0.1;-1.9;-8.1;81.0;64.0;35.0;6.4;0.6;0.0;1021.33;1007.79;1014.56;0.0
2019-12-12;2.7;0.9;-0.2;1.2;-0.1;-1.3;97.0;93.0;80.0;8.0;1.2;0.0;1008.13;1000.68;1004.405;3.3
2019-12-13;3.2;0.5;-0.4;1.1;-0.4;-1.9;98.0;94.0;69.0;17.7;2.4;0.0;1000.34;987.13;993.735;8.89
2019-12-14;11.3;6.6;0.8;2.6;-0.4;-3.7;84.0;62.0;47.0;9.7;1.9;0.0;1009.48;992.21;1000.845;4.83
2019-12-15;8.1;5.8;3.2;5.7;3.2;0.7;97.0;84.0;72.0;8.0;1.1;0.0;1018.63;1009.48;1014.0550000000001;1.02
2019-12-16;7.2;6.4;5.6;6.7;5.9;5.1;98.0;97.0;93.0;6.4;0.6;0.0;1021.0;1018.29;1019.645;4.32
2019-12-17;9.0;7.6;6.4;8.8;7.0;5.8;99.0;96.0;93.0;6.4;0.3;0.0;1019.98;1017.27;1018.625;12.19
2019-12-18;9.6;8.8;8.0;9.4;8.6;7.8;99.0;99.0;99.0;4.8;0.5;0.0;1023.37;1019.3;1021.335;3.56
2019-12-19;10.1;9.4;8.9;9.5;9.0;8.7;99.0;98.0;95.0;8.0;1.0;0.0;1023.03;1014.56;1018.795;14.48
2019-12-20;9.3;8.7;7.8;9.1;8.4;7.6;99.0;99.0;96.0;37.0;6.5;0.0;1014.56;995.26;1004.91;36.07
2019-12-21;10.6;8.5;6.5;10.0;8.0;5.8;100.0;97.0;78.0;12.9;2.0;0.0;998.31;990.86;994.585;21.59
2019-12-22;11.1;8.3;5.7;7.5;5.3;-0.3;98.0;83.0;49.0;14.5;3.8;0.0;994.58;985.78;990.1800000000001;10.16
2019-12-23;13.8;10.7;7.3;2.7;-0.7;-2.8;60.0;45.0;34.0;22.5;7.9;0.0;1013.88;994.58;1004.23;0.0
2019-12-24;11.3;9.3;6.5;1.2;-1.8;-5.3;62.0;46.0;33.0;17.7;4.3;0.0;1015.92;1011.85;1013.885;0.0
2019-12-25;15.5;12.3;9.9;3.6;-2.2;-5.7;51.0;37.0;27.0;24.1;6.1;0.0;1016.93;1012.53;1014.73;0.0
2019-12-26;11.4;8.0;5.1;1.5;-0.8;-4.8;68.0;54.0;33.0;14.5;0.7;0.0;1022.01;1016.93;1019.47;0.0
2019-12-27;9.4;5.9;3.4;1.4;-0.5;-2.7;80.0;64.0;52.0;4.8;0.6;0.0;1026.08;1020.32;1023.2;0.0
2019-12-28;8.3;5.7;3.2;3.8;2.1;-0.1;91.0;78.0;71.0;8.0;0.8;0.0;1033.19;1026.08;1029.635;0.0
2019-12-29;5.7;3.4;1.6;3.4;2.1;0.8;98.0;91.0;84.0;9.7;1.0;0.0;1035.22;1031.49;1033.355;0.0
2019-12-30;6.3;2.6;0.4;3.1;1.3;-0.4;98.0;91.0;79.0;9.7;1.2;0.0;1036.91;1034.2;1035.555;0.0
2019-12-31;9.5;4.7;0.2;3.1;1.2;-0.4;96.0;79.0;60.0;6.4;0.6;0.0;1033.86;1028.45;1031.155;0.25
2020-01-01;9.7;6.3;3.7;1.6;-0.6;-2.4;77.0;62.0;47.0;11.3;1.0;0.0;1032.85;1028.45;1030.65;0.0
2020-01-02;9.3;5.3;1.9;2.2;0.5;-2.4;81.0;71.0;60.0;6.4;0.9;0.0;1033.53;1030.14;1031.835;0.0
2020-01-03;9.0;6.1;2.7;1.7;-0.1;-1.3;85.0;66.0;51.0;6.4;0.7000000000000001;0.0;1030.14;1024.38;1027.2600000000002;0.0
2020-01-04;14.4;8.7;3.2;3.4;-0.6;-7.3;74.0;55.0;23.0;22.5;3.1;0.0;1025.06;1021.0;1023.03;0.0
2020-01-05;13.9;9.2;5.0;2.3;-1.1;-7.5;82.0;51.0;23.0;11.3;1.6;0.0;1031.16;1021.33;1026.2450000000001;0.0
2020-01-06;7.5;4.8;2.6;2.2;1.0;-0.4;87.0;77.0;64.0;8.0;1.0;0.0;1031.49;1027.77;1029.63;0.0
2020-01-07;6.4;2.5;-1.4;1.9;0.4;-2.5;96.0;87.0;73.0;6.4;0.7000000000000001;0.0;1030.14;1025.06;1027.6;0.0
2020-01-08;9.2;4.5;0.4;2.8;0.2;-1.6;91.0;75.0;52.0;6.4;0.4;0.0;1031.49;1029.12;1030.3049999999998;0.0
2020-01-09;11.1;6.7;1.8;3.6;0.1;-3.7;76.0;64.0;44.0;12.9;1.1;0.0;1029.12;1024.04;1026.58;0.0
2020-01-10;9.2;6.9;4.0;4.6;3.4;1.7;89.0;79.0;69.0;8.0;0.7000000000000001;0.0;1025.74;1022.35;1024.045;0.0
2020-01-11;12.0;7.3;3.3;4.2;1.9;-2.1;90.0;71.0;48.0;6.4;0.7000000000000001;0.0;1028.78;1025.4;1027.0900000000001;0.0
2020-01-12;9.3;6.3;3.4;2.6;-0.1;-2.7;85.0;65.0;49.0;8.0;0.9;0.0;1029.12;1025.06;1027.09;0.0
2020-01-13;7.3;4.0;1.0;1.5;0.4;-0.7;91.0;78.0;64.0;8.0;0.5;0.0;1027.09;1023.71;1025.4;0.0
2020-01-14;7.0;3.8;1.6;1.7;0.5;-0.7;91.0;80.0;63.0;6.4;0.7000000000000001;0.0;1027.43;1023.71;1025.5700000000002;0.0
2020-01-15;5.1;4.0;2.8;3.5;2.3;1.2;92.0;89.0;84.0;6.4;0.6000000000000001;0.0;1029.12;1027.09;1028.105;0.0
2020-01-16;8.6;5.3;3.0;4.8;2.8;1.6;94.0;85.0;74.0;8.0;0.9;0.0;1031.83;1028.45;1030.1399999999999;0.0
2020-01-17;10.8;6.3;2.9;3.3;2.3;1.1;92.0;76.0;58.0;6.4;0.7000000000000001;0.0;1028.45;1021.0;1024.725;1.27
2020-01-18;8.0;4.6;2.4;5.9;3.5;1.8;98.0;93.0;84.0;8.0;1.1;0.0;1023.37;1021.0;1022.185;18.29
2020-01-19;8.9;4.7;2.2;4.1;0.6;-8.8;98.0;76.0;36.0;8.0;1.2000000000000002;0.0;1034.54;1023.37;1028.955;0.0
2020-01-20;8.7;4.9;2.1;-3.2;-7.0;-9.8;64.0;43.0;30.0;12.9;1.6;0.0;1044.02;1034.54;1039.28;0.0
2020-01-21;7.6;3.3;0.3;-0.5;-3.8;-6.2;76.0;61.0;39.0;6.4;0.4;0.0;1044.02;1037.93;1040.975;0.0
2020-01-22;9.0;5.0;0.3;-2.1;-4.1;-6.7;65.0;53.0;40.0;9.700000000000001;0.8;0.0;1037.93;1028.78;1033.355;0.0
2020-01-23;9.2;4.6;1.6;-0.7;-2.1;-4.7;79.0;63.0;43.0;12.9;1.5;0.0;1031.83;1028.78;1030.3049999999998;0.0
2020-01-24;8.2;4.3;1.3;1.1;-1.2;-2.9;79.0;68.0;52.0;6.4;0.5;0.0;1028.78;1024.72;1026.75;0.0
2020-01-25;9.1;5.0;1.8;3.3;0.7;-0.9;85.0;74.0;64.0;4.800000000000001;0.6000000000000001;0.0;1025.74;1022.01;1023.875;0.0
2020-01-26;10.2;6.3;4.2;3.5;2.1;1.2;84.0;75.0;59.0;9.700000000000001;0.9;0.0;1022.35;1018.63;1020.49;0.0
2020-01-27;10.7;6.3;2.2;4.4;2.6;0.6;92.0;78.0;59.0;6.4;0.5;0.0;1019.3;1013.21;1016.255;2.03
2020-01-28;9.1;6.0;4.9;6.9;3.8;-3.2;97.0;88.0;42.0;12.9;2.1;0.0;1013.21;1003.73;1008.47;1.78
2020-01-29;13.2;8.4;3.4;2.5;-0.2;-3.6;83.0;57.0;37.0;17.7;4.9;0.0;1014.9;1006.1;1010.5;0.0
2020-01-30;10.9;7.7;4.1;3.9;-0.4;-5.3;93.0;59.0;36.0;11.3;1.5;0.0;1018.96;1014.56;1016.76;0.0
2020-01-31;13.6;8.4;4.2;6.4;3.5;-0.1;90.0;73.0;52.0;12.9;1.6;0.0;1019.3;1016.93;1018.115;0.0
2020-02-01;16.3;9.1;4.3;8.9;7.4;5.1;87.0;87.0;68.0;14.5;1.7;0.0;1019.64;1019.3;1019.47;0.0
2020-02-02;8.81666666666667;8.83333333333333;6.11666666666667;-10.85;-16.95;-19.5;26.3333333333333;7.0;3.66666666666667;75.1;25.05;0.0;1025.915;1011.61666666667;1018.765833333335;0.0
2020-02-03;9.36666666666667;8.23333333333333;5.26666666666667;-8.2;-13.8;-16.9;36.3333333333333;17.0;10.6666666666667;57.4;18.6;0.0;1026.42;1015.00666666667;1020.713333333335;0.0
2020-02-04;10.0;8.0;4.4;-3.8;-9.9;-14.1;53.0;29.0;17.0;46.7;14.4;0.0;1025.74;1016.59;1021.165;0.0
2020-02-05;10.3;6.3;3.6;-6.4;-9.0;-12.1;43.0;33.0;26.0;8.0;1.2;0.0;1029.8;1025.4;1027.6;0.0
2020-02-06;11.1;6.8;2.7;1.5;-3.6;-8.9;73.0;49.0;31.0;11.3;1.5;0.0;1026.75;1023.37;1025.06;0.0
2020-02-07;10.2;6.4;3.9;2.1;0.4;-1.1;77.0;66.0;56.0;9.7;0.7;0.0;1028.78;1026.41;1027.595;0.0
2020-02-08;9.9;6.1;3.4;4.2;1.9;-0.2;90.0;75.0;62.0;11.3;1.2;0.0;1030.48;1024.72;1027.6;0.76
2020-02-09;11.1;6.9;4.9;7.0;4.9;3.7;97.0;88.0;70.0;12.9;1.9;0.0;1024.72;1006.77;1015.745;0.51
2020-02-10;16.7;12.3;5.7;3.8;-2.5;-8.9;81.0;41.0;20.0;30.6;7.7;0.0;1012.19;1004.4;1008.2950000000001;0.0
2020-02-11;13.7;10.6;7.8;-8.3;-9.4;-10.6;31.0;24.0;18.0;24.1;7.8;0.0;1018.29;1012.19;1015.24;0.0
2020-02-12;11.1;7.2;2.1;3.6;-3.2;-9.8;91.0;51.0;28.0;9.7;1.7;0.0;1020.32;1012.53;1016.425;1.78
2020-02-13;15.4;8.2;2.4;5.6;2.7;-1.1;94.0;71.0;45.0;14.5;2.0;0.0;1023.71;1012.53;1018.12;0.25
2020-02-14;12.4;9.4;5.9;4.7;1.7;-2.6;83.0;60.0;44.0;8.0;1.0;0.0;1027.43;1023.71;1025.5700000000002;0.0
2020-02-15;11.8;8.7;4.6;6.1;4.4;2.4;87.0;75.0;60.0;6.4;0.4;0.0;1028.45;1026.08;1027.2649999999999;0.0
2020-02-16;10.2;8.3;6.6;7.6;6.1;3.9;97.0;86.0;78.0;4.8;0.4;0.0;1026.75;1021.33;1024.04;1.52
2020-02-17;13.6;8.8;4.7;8.3;6.8;4.3;98.0;88.0;56.0;8.0;1.0;0.0;1023.71;1021.33;1022.52;0.0
2020-02-18;13.1;9.4;6.2;7.3;2.0;-7.7;95.0;64.0;30.0;17.7;3.5;0.0;1022.69;1016.59;1019.6400000000001;0.25
2020-02-19;12.6;8.2;3.8;-1.7;-4.6;-7.7;58.0;41.0;29.0;11.3;1.1;0.0;1024.72;1021.0;1022.86;0.0
2020-02-20;13.8;8.5;3.9;1.7;-0.8;-3.7;73.0;53.0;40.0;9.7;1.4;0.0;1027.77;1021.0;1024.385;0.0
2020-02-21;13.7;8.9;5.2;2.9;2.0;1.2;77.0;63.0;47.0;8.0;1.0;0.0;1032.17;1027.43;1029.8000000000002;0.0
2020-02-22;15.2;10.3;6.6;8.7;4.5;1.1;88.0;68.0;52.0;12.9;2.9;0.0;1029.46;1019.98;1024.72;0.0
2020-02-23;17.8;11.3;6.7;10.2;6.8;3.8;91.0;75.0;54.0;17.7;3.4;0.0;1019.98;1015.58;1017.78;0.0
2020-02-24;11.8;9.9;8.5;8.8;7.6;6.8;91.0;86.0;78.0;9.7;1.0;0.0;1015.58;1001.02;1008.3;0.0
2020-02-25;12.4;7.9;4.8;7.3;-0.9;-13.5;95.0;61.0;20.0;37.0;7.0;0.0;1007.79;996.28;1002.035;0.0
2020-02-26;10.2;6.4;2.4;-2.4;-6.3;-9.0;60.0;41.0;27.0;16.1;3.3;0.0;1010.84;1002.71;1006.7750000000001;0.0
2020-02-27;13.6;9.0;4.4;-2.4;-11.2;-15.8;60.0;25.0;12.0;30.6;6.3;0.0;1018.96;1004.74;1011.85;0.0
2020-02-28;9.1;7.1;4.1;3.1;-4.5;-11.6;93.0;48.0;24.0;14.5;1.6;0.0;1018.63;1010.84;1014.735;0.0
2020-03-01;7.2;5.0;3.8;4.8;4.0;2.9;97.0;93.0;83.0;11.3;0.6;0.0;1010.84;1002.03;1006.435;3.3
2020-03-02;6.7;4.9;2.3;5.7;4.0;1.7;98.0;95.0;77.0;29.0;5.1;0.0;1002.71;988.83;995.77;45.21
2020-03-03;11.9;6.7;3.8;6.9;4.0;-2.2;98.0;84.0;51.0;16.1;3.0;0.0;1004.4;990.52;997.46;1.52
2020-03-04;11.8;7.5;3.5;4.3;0.2;-5.8;97.0;63.0;36.0;9.7;1.4;0.0;1012.87;1004.4;1008.635;0.0
2020-03-05;8.6;5.5;1.6;3.4;2.0;-0.3;96.0;79.0;54.0;12.9;1.8;0.0;1012.53;999.32;1005.925;11.18
2020-03-06;8.5;4.4;1.4;5.0;2.9;0.8;98.0;90.0;76.0;12.9;2.0;0.0;1004.4;997.63;1001.015;2.79
2020-03-07;14.4;9.0;3.9;6.8;-0.9;-7.4;93.0;57.0;23.0;25.7;4.0;0.0;1018.96;1004.4;1011.6800000000001;0.0
2020-03-08;13.0;8.6;2.9;1.4;-2.7;-7.7;65.0;46.0;32.0;11.3;1.4;0.0;1021.0;1015.58;1018.29;0.0
2020-03-09;10.0;7.4;5.9;3.2;1.9;0.3;80.0;69.0;58.0;12.9;1.5;0.0;1016.26;1011.18;1013.72;0.0
2020-03-10;15.6;9.7;5.6;3.1;-0.1;-5.1;82.0;53.0;25.0;12.9;1.5;0.0;1017.95;1014.56;1016.255;0.0
2020-03-11;19.3;12.5;6.7;8.3;3.6;-0.4;80.0;56.0;40.0;6.4;0.9;0.0;1020.32;1015.24;1017.78;0.0
2020-03-12;12.4;10.8;8.9;9.4;8.1;5.7;89.0;83.0;73.0;9.7;1.6;0.0;1020.32;1015.92;1018.12;0.0
2020-03-13;17.8;13.0;10.2;10.6;9.6;8.6;93.0;81.0;61.0;11.3;2.0;0.0;1015.92;1011.18;1013.55;0.0
2020-03-14;11.5;8.7;6.9;9.4;6.4;3.2;96.0;86.0;67.0;16.1;2.1;0.0;1021.33;1014.22;1017.7750000000001;11.18
2020-03-15;10.5;7.8;5.9;5.3;4.1;2.8;88.0;78.0;68.0;8.0;0.9;0.0;1024.72;1021.33;1023.0250000000001;0.0
2020-03-16;13.9;9.1;4.2;3.9;2.6;0.4;88.0;65.0;48.0;12.9;1.3;0.0;1028.78;1023.71;1026.245;0.0
2020-03-17;16.3;10.8;5.5;5.5;3.5;1.4;77.0;61.0;47.0;8.0;0.8;0.0;1030.48;1027.43;1028.955;0.0
2020-03-18;18.4;13.1;7.6;6.6;4.7;3.2;75.0;58.0;39.0;8.0;0.9;0.0;1028.78;1024.72;1026.75;0.0
2020-03-19;19.7;14.8;9.9;6.8;4.9;3.3;65.0;53.0;37.0;9.7;1.1;0.0;1025.74;1021.0;1023.37;0.0
2020-03-20;17.7;14.6;11.1;8.8;6.5;4.5;68.0;58.0;50.0;11.3;1.7;0.0;1021.67;1017.95;1019.81;0.0
2020-03-21;17.8;14.7;10.7;8.8;6.7;5.4;88.0;60.0;46.0;9.7;2.6;0.0;1014.56;1010.84;1012.7;0.0
2020-03-22;11.2;9.7;7.6;9.0;5.6;-0.2;97.0;77.0;57.0;14.5;3.0;0.0;1022.69;1013.55;1018.12;0.0
2020-03-23;7.6;3.6;1.9;-0.4;-3.5;-4.7;68.0;60.0;54.0;22.5;4.1;0.0;1028.11;1022.69;1025.4;0.0
2020-03-24;10.2;5.3;1.3;-3.2;-4.6;-6.6;67.0;50.0;33.0;14.5;2.1;0.0;1026.41;1021.33;1023.8700000000001;0.0
2020-03-25;6.4;3.3;1.4;-0.3;-2.5;-4.1;85.0;66.0;50.0;12.9;2.1;0.0;1023.37;1017.95;1020.6600000000001;0.0
2020-03-26;7.3;3.2;-0.6;-0.4;-3.0;-5.6;83.0;64.0;48.0;12.9;2.2;0.0;1018.29;1014.22;1016.255;0.0
2020-03-27;12.7;8.3;3.8;4.3;1.2;-2.3;76.0;62.0;47.0;9.7;2.3;0.0;1017.61;1014.56;1016.085;0.0
2020-03-28;17.5;12.5;8.4;5.7;4.3;2.8;75.0;58.0;44.0;12.9;1.8;0.0;1017.61;1011.18;1014.395;0.0
2020-03-29;17.8;13.3;9.5;6.8;5.0;3.9;70.0;58.0;41.0;11.3;1.4;0.0;1012.53;1008.81;1010.67;0.0
2020-03-30;12.8;9.8;5.3;7.6;6.1;4.2;93.0;79.0;59.0;22.5;3.7;0.0;1016.59;1009.48;1013.0350000000001;6.35
2020-03-31;6.3;3.7;1.6;4.4;0.1;-2.2;96.0;79.0;55.0;14.5;4.0;0.0;1023.37;1016.59;1019.98;4.57
2020-04-01;8.2;4.9;2.0;-0.2;-2.2;-3.8;78.0;61.0;48.0;11.3;1.8;0.0;1023.37;1017.27;1020.3199999999999;0.0
2020-04-02;12.8;6.9;1.7;0.1;-1.8;-3.7;72.0;55.0;34.0;9.7;1.2;0.0;1017.95;1010.84;1014.395;0.0
2020-04-03;15.6;9.7;4.2;2.4;0.1;-2.7;65.0;52.0;38.0;11.3;1.3;0.0;1016.26;1011.18;1013.72;0.0
2020-04-04;17.0;12.0;6.6;4.2;2.0;0.9;71.0;51.0;36.0;11.3;1.7;0.0;1022.35;1016.26;1019.3050000000001;0.0
2020-04-05;18.0;13.1;9.6;3.2;1.6;0.1;56.0;46.0;34.0;12.9;1.9;0.0;1024.72;1021.0;1022.86;0.0
2020-04-06;19.6;14.9;9.8;4.6;2.3;0.7;56.0;44.0;32.0;12.9;1.6;0.0;1026.41;1024.04;1025.225;0.0
2020-04-07;20.8;15.7;9.6;4.9;2.7;0.8;64.0;43.0;27.0;12.9;2.1;0.0;1028.11;1025.4;1026.755;0.0
2020-04-08;20.8;15.9;11.3;3.9;0.4;-3.6;53.0;36.0;23.0;9.7;1.5;0.0;1027.77;1022.01;1024.8899999999999;0.0
2020-04-09;22.4;17.1;11.9;3.4;0.1;-3.2;44.0;32.0;24.0;9.7;1.6;0.0;1023.03;1018.63;1020.8299999999999;0.0
2020-04-10;23.6;18.5;12.6;3.1;-0.1;-3.1;40.0;30.0;18.0;9.7;1.2;0.0;1021.67;1018.63;1020.15;0.0
2020-04-11;24.4;19.0;13.3;4.7;-0.1;-4.6;38.0;28.0;18.0;11.3;1.9;0.0;1020.66;1017.95;1019.3050000000001;0.0
2020-04-12;23.2;17.8;13.6;0.2;-3.3;-6.7;38.0;24.0;16.0;14.5;2.6;0.0;1019.64;1014.22;1016.9300000000001;0.0
2020-04-13;20.4;16.7;13.6;4.1;-0.4;-4.5;52.0;32.0;26.0;11.3;3.2;0.0;1015.24;1010.16;1012.7;0.0
2020-04-14;21.3;14.6;8.2;8.2;0.8;-16.8;81.0;50.0;5.0;40.2;7.7;0.0;1020.66;1008.47;1014.565;0.0
2020-04-15;15.7;10.2;6.4;5.3;2.9;0.3;83.0;62.0;44.0;14.5;2.5;0.0;1025.06;1020.66;1022.8599999999999;0.0
2020-04-16;19.9;13.7;7.8;5.9;3.6;2.2;69.0;52.0;34.0;8.0;1.2;0.0;1024.38;1017.27;1020.825;0.0
2020-04-17;21.2;15.9;9.7;5.2;1.5;-2.3;53.0;39.0;26.0;14.5;2.0;0.0;1018.63;1014.9;1016.765;0.0
2020-04-18;22.2;16.8;11.1;10.5;7.6;3.9;74.0;56.0;40.0;11.3;1.8;0.0;1016.59;1012.53;1014.56;0.0
2020-04-19;21.6;16.5;11.1;12.1;10.7;9.1;89.0;70.0;51.0;11.3;1.7;0.0;1013.55;1009.82;1011.685;0.25
2020-04-20;14.4;12.5;10.0;12.6;11.1;9.1;97.0;92.0;78.0;11.3;2.1;0.0;1012.87;1009.14;1011.005;11.68
2020-04-21;12.3;10.2;8.7;9.7;8.8;8.2;98.0;92.0;80.0;11.3;1.8;0.0;1015.92;1011.85;1013.885;4.32
2020-04-22;19.5;14.4;9.8;8.3;4.3;1.3;85.0;53.0;34.0;14.5;2.3;0.0;1017.61;1014.9;1016.255;0.0
2020-04-23;20.0;15.3;8.9;7.2;5.5;3.8;77.0;53.0;42.0;11.3;1.6;0.0;1018.29;1015.24;1016.765;0.0
2020-04-24;22.3;17.4;12.7;10.3;7.7;5.5;65.0;54.0;40.0;11.3;1.9;0.0;1016.93;1008.13;1012.53;0.0
2020-04-25;23.2;17.2;11.2;13.0;9.9;6.4;82.0;63.0;49.0;12.9;2.3;0.0;1009.14;1004.06;1006.5999999999999;0.0
2020-04-26;21.3;16.2;12.4;11.7;9.0;7.2;80.0;64.0;42.0;11.3;2.1;0.0;1009.14;1006.1;1007.62;0.0
2020-04-27;19.9;15.8;13.2;12.0;10.7;9.3;82.0;73.0;58.0;9.7;1.7;0.0;1011.51;1008.81;1010.16;0.0
2020-04-28;17.7;14.8;12.1;11.9;10.9;10.1;95.0;78.0;63.0;16.1;3.1;0.0;1010.16;1006.1;1008.13;7.37
2020-04-29;21.8;14.7;11.1;12.6;10.8;9.1;97.0;79.0;46.0;16.1;2.7;0.0;1008.13;1004.06;1006.095;7.62
2020-04-30;18.3;14.0;11.3;12.6;10.6;8.9;98.0;81.0;60.0;12.9;2.2;0.0;1009.48;1004.06;1006.77;12.45
2020-05-01;17.9;14.0;9.7;12.2;10.5;8.8;98.0;81.0;60.0;12.9;1.2;0.0;1006.43;1004.06;1005.2449999999999;0.0
2020-05-02;23.6;15.8;10.7;11.1;8.6;4.7;85.0;66.0;32.0;16.1;2.8;0.0;1006.43;1004.06;1005.2449999999999;0.0
2020-05-03;21.7;18.8;14.8;11.3;8.6;6.4;70.0;52.0;39.0;14.5;4.2;0.0;1015.58;1011.18;1013.38;0.0
2020-05-04;22.7;17.3;12.1;8.2;5.6;2.5;63.0;47.0;36.0;14.5;2.3;0.0;1018.29;1013.21;1015.75;0.0
2020-05-05;22.9;17.1;12.4;12.9;9.3;4.3;85.0;61.0;47.0;9.7;1.6;0.0;1014.56;1009.48;1012.02;0.0
2020-05-06;19.8;15.9;12.0;13.9;12.1;11.0;95.0;79.0;60.0;20.9;3.6;0.0;1017.95;1010.5;1014.225;0.0
2020-05-07;23.1;17.4;11.5;11.1;9.0;6.9;84.0;60.0;40.0;9.7;1.4;0.0;1021.0;1017.95;1019.475;0.0
2020-05-08;25.1;19.9;14.5;10.5;8.1;4.4;60.0;48.0;32.0;9.7;1.4;0.0;1020.32;1014.9;1017.61;0.0
2020-05-09;25.7;20.1;14.5;9.5;6.3;2.9;56.0;41.0;32.0;12.9;2.4;0.0;1015.92;1010.16;1013.04;0.0
2020-05-10;23.8;18.6;14.2;13.7;11.4;8.8;88.0;65.0;43.0;11.3;2.2;0.0;1011.51;1005.76;1008.635;2.29
2020-05-11;15.8;12.8;11.5;13.7;12.3;11.2;99.0;97.0;86.0;19.3;5.1;0.0;1005.76;1001.02;1003.39;49.78
2020-05-12;22.3;15.8;10.7;14.6;12.7;10.6;99.0;84.0;55.0;11.3;1.7;0.0;1011.18;1003.39;1007.285;0.25
2020-05-13;13.8;12.8;11.8;13.0;12.0;11.2;98.0;96.0;89.0;12.9;2.4;0.0;1012.19;1006.77;1009.48;7.87
2020-05-14;21.9;17.3;12.9;15.3;13.6;12.3;97.0;81.0;58.0;12.9;2.0;0.0;1007.79;1002.71;1005.25;8.38
2020-05-15;20.0;14.8;12.3;16.6;13.5;12.1;99.0;93.0;69.0;19.3;3.2;0.0;1014.22;1002.03;1008.125;64.52
2020-05-16;19.7;16.5;14.6;15.2;13.5;12.3;90.0;83.0;72.0;16.1;2.1;0.0;1017.95;1014.22;1016.085;0.0
2020-05-17;23.4;17.3;12.8;15.8;14.0;12.5;98.0;82.0;57.0;11.3;1.4;0.0;1018.29;1014.9;1016.595;12.45
2020-05-18;26.1;21.5;16.4;16.9;14.8;13.5;91.0;67.0;50.0;12.9;2.7;0.0;1019.64;1014.56;1017.0999999999999;2.29
2020-05-19;22.6;18.4;15.3;16.2;14.3;12.6;95.0;78.0;57.0;17.7;3.6;0.0;1015.58;1011.85;1013.715;3.3
2020-05-20;26.3;20.0;13.7;15.9;14.5;13.0;97.0;73.0;46.0;12.9;2.1;0.0;1014.9;1010.16;1012.53;0.25
2020-05-21;26.1;20.7;15.3;14.1;12.4;11.0;78.0;60.0;45.0;11.3;2.0;0.0;1018.96;1014.9;1016.9300000000001;0.0
2020-05-22;26.2;21.7;16.8;15.8;13.3;11.2;74.0;60.0;48.0;9.7;1.1;0.0;1021.67;1018.63;1020.15;0.0
2020-05-23;26.2;20.4;15.7;18.6;15.1;13.6;98.0;74.0;51.0;14.5;2.1;0.0;1021.67;1016.93;1019.3;10.92
2020-05-24;24.4;20.0;15.2;15.2;7.8;-0.7;97.0;48.0;25.0;24.1;3.9;0.0;1024.38;1018.29;1021.335;0.0
2020-05-25;25.6;20.7;15.3;11.3;8.4;2.1;68.0;47.0;29.0;16.1;3.1;0.0;1025.4;1019.98;1022.69;0.0
2020-05-26;22.6;19.2;14.3;11.8;8.2;1.4;77.0;51.0;29.0;19.3;3.6;0.0;1026.75;1021.33;1024.04;0.0
2020-05-27;23.6;18.6;13.6;9.5;7.9;5.8;64.0;51.0;37.0;16.1;2.2;0.0;1028.45;1024.38;1026.415;0.0
2020-05-28;23.4;18.2;15.1;10.6;7.9;6.6;59.0;51.0;42.0;9.7;1.3;0.0;1025.74;1020.32;1023.03;0.0
2020-05-29;20.6;17.2;12.6;11.1;8.7;6.5;88.0;59.0;46.0;19.3;3.7;0.0;1020.66;1016.93;1018.795;0.0
2020-05-30;21.8;17.8;14.3;12.0;9.4;7.6;81.0;59.0;43.0;12.9;1.7;0.0;1017.95;1012.19;1015.07;0.51
2020-05-31;22.2;16.9;12.3;12.2;11.1;9.7;92.0;71.0;48.0;11.3;1.8;0.0;1015.58;1012.19;1013.885;8.64
2020-06-01;25.8;20.0;14.5;13.2;11.6;10.5;78.0;60.0;40.0;9.7;1.5;0.0;1016.59;1013.55;1015.0699999999999;0.0
2020-06-02;27.8;20.6;13.4;17.9;12.5;10.1;97.0;62.0;41.0;32.2;3.0;0.0;1015.24;1007.11;1011.175;18.29
2020-06-03;25.8;18.3;13.2;16.4;13.0;10.1;96.0;73.0;48.0;16.1;2.9;0.0;1009.82;1002.03;1005.925;33.27
2020-06-04;15.7;14.0;13.4;14.1;13.3;12.6;98.0;96.0;85.0;16.1;4.2;0.0;1003.39;995.26;999.325;41.91
2020-06-05;25.3;18.5;11.8;14.8;12.5;9.6;99.0;72.0;40.0;11.3;2.0;0.0;1002.37;993.91;998.14;2.54
2020-06-06;25.0;19.8;15.5;16.7;14.1;10.6;86.0;70.0;53.0;14.5;2.6;0.0;1005.08;1002.37;1003.725;0.0
2020-06-07;17.9;15.6;13.2;15.8;14.3;12.7;98.0;92.0;78.0;20.9;4.5;0.0;1006.1;1002.71;1004.405;96.52
2020-06-08;20.6;15.4;11.6;16.3;13.5;11.1;98.0;89.0;73.0;14.5;1.8;0.0;1007.45;1004.74;1006.095;38.1
2020-06-09;21.7;16.3;12.3;14.6;12.8;11.1;95.0;81.0;58.0;9.7;2.0;0.0;1008.81;1006.77;1007.79;2.29
2020-06-10;19.8;16.0;12.3;14.1;12.9;11.5;96.0;83.0;64.0;12.9;1.3;0.0;1008.81;1006.77;1007.79;5.84
2020-06-11;19.6;14.9;12.2;14.1;12.7;11.7;98.0;88.0;64.0;9.7;1.3;0.0;1010.5;1007.45;1008.975;18.03
2020-06-12;23.3;18.5;14.4;14.4;13.1;11.8;94.0;73.0;50.0;11.3;2.0;0.0;1011.85;1010.16;1011.005;0.0
2020-06-13;25.9;19.6;15.2;15.9;13.7;11.8;96.0;71.0;46.0;11.3;2.9;0.0;1011.51;1007.79;1009.65;10.92
2020-06-14;25.2;19.4;14.7;16.9;15.5;14.1;98.0;80.0;58.0;8.0;1.7;0.0;1009.48;1007.45;1008.465;2.29
2020-06-15;26.3;19.8;16.0;17.7;16.1;14.1;94.0;80.0;50.0;12.9;1.5;0.0;1012.53;1009.48;1011.005;12.95
2020-06-16;25.8;20.0;15.8;17.6;16.0;13.6;97.0;79.0;54.0;11.3;1.4;0.0;1012.53;1008.47;1010.5;2.79
2020-06-17;23.1;17.8;13.7;16.1;14.5;13.3;99.0;82.0;57.0;12.9;2.5;0.0;1009.82;1007.11;1008.465;39.88
2020-06-18;24.6;18.8;13.6;15.6;14.0;11.9;95.0;75.0;53.0;16.1;2.4;0.0;1011.85;1008.81;1010.3299999999999;0.0
2020-06-19;24.7;19.0;13.7;16.6;13.6;8.1;94.0;73.0;47.0;12.9;2.8;0.0;1014.56;1010.84;1012.7;4.32
2020-06-20;27.0;20.9;13.4;14.6;12.1;9.3;85.0;59.0;40.0;9.7;1.9;0.0;1015.58;1012.53;1014.0550000000001;0.0
2020-06-21;28.8;23.9;18.0;13.9;9.2;6.9;71.0;42.0;27.0;16.1;4.3;0.0;1013.88;1011.51;1012.6949999999999;0.0
2020-06-22;30.9;25.5;19.8;16.8;11.5;7.0;56.0;42.0;31.0;11.3;2.3;0.0;1015.58;1013.55;1014.565;0.0
2020-06-23;30.9;26.4;21.5;15.6;12.7;9.7;56.0;43.0;34.0;12.9;1.8;0.0;1016.93;1013.55;1015.24;0.0
2020-06-24;28.8;25.1;21.6;18.3;15.9;13.4;65.0;57.0;50.0;16.1;2.8;0.0;1016.93;1014.22;1015.575;0.0
2020-06-25;26.3;23.0;19.3;18.0;15.7;13.1;78.0;64.0;54.0;14.5;2.9;0.0;1016.26;1013.88;1015.0699999999999;0.0
2020-06-26;28.0;22.5;17.2;19.1;17.5;14.8;99.0;75.0;46.0;19.3;2.0;0.0;1016.93;1013.21;1015.0699999999999;29.97
2020-06-27;30.2;24.5;19.8;19.7;18.0;15.9;85.0;69.0;45.0;9.7;1.9;0.0;1014.56;1012.87;1013.7149999999999;0.0
2020-06-28;30.9;25.5;19.5;19.3;17.3;14.0;89.0;63.0;40.0;9.7;1.5;0.0;1014.56;1010.84;1012.7;0.0
2020-06-29;30.7;25.7;19.8;20.6;17.9;14.9;77.0;63.0;48.0;11.3;1.8;0.0;1011.18;1005.76;1008.47;0.0
2020-06-30;29.9;24.8;20.7;20.5;18.9;17.1;82.0;71.0;56.0;11.3;1.9;0.0;1010.5;1007.79;1009.145;0.0
2020-07-01;29.0;24.5;20.7;21.0;19.2;16.4;87.0;73.0;57.0;11.3;1.6;0.0;1011.18;1007.45;1009.315;0.0
2020-07-02;30.5;24.3;18.6;21.0;19.7;15.6;98.0;77.0;54.0;32.2;2.2;0.0;1009.82;1006.1;1007.96;20.32
2020-07-03;28.3;21.5;16.2;19.2;16.4;14.1;96.0;74.0;49.0;24.1;3.6;0.0;1015.58;1007.45;1011.5150000000001;7.87
2020-07-04;28.0;22.1;15.7;17.9;16.2;13.9;97.0;72.0;49.0;22.5;3.2;0.0;1016.59;1013.55;1015.0699999999999;2.29
2020-07-05;29.8;24.4;18.9;19.7;18.0;16.1;84.0;68.0;50.0;11.3;1.3;0.0;1015.92;1011.85;1013.885;0.0
2020-07-06;30.7;26.2;20.2;21.5;19.1;7.6;89.0;67.0;32.0;19.3;2.0;0.0;1011.85;1004.06;1007.9549999999999;0.0
2020-07-07;25.5;22.3;19.7;16.1;11.1;3.5;80.0;51.0;30.0;24.1;4.8;0.0;1015.58;1005.42;1010.5;0.0
2020-07-08;27.4;22.9;18.8;15.3;12.0;8.9;70.0;51.0;41.0;11.3;1.3;0.0;1016.26;1013.55;1014.905;0.0
2020-07-09;29.7;24.3;18.8;17.2;15.6;13.7;72.0;59.0;45.0;11.3;1.1;0.0;1015.92;1012.87;1014.395;0.0
2020-07-10;31.2;26.2;21.3;20.0;18.1;16.2;79.0;62.0;46.0;8.0;1.3;0.0;1014.22;1009.48;1011.85;0.25
2020-07-11;27.5;22.8;16.1;23.1;19.2;15.6;98.0;81.0;58.0;45.1;2.2;0.0;1016.26;1009.48;1012.87;10.92
2020-07-12;26.3;21.8;17.1;16.8;15.3;13.3;96.0;69.0;48.0;9.7;2.1;0.0;1019.64;1016.26;1017.95;0.0
2020-07-13;24.8;21.3;18.9;13.9;12.5;10.6;67.0;58.0;46.0;11.3;2.3;0.0;1019.98;1014.9;1017.44;0.0
2020-07-14;24.3;20.9;17.4;14.3;12.7;10.6;77.0;60.0;46.0;16.1;1.9;0.0;1015.92;1011.51;1013.7149999999999;0.0
2020-07-15;26.1;21.4;18.1;16.6;14.1;12.4;83.0;64.0;47.0;14.5;1.1;0.0;1012.53;1010.5;1011.515;0.51
2020-07-16;27.7;22.5;16.4;17.4;15.6;13.3;89.0;67.0;44.0;12.9;1.6;0.0;1013.21;1009.48;1011.345;0.0
2020-07-17;26.4;22.3;19.1;18.6;17.4;15.8;86.0;74.0;61.0;12.9;3.0;0.0;1012.87;1009.14;1011.005;0.0
2020-07-18;26.4;21.6;16.9;15.7;14.4;13.1;82.0;65.0;47.0;17.7;3.2;0.0;1014.56;1010.84;1012.7;0.0
2020-07-19;28.4;23.3;17.3;15.7;14.3;12.2;77.0;58.0;43.0;11.3;1.6;0.0;1014.22;1011.51;1012.865;0.0
2020-07-20;30.3;25.0;18.3;18.5;16.9;14.8;81.0;62.0;44.0;11.3;1.8;0.0;1015.92;1013.55;1014.7349999999999;0.0
2020-07-21;31.6;25.8;19.9;20.1;18.2;15.1;85.0;64.0;47.0;11.3;2.0;0.0;1017.95;1015.24;1016.595;0.0
2020-07-22;32.2;25.9;19.5;19.7;17.6;14.8;84.0;62.0;41.0;14.5;2.7;0.0;1016.93;1011.51;1014.22;0.0
2020-07-23;30.9;25.2;20.3;20.2;18.5;16.3;83.0;68.0;49.0;12.9;2.2;0.0;1013.55;1007.79;1010.67;0.0
2020-07-24;24.0;19.0;12.9;20.4;16.8;12.3;99.0;88.0;72.0;35.4;2.5;0.0;1012.87;1007.11;1009.99;35.05
2020-07-25;29.9;22.8;16.2;18.9;16.3;11.7;96.0;69.0;33.0;9.7;1.5;0.0;1012.19;1009.82;1011.0050000000001;0.0
2020-07-26;29.2;24.8;20.8;17.9;16.7;15.3;78.0;62.0;44.0;8.0;1.2;0.0;1013.21;1010.84;1012.0250000000001;0.0
2020-07-27;30.5;25.3;19.9;19.6;18.4;16.8;86.0;67.0;49.0;8.0;1.0;0.0;1016.26;1013.55;1014.905;0.0
2020-07-28;31.8;27.0;22.1;21.5;20.1;17.7;81.0;67.0;51.0;11.3;1.6;0.0;1014.56;1010.5;1012.53;0.0
2020-07-29;31.7;26.8;21.0;22.4;20.5;17.5;86.0;69.0;55.0;9.7;1.5;0.0;1013.55;1011.51;1012.53;0.0
2020-07-30;33.9;28.6;23.9;23.0;21.4;18.1;86.0;66.0;49.0;9.7;1.4;0.0;1015.92;1012.53;1014.2249999999999;0.0
2020-07-31;34.6;29.6;24.8;21.4;19.2;16.4;67.0;54.0;41.0;11.3;1.7;0.0;1014.56;1010.5;1012.53;0.0
2020-08-01;34.9;29.3;23.4;22.4;19.7;14.1;81.0;58.0;36.0;14.5;2.1;0.0;1011.51;1007.79;1009.65;0.0
2020-08-02;30.6;25.8;18.5;20.4;18.4;16.2;95.0;65.0;47.0;19.3;3.1;0.0;1010.16;1005.08;1007.62;11.68
2020-08-03;24.6;19.1;15.4;19.8;16.9;11.4;96.0;88.0;68.0;20.9;3.4;0.0;1007.11;1000.68;1003.895;18.03
2020-08-04;25.3;20.5;16.2;15.6;11.3;6.4;79.0;57.0;35.0;17.7;5.4;0.0;1008.13;1001.36;1004.745;0.25
2020-08-05;26.8;22.3;16.6;14.7;11.5;6.4;71.0;51.0;38.0;16.1;2.0;0.0;1013.88;1008.13;1011.005;0.0
2020-08-06;29.8;24.0;18.1;17.1;15.1;12.9;74.0;59.0;41.0;9.7;1.4;0.0;1017.27;1013.88;1015.575;0.0
2020-08-07;29.6;24.9;19.7;19.7;18.1;16.3;81.0;67.0;52.0;11.3;2.1;0.0;1017.61;1015.92;1016.765;0.0
2020-08-08;32.4;27.3;22.7;20.6;18.1;15.8;76.0;59.0;41.0;8.0;1.5;0.0;1017.95;1015.24;1016.595;0.0
2020-08-09;33.1;28.1;24.2;19.8;17.5;16.1;70.0;54.0;37.0;11.3;1.6;0.0;1015.92;1011.51;1013.7149999999999;0.0
2020-08-10;32.8;27.9;23.7;20.4;18.3;16.7;67.0;57.0;42.0;9.7;1.6;0.0;1013.21;1011.18;1012.1949999999999;0.0
2020-08-11;32.2;27.2;21.9;20.7;18.5;16.5;75.0;60.0;45.0;8.0;1.6;0.0;1014.22;1011.85;1013.0350000000001;0.0
2020-08-12;30.9;26.6;22.3;21.8;20.1;18.6;88.0;68.0;52.0;8.0;1.1;0.0;1014.56;1012.19;1013.375;0.0
2020-08-13;30.1;25.1;20.8;20.9;19.4;17.8;92.0;72.0;51.0;16.1;2.1;0.0;1014.56;1010.84;1012.7;0.51
2020-08-14;30.6;25.3;21.1;20.2;18.5;17.2;83.0;67.0;48.0;8.0;1.2;0.0;1011.51;1008.13;1009.8199999999999;0.0
2020-08-15;29.8;24.9;19.9;19.3;18.1;16.6;85.0;67.0;49.0;8.0;1.6;0.0;1010.84;1008.47;1009.655;0.0
2020-08-16;29.2;23.6;17.4;21.8;19.0;16.7;98.0;77.0;55.0;16.1;1.3;0.0;1011.18;1008.13;1009.655;10.92
2020-08-17;27.9;22.1;17.2;20.8;18.5;16.2;98.0;81.0;57.0;16.1;1.6;0.0;1009.48;1006.77;1008.125;21.34
2020-08-18;28.0;23.0;18.5;19.7;17.8;16.5;91.0;74.0;52.0;9.7;1.0;0.0;1009.14;1006.77;1007.9549999999999;0.0
2020-08-19;30.3;24.0;18.6;18.7;16.9;15.1;88.0;66.0;42.0;9.7;1.4;0.0;1010.16;1007.45;1008.8050000000001;0.0
2020-08-20;30.8;25.4;20.4;20.5;18.7;16.7;82.0;68.0;49.0;11.3;1.1;0.0;1012.87;1008.81;1010.8399999999999;0.0
2020-08-21;32.2;27.1;21.9;20.8;19.7;18.1;82.0;65.0;49.0;9.7;1.1;0.0;1014.9;1012.87;1013.885;0.0
2020-08-22;32.0;27.0;22.9;21.6;19.4;14.8;82.0;64.0;45.0;11.3;1.7;0.0;1014.22;1009.82;1012.02;0.0
2020-08-23;29.2;24.4;19.8;19.5;17.3;14.8;87.0;65.0;54.0;12.9;1.7;0.0;1012.53;1008.47;1010.5;0.0
2020-08-24;27.6;22.4;18.1;17.6;16.2;14.5;89.0;70.0;47.0;12.9;1.7;0.0;1012.87;1009.48;1011.175;0.0
2020-08-25;28.2;23.6;19.7;16.9;15.8;14.8;80.0;63.0;46.0;14.5;1.3;0.0;1013.88;1011.51;1012.6949999999999;0.0
2020-08-26;28.6;23.9;19.2;19.1;17.4;15.3;82.0;67.0;55.0;11.3;1.3;0.0;1013.55;1010.5;1012.025;0.0
2020-08-27;29.7;24.1;19.5;20.1;18.6;17.6;89.0;73.0;52.0;11.3;1.0;0.0;1012.87;1008.81;1010.8399999999999;0.0
2020-08-28;24.9;22.2;17.1;20.9;19.1;16.1;96.0;83.0;74.0;25.7;3.5;0.0;1009.48;1001.69;1005.585;40.89
2020-08-29;21.8;19.8;17.6;19.1;17.3;16.1;96.0;86.0;74.0;22.5;3.5;0.0;1002.37;998.98;1000.675;3.3
2020-08-30;23.9;19.1;15.5;18.6;16.0;13.1;98.0;84.0;52.0;27.4;3.9;0.0;1010.16;998.31;1004.2349999999999;28.7
2020-08-31;22.6;17.7;13.5;15.4;13.4;10.6;97.0;77.0;59.0;12.9;2.0;0.0;1011.51;1008.47;1009.99;2.54
2020-09-01;25.4;18.5;12.4;14.2;11.9;9.8;93.0;69.0;39.0;11.3;1.4;0.0;1011.18;1008.47;1009.825;0.0
2020-09-02;22.3;18.3;15.7;13.8;12.4;10.7;80.0;69.0;55.0;16.1;2.9;0.0;1016.93;1011.18;1014.055;0.0
2020-09-03;25.5;20.0;15.3;14.5;13.4;12.1;85.0;67.0;45.0;9.7;1.4;0.0;1022.69;1016.93;1019.81;0.0
2020-09-04;27.1;21.8;17.8;16.7;14.9;13.1;75.0;65.0;52.0;8.0;0.9;0.0;1025.4;1021.67;1023.5350000000001;0.0
2020-09-05;28.7;23.3;19.2;18.2;15.6;13.9;76.0;63.0;42.0;11.3;1.2;0.0;1022.01;1012.87;1017.44;0.0
2020-09-06;27.5;22.3;17.4;16.9;14.9;12.2;87.0;64.0;47.0;9.7;1.8;0.0;1013.21;1008.47;1010.84;0.0
2020-09-07;22.4;18.4;15.1;17.4;15.7;13.7;96.0;85.0;67.0;24.1;3.5;0.0;1021.0;1009.82;1015.4100000000001;25.91
2020-09-08;25.9;21.4;18.2;17.2;16.1;15.1;84.0;72.0;56.0;8.0;0.6;0.0;1025.06;1021.0;1023.03;0.0
2020-09-09;26.9;22.3;17.3;18.2;16.7;15.2;88.0;71.0;55.0;9.7;1.2;0.0;1024.04;1017.61;1020.825;0.0
2020-09-10;27.3;22.4;17.4;18.6;17.2;15.6;91.0;73.0;56.0;11.3;1.1;0.0;1017.61;1012.53;1015.0699999999999;0.0
2020-09-11;26.2;22.9;20.4;18.4;17.5;16.4;79.0;72.0;60.0;6.4;0.9;0.0;1014.22;1012.19;1013.205;0.0
2020-09-12;28.7;23.7;19.7;18.8;17.1;15.4;81.0;68.0;51.0;8.0;0.7;0.0;1019.3;1014.22;1016.76;0.0
2020-09-13;29.8;24.8;20.2;20.1;18.1;16.6;86.0;67.0;46.0;8.0;1.0;0.0;1024.04;1019.3;1021.67;0.0
2020-09-14;28.7;25.0;21.8;19.0;17.2;15.7;73.0;63.0;51.0;11.3;0.7;0.0;1025.4;1021.67;1023.5350000000001;0.0
2020-09-15;28.2;24.1;20.1;17.7;16.3;14.9;77.0;62.0;50.0;8.0;0.6;0.0;1022.69;1017.61;1020.1500000000001;0.0
2020-09-16;28.6;24.7;20.6;18.1;16.8;15.4;80.0;62.0;49.0;9.7;1.3;0.0;1018.63;1013.21;1015.9200000000001;0.0
2020-09-17;29.5;24.4;19.4;18.3;16.0;14.2;78.0;61.0;40.0;8.0;0.9;0.0;1016.93;1013.21;1015.0699999999999;0.0
2020-09-18;28.3;23.9;21.1;17.3;15.7;14.6;71.0;61.0;47.0;9.7;0.9;0.0;1018.96;1016.59;1017.7750000000001;0.0
2020-09-19;23.8;20.0;17.3;16.5;15.2;13.7;88.0;74.0;59.0;9.7;1.1;0.0;1018.96;1015.58;1017.27;0.51
2020-09-20;23.4;19.7;16.9;16.1;15.2;12.9;89.0;76.0;58.0;8.0;0.5;0.0;1015.92;1012.53;1014.2249999999999;0.0
2020-09-21;23.7;19.3;16.4;17.6;15.8;14.2;89.0;81.0;64.0;8.0;0.3;0.0;1015.24;1013.55;1014.395;0.76
2020-09-22;20.9;17.1;15.1;16.6;15.6;14.5;98.0;91.0;70.0;12.9;2.0;0.0;1014.22;1010.5;1012.36;41.15
2020-09-23;22.9;17.9;14.6;16.4;15.1;14.2;98.0;85.0;63.0;20.9;1.0;0.0;1010.84;1007.11;1008.975;1.02
2020-09-24;20.7;17.2;15.7;17.1;15.3;14.1;94.0;89.0;79.0;19.3;3.2;0.0;1010.16;1001.69;1005.925;1.52
2020-09-25;17.1;14.3;10.9;16.1;9.6;1.2;96.0;76.0;42.0;32.2;7.9;0.0;1002.03;990.52;996.275;6.1
2020-09-26;17.0;14.3;11.2;1.4;-0.9;-3.4;47.0;36.0;27.0;30.6;9.7;0.0;999.32;993.57;996.445;0.0
2020-09-27;16.8;11.8;7.4;8.7;4.5;-0.8;90.0;63.0;43.0;20.9;3.4;0.0;1005.76;999.32;1002.54;5.08
2020-09-28;19.7;13.1;8.2;8.6;7.1;5.5;89.0;69.0;45.0;11.3;2.3;0.0;1012.19;1002.03;1007.11;0.0
2020-09-29;19.9;15.0;11.1;10.7;9.1;6.9;84.0;69.0;51.0;8.0;0.8;0.0;1015.92;1012.19;1014.0550000000001;0.0
2020-09-30;21.1;16.5;12.1;13.2;11.5;9.1;83.0;73.0;59.0;9.7;0.9;0.0;1015.58;1010.5;1013.04;0.0
2020-10-01;18.4;15.7;13.8;14.2;12.7;11.5;93.0;83.0;75.0;6.4;0.4;0.0;1010.84;1003.39;1007.115;0.0
2020-10-02;16.2;14.3;12.7;14.0;13.2;12.0;98.0;93.0;86.0;32.2;10.9;0.0;1003.39;993.57;998.48;38.35
2020-10-03;17.3;14.9;12.7;14.5;12.2;8.6;97.0;85.0;67.0;33.8;7.4;0.0;999.32;990.86;995.09;45.97
2020-10-04;18.3;13.6;11.1;11.4;9.7;8.0;96.0;78.0;58.0;20.9;4.9;0.0;1004.4;998.98;1001.69;12.19
2020-10-05;16.3;12.7;10.1;11.9;10.6;9.6;97.0;88.0;66.0;24.1;1.7;0.0;1012.19;1002.37;1007.28;21.08
2020-10-06;16.4;13.3;9.9;11.6;10.4;8.6;93.0;83.0;71.0;6.4;0.4;0.0;1013.88;1009.82;1011.85;0.0
2020-10-07;20.7;15.5;10.9;11.4;7.3;2.3;94.0;63.0;31.0;19.3;4.0;0.0;1017.27;1007.45;1012.36;0.0
2020-10-08;21.2;15.9;9.7;8.2;5.7;2.6;73.0;52.0;37.0;11.3;1.6;0.0;1021.67;1017.27;1019.47;0.0
2020-10-09;18.4;15.2;12.1;11.8;9.3;6.4;83.0;69.0;58.0;4.8;0.4;0.0;1022.35;1019.3;1020.825;0.0
2020-10-10;19.6;15.2;11.0;12.5;11.1;9.7;93.0;78.0;60.0;9.7;1.0;0.0;1019.3;1013.21;1016.255;0.0
2020-10-11;14.4;11.2;8.4;11.3;9.6;7.5;98.0;90.0;80.0;8.0;1.3;0.0;1013.21;1008.47;1010.84;0.51
2020-10-12;16.7;11.0;5.5;7.8;4.0;-3.1;97.0;67.0;26.0;17.7;1.9;0.0;1011.85;1009.82;1010.835;0.0
2020-10-13;15.8;11.4;5.9;4.2;0.1;-2.8;66.0;47.0;32.0;11.3;1.1;0.0;1011.18;1005.76;1008.47;0.0
2020-10-14;14.3;10.6;7.6;7.2;4.2;0.7;75.0;65.0;54.0;6.4;0.7;0.0;1008.47;1006.1;1007.2850000000001;0.0
2020-10-15;10.6;8.9;7.8;8.3;7.1;5.1;97.0;89.0;72.0;16.1;1.7;0.0;1008.81;1002.71;1005.76;16.51
2020-10-16;14.4;10.1;8.2;9.6;8.1;7.1;98.0;88.0;67.0;9.7;0.9;0.0;1012.53;1008.81;1010.67;3.05
2020-10-17;15.8;10.8;7.1;9.3;7.7;6.0;95.0;82.0;62.0;12.9;0.7;0.0;1016.59;1011.85;1014.22;0.0
2020-10-18;15.3;11.6;7.9;9.9;8.5;6.7;93.0;82.0;67.0;6.4;0.7;0.0;1021.33;1016.59;1018.96;0.0
2020-10-19;15.3;11.8;10.0;10.3;8.8;7.9;90.0;83.0;68.0;6.4;0.4;0.0;1024.04;1021.33;1022.685;0.0
2020-10-20;15.0;11.5;8.6;9.9;8.5;6.2;90.0;82.0;68.0;6.4;0.5;0.0;1024.72;1022.69;1023.705;0.0
2020-10-21;13.8;12.1;9.8;10.4;9.4;7.6;89.0;84.0;76.0;8.0;1.2;0.0;1023.71;1021.67;1022.69;0.0
2020-10-22;14.1;12.9;11.2;11.9;10.6;9.1;97.0;87.0;74.0;8.0;1.4;0.0;1023.37;1021.67;1022.52;1.27
2020-10-23;12.2;11.9;11.4;11.9;11.6;11.1;99.0;99.0;98.0;9.7;0.8;0.0;1022.01;1016.59;1019.3;23.88
2020-10-24;15.0;12.3;11.0;13.0;11.7;10.6;99.0;96.0;87.0;6.4;0.8;0.0;1016.93;1013.88;1015.405;4.83
2020-10-25;17.7;13.1;10.2;13.1;11.4;9.8;99.0;90.0;69.0;8.0;0.7;0.0;1015.92;1010.16;1013.04;1.27
2020-10-26;12.7;11.9;10.1;12.3;11.4;9.0;99.0;97.0;93.0;25.7;5.8;0.0;1010.5;1001.36;1005.9300000000001;51.31
2020-10-27;15.2;10.6;7.4;9.4;7.4;5.5;96.0;82.0;63.0;19.3;3.3;0.0;1014.56;1002.37;1008.4649999999999;13.21
2020-10-28;16.4;11.8;7.6;8.1;6.6;5.3;88.0;71.0;51.0;6.4;1.2;0.0;1016.93;1014.56;1015.7449999999999;0.0
2020-10-29;16.0;11.8;9.0;9.6;7.8;5.6;90.0;77.0;61.0;9.7;0.6;0.0;1021.0;1015.58;1018.29;0.0
2020-10-30;17.0;12.7;9.2;11.1;9.5;7.5;96.0;82.0;67.0;4.8;0.5;0.0;1023.71;1020.66;1022.185;0.0
2020-10-31;15.9;12.0;9.6;12.3;10.7;9.0;98.0;92.0;76.0;4.8;0.5;0.0;1023.37;1020.66;1022.015;0.25
2020-11-01;16.4;12.6;10.3;12.9;11.2;9.8;98.0;92.0;78.0;8.0;0.7;0.0;1022.01;1019.64;1020.825;0.25
2020-11-02;17.1;12.6;9.4;12.8;11.0;8.9;98.0;90.0;75.0;8.0;0.9;0.0;1023.03;1020.66;1021.845;0.0
2020-11-03;14.6;12.1;10.7;13.0;11.6;10.3;99.0;97.0;88.0;6.4;0.3;0.0;1023.37;1021.0;1022.185;0.0
2020-11-04;15.7;13.0;11.4;13.1;12.2;10.9;99.0;95.0;83.0;6.4;0.6;0.0;1026.41;1020.32;1023.365;0.0
2020-11-05;16.9;13.8;10.6;13.5;12.2;10.1;98.0;91.0;76.0;8.0;0.6;0.0;1029.8;1026.08;1027.94;0.25
2020-11-06;16.4;13.1;10.7;12.0;11.1;9.8;97.0;88.0;73.0;8.0;0.5;0.0;1031.83;1028.78;1030.3049999999998;0.0
2020-11-07;17.1;12.2;8.9;12.4;10.4;8.6;98.0;89.0;69.0;3.2;0.4;0.0;1029.8;1027.09;1028.445;0.25
2020-11-08;17.2;12.7;9.1;10.4;9.3;8.1;95.0;81.0;60.0;6.4;0.5;0.0;1027.09;1022.69;1024.8899999999999;0.25
2020-11-09;16.9;12.5;9.6;11.2;9.1;7.8;92.0;81.0;65.0;6.4;0.6;0.0;1023.37;1021.33;1022.35;0.0
2020-11-10;16.9;12.4;9.9;11.2;9.6;7.8;94.0;84.0;67.0;8.0;0.5;0.0;1024.04;1022.35;1023.1949999999999;0.0
2020-11-11;11.1;9.3;8.0;9.3;8.1;7.3;96.0;92.0;82.0;9.7;1.4;0.0;1024.72;1022.69;1023.705;0.25
2020-11-12;12.9;10.0;8.0;8.6;7.5;6.2;93.0;85.0;74.0;6.4;0.3;0.0;1024.72;1022.35;1023.5350000000001;0.0
2020-11-13;11.7;9.5;8.3;8.7;7.9;7.1;96.0;90.0;81.0;4.8;0.2;0.0;1025.06;1023.03;1024.045;0.0
2020-11-14;11.8;9.6;8.2;9.1;8.3;7.4;96.0;92.0;81.0;4.8;0.3;0.0;1025.74;1023.37;1024.555;0.0
2020-11-15;12.0;9.8;8.7;8.4;7.7;6.9;96.0;87.0;74.0;6.4;0.4;0.0;1024.04;1018.96;1021.5;0.0
2020-11-16;12.7;9.3;6.9;9.8;8.2;6.6;98.0;94.0;82.0;6.4;0.7;0.0;1021.67;1014.9;1018.285;5.33
2020-11-17;14.3;10.6;7.7;9.3;7.8;6.4;98.0;83.0;67.0;6.4;0.7;0.0;1029.8;1021.67;1025.735;0.25
2020-11-18;13.3;9.6;6.2;8.6;6.8;5.1;96.0;84.0;71.0;6.4;0.7;0.0;1029.8;1026.41;1028.105;0.0
2020-11-19;13.7;9.4;5.9;8.1;6.5;4.8;95.0;83.0;67.0;4.8;0.4;0.0;1026.41;1017.61;1022.01;0.25
2020-11-20;12.1;8.0;5.1;6.2;5.0;3.9;94.0;82.0;60.0;6.4;0.8;0.0;1027.43;1020.66;1024.045;0.0
2020-11-21;9.3;5.9;2.8;4.7;-0.6;-2.9;88.0;64.0;46.0;8.0;0.9;0.0;1033.53;1027.43;1030.48;0.0
2020-11-22;9.2;5.3;3.1;0.3;-1.2;-2.7;78.0;64.0;51.0;9.7;1.0;0.0;1032.85;1028.45;1030.65;0.0
2020-11-23;9.7;5.5;2.1;1.6;0.6;-0.7;83.0;71.0;55.0;4.8;0.4;0.0;1028.78;1025.4;1027.0900000000001;0.0
2020-11-24;11.7;7.0;3.4;3.2;1.3;0.2;84.0;68.0;46.0;11.3;0.8;0.0;1028.45;1024.38;1026.415;0.0
2020-11-25;10.3;6.1;3.3;3.1;1.9;0.6;90.0;76.0;59.0;4.8;0.3;0.0;1024.38;1022.01;1023.195;0.0
2020-11-26;10.1;5.6;2.9;4.3;2.6;1.3;92.0;82.0;65.0;6.4;0.4;0.0;1024.38;1022.01;1023.195;0.0
2020-11-27;8.4;5.1;2.1;4.4;3.1;1.2;95.0;87.0;75.0;6.4;0.5;0.0;1022.69;1020.32;1021.5050000000001;0.25
2020-11-28;9.3;5.9;2.9;4.7;3.5;2.0;96.0;85.0;68.0;6.4;0.6;0.0;1020.66;1015.92;1018.29;0.0
2020-11-29;8.9;6.6;4.3;5.4;4.2;3.1;94.0;85.0;77.0;6.4;0.6;0.0;1019.64;1014.9;1017.27;0.0
2020-11-30;5.8;4.3;3.1;3.8;1.5;-0.1;94.0;82.0;72.0;6.4;0.5;0.0;1023.71;1019.64;1021.675;0.0
2020-12-01;4.9;3.6;1.9;2.3;1.6;0.8;96.0;87.0;79.0;8.0;0.7;0.0;1021.0;1012.19;1016.595;2.54
2020-12-02;2.1;0.6;-0.4;1.6;0.1;-0.9;98.0;97.0;96.0;8.0;1.4;0.0;1012.53;1008.47;1010.5;3.3
2020-12-03;3.9;0.6;-2.5;3.6;0.2;-2.8;98.0;97.0;91.0;8.0;0.5;0.0;1008.47;1004.06;1006.265;7.87
2020-12-04;4.8;1.6;-0.4;4.7;1.3;-0.8;99.0;98.0;97.0;22.5;3.9;0.0;1004.4;992.89;998.645;50.0
2020-12-05;5.7;3.6;0.9;5.5;3.4;0.7;99.0;99.0;99.0;12.9;1.7;0.0;1000.34;994.92;997.63;28.7
2020-12-06;5.3;3.6;1.8;5.2;3.4;1.6;99.0;99.0;99.0;6.4;0.9;0.0;998.98;994.92;996.95;21.08
2020-12-07;4.9;3.8;2.9;4.1;3.3;2.6;99.0;97.0;86.0;14.5;3.7;0.0;1005.08;997.29;1001.185;4.32
2020-12-08;4.6;3.8;2.9;4.2;3.2;2.4;98.0;96.0;88.0;11.3;1.0;0.0;1005.08;998.98;1002.03;18.8
2020-12-09;4.8;4.2;3.8;4.7;4.0;3.4;99.0;99.0;97.0;9.7;1.0;0.0;1004.4;997.97;1001.185;6.35
2020-12-10;8.1;5.2;3.9;5.3;4.1;3.3;98.0;93.0;79.0;4.8;0.5;0.0;1007.11;1002.71;1004.9100000000001;0.25
2020-12-11;5.9;4.4;2.9;4.8;3.6;2.4;98.0;95.0;91.0;4.8;0.2;0.0;1006.77;1001.36;1004.065;0.0
2020-12-12;6.0;4.1;2.4;4.1;3.3;1.9;98.0;94.0;85.0;4.8;0.6;0.0;1005.42;999.32;1002.37;0.0
2020-12-13;10.2;5.0;1.6;4.9;3.0;1.0;98.0;88.0;68.0;4.8;0.4;0.0;1014.56;1005.42;1009.99;0.25
2020-12-14;9.6;5.8;2.9;4.9;3.0;1.4;92.0;83.0;68.0;4.8;0.5;0.0;1018.96;1014.56;1016.76;0.0
2020-12-15;8.3;6.2;4.0;5.3;3.8;2.2;90.0;85.0;75.0;4.8;0.3;0.0;1020.32;1017.95;1019.135;0.0
2020-12-16;8.7;6.7;5.2;7.2;5.4;2.9;97.0;91.0;77.0;8.0;1.0;0.0;1023.71;1019.98;1021.845;0.51
2020-12-17;9.1;6.7;5.9;7.3;6.0;5.5;99.0;96.0;85.0;6.4;0.5;0.0;1026.41;1023.37;1024.89;0.0
2020-12-18;9.8;6.8;5.8;6.9;5.8;5.2;98.0;94.0;81.0;4.8;0.3;0.0;1028.11;1025.74;1026.925;0.51
2020-12-19;10.1;7.2;5.9;7.2;6.2;5.5;98.0;94.0;79.0;8.0;0.4;0.0;1025.74;1023.71;1024.725;0.76
2020-12-20;6.8;6.3;5.2;6.7;6.1;5.1;99.0;99.0;98.0;6.4;0.2;0.0;1025.4;1023.71;1024.555;5.33
2020-12-21;7.9;7.1;6.5;7.6;6.9;6.3;99.0;99.0;97.0;3.2;0.1;0.0;1026.41;1024.38;1025.395;0.25
2020-12-22;10.2;7.5;6.3;7.8;6.6;5.6;99.0;95.0;84.0;6.4;0.6;0.0;1025.06;1023.03;1024.045;0.0
2020-12-23;8.4;7.4;6.4;7.3;6.7;5.8;98.0;96.0;92.0;6.4;0.4;0.0;1024.72;1019.98;1022.35;1.02
2020-12-24;7.7;7.0;6.3;7.6;6.8;6.1;99.0;99.0;98.0;6.4;0.4;0.0;1019.98;1007.79;1013.885;8.13
2020-12-25;6.8;5.3;2.3;6.7;3.7;-0.2;99.0;91.0;62.0;20.9;2.4;0.0;1013.21;1005.76;1009.485;0.51
2020-12-26;7.8;3.8;1.3;2.0;-0.6;-5.4;97.0;74.0;46.0;8.0;1.0;0.0;1018.29;1013.21;1015.75;0.0
2020-12-27;3.6;1.1;-0.5;-1.1;-2.5;-5.4;96.0;78.0;61.0;4.8;0.6;0.0;1017.61;998.65;1008.13;0.0
2020-12-28;0.6;-0.7;-1.7;0.2;-1.1;-2.2;98.0;98.0;92.0;8.0;0.3;0.0;998.31;984.42;991.365;0.0
2020-12-29;3.0;1.3;0.1;2.7;0.6;-0.7;99.0;95.0;84.0;9.7;0.5;0.0;1001.36;989.84;995.6;12.95
2020-12-30;4.9;1.8;-0.1;4.8;1.5;-0.3;99.0;98.0;90.0;6.4;0.6;0.0;1007.45;1001.02;1004.235;6.6
2020-12-31;6.9;1.8;-1.1;4.3;0.0;-2.2;98.0;88.0;69.0;9.7;0.9;0.0;1010.16;1007.45;1008.8050000000001;0.25
2021-01-01;3.2;1.5;0.6;1.3;0.2;-1.0;98.0;91.0;77.0;6.4;1.2;0.0;1009.82;1007.45;1008.635;16.51
2021-01-02;7.5;4.0;1.7;4.4;3.1;1.3;98.0;94.0;77.0;25.7;2.6;0.0;1008.13;1003.05;1005.5899999999999;18.8
2021-01-03;7.5;4.8;3.2;5.2;3.6;2.5;98.0;92.0;81.0;14.5;2.8;0.0;1009.82;1004.4;1007.11;14.48
2021-01-04;4.8;4.2;3.6;3.7;3.4;2.9;98.0;95.0;90.0;8.0;0.9;0.0;1009.82;1008.13;1008.975;3.81
2021-01-05;5.0;3.3;1.5;3.6;2.4;1.2;98.0;94.0;84.0;6.4;0.8;0.0;1009.48;1004.74;1007.11;3.56
2021-01-06;3.0;1.7;0.5;2.4;1.3;0.2;98.0;97.0;93.0;3.2;0.4;0.0;1012.53;1006.1;1009.315;7.62
2021-01-07;3.9;1.9;-0.2;1.5;0.0;-0.9;98.0;88.0;74.0;6.4;0.9;0.0;1015.24;1012.19;1013.715;0.25
2021-01-08;5.1;1.4;-1.2;-0.6;-1.7;-3.7;92.0;81.0;66.0;6.4;0.5;0.0;1016.26;1011.18;1013.72;0.0
2021-01-09;3.2;1.2;-0.4;-1.6;-4.0;-5.4;89.0;69.0;57.0;8.0;0.9;0.0;1018.96;1016.26;1017.61;0.0
2021-01-10;4.6;1.3;-0.9;-3.9;-4.8;-6.1;74.0;64.0;50.0;9.7;1.5;0.0;1018.63;1016.26;1017.4449999999999;0.0
2021-01-11;3.3;0.3;-2.3;-3.3;-4.6;-6.1;84.0;70.0;59.0;8.0;1.1;0.0;1019.98;1016.59;1018.2850000000001;0.0
2021-01-12;4.4;0.3;-3.1;-2.3;-3.8;-5.2;86.0;75.0;59.0;6.4;0.7;0.0;1019.98;1011.18;1015.5799999999999;0.0
2021-01-13;12.8;7.0;0.0;1.1;-4.3;-10.4;83.0;50.0;19.0;29.0;6.6;0.0;1013.88;1010.16;1012.02;0.0
2021-01-14;13.0;4.0;0.8;2.3;-1.1;-4.9;83.0;70.0;47.0;16.1;3.7;0.0;1014.22;1005.76;1009.99;0.0
2021-01-15;6.4;3.5;-0.4;0.0;-2.6;-5.9;80.0;65.0;42.0;11.3;1.2;0.0;1019.3;1013.88;1016.5899999999999;0.0
2021-01-16;4.5;1.4;-0.9;-2.6;-3.6;-5.4;83.0;70.0;54.0;6.4;0.9;0.0;1022.01;1017.27;1019.64;0.0
2021-01-17;3.1;0.4;-1.3;-1.1;-2.5;-3.4;90.0;82.0;73.0;11.3;1.5;0.0;1019.98;1013.21;1016.595;0.0
2021-01-18;4.2;0.8;-1.9;0.1;-2.1;-3.9;89.0;81.0;71.0;6.4;0.7;0.0;1024.38;1020.32;1022.3500000000001;0.0
2021-01-19;7.1;2.4;-1.2;1.3;-1.4;-4.1;90.0;77.0;59.0;9.7;1.5;0.0;1024.72;1021.67;1023.1949999999999;0.0
2021-01-20;4.6;1.2;0.0;0.5;-0.2;-0.9;97.0;91.0;71.0;9.7;1.8;0.0;1022.01;1017.61;1019.81;2.29
2021-01-21;2.7;1.9;0.7;2.4;1.5;0.3;98.0;98.0;97.0;8.0;0.5;0.0;1017.95;1009.48;1013.715;17.53
2021-01-22;5.7;3.2;1.9;5.6;3.0;1.7;99.0;99.0;98.0;9.7;1.5;0.0;1009.48;991.2;1000.34;30.73
2021-01-23;7.2;4.7;3.4;5.1;3.4;0.4;99.0;92.0;65.0;22.5;4.0;0.0;995.26;990.86;993.06;10.92
2021-01-24;9.8;5.1;1.2;1.4;-7.1;-16.8;91.0;49.0;15.0;11.3;1.6;0.0;1000.34;994.92;997.63;0.0
2021-01-25;7.3;4.2;0.5;-1.9;-8.4;-15.2;62.0;41.0;23.0;20.9;1.6;0.0;1008.47;997.63;1003.05;0.0
2021-01-26;8.0;5.2;3.3;-9.8;-11.4;-12.9;35.0;29.0;22.0;27.4;8.6;0.0;1017.95;1008.47;1013.21;0.0
2021-01-27;6.4;3.3;0.3;-1.5;-7.6;-12.1;72.0;47.0;30.0;17.7;2.0;0.0;1017.61;1014.9;1016.255;0.0
2021-01-28;8.7;3.8;-0.2;2.6;0.6;-2.0;93.0;80.0;63.0;9.7;0.3;0.0;1014.9;1008.81;1011.855;0.0
2021-01-29;9.6;4.1;0.6;3.5;1.3;-0.6;93.0;83.0;53.0;11.3;0.7;0.0;1009.14;1001.69;1005.415;0.0
2021-01-30;13.3;7.3;3.4;3.8;1.4;-0.4;91.0;67.0;41.0;11.3;1.1;0.0;1003.73;995.6;999.665;2.29
2021-01-31;10.7;5.9;2.7;5.8;3.8;1.8;96.0;87.0;68.0;6.4;0.5;0.0;998.65;994.24;996.4449999999999;10.92
2021-02-01;7.0;4.9;2.8;4.6;2.7;1.1;96.0;86.0;76.0;3.2;0.0;0.0;1004.74;996.95;1000.845;0.0
2021-02-02;8.9;4.7;2.1;5.3;3.2;1.3;98.0;91.0;76.0;6.4;0.1;0.0;1013.88;1005.08;1009.48;0.0
2021-02-03;5.2;4.6;3.9;4.8;4.2;3.3;99.0;97.0;95.0;3.2;0.1;0.0;1014.9;1012.53;1013.7149999999999;5.08
2021-02-04;11.1;7.4;5.0;9.2;6.5;4.8;99.0;95.0;79.0;6.4;0.3;0.0;1018.29;1013.55;1015.92;0.25
2021-02-05;9.1;7.2;5.9;8.3;6.8;5.7;99.0;98.0;92.0;1.6;0.0;0.0;1018.29;1015.92;1017.105;1.02
2021-02-06;8.4;7.3;6.7;8.1;7.0;6.6;99.0;98.0;95.0;8.0;0.3;0.0;1016.26;1007.11;1011.685;0.51
2021-02-07;7.0;6.2;5.3;6.7;6.0;5.0;99.0;99.0;98.0;17.7;1.5;0.0;1007.45;991.2;999.325;51.05
2021-02-08;11.6;6.5;2.8;5.6;2.8;0.1;99.0;80.0;47.0;8.0;0.5;0.0;996.61;989.84;993.225;3.3
2021-02-09;10.2;7.0;5.3;5.8;3.7;1.3;96.0;80.0;67.0;4.8;0.1;0.0;1000.34;996.28;998.31;1.78
2021-02-10;7.1;5.6;3.7;6.3;5.0;3.2;98.0;96.0;93.0;14.5;1.6;0.0;1002.03;996.28;999.155;12.7
2021-02-11;11.7;7.0;2.3;5.1;2.7;-1.8;97.0;76.0;50.0;16.1;1.9;0.0;1019.64;1002.03;1010.835;0.0
2021-02-12;4.3;1.7;-3.0;1.3;-3.9;-7.6;89.0;67.0;56.0;17.7;3.7;0.0;1024.72;1019.3;1022.01;0.0
2021-02-13;0.3;-2.0;-2.9;-4.3;-7.3;-9.0;86.0;68.0;53.0;11.3;1.1;0.0;1035.56;1024.72;1030.1399999999999;0.0
2021-02-14;5.4;0.1;-4.9;-4.8;-6.6;-8.8;85.0;62.0;36.0;11.3;1.3;0.0;1038.94;1035.56;1037.25;0.0
2021-02-15;6.3;2.0;-2.4;-3.6;-5.9;-7.7;73.0;57.0;38.0;12.9;0.9;0.0;1037.93;1031.49;1034.71;0.0
2021-02-16;9.1;5.5;1.2;4.2;-1.3;-7.2;82.0;62.0;45.0;11.3;2.2;0.0;1031.49;1022.01;1026.75;0.0
2021-02-17;13.2;7.9;4.3;6.2;4.0;2.5;93.0;78.0;57.0;11.3;0.7;0.0;1022.35;1018.96;1020.655;0.0
2021-02-18;9.7;7.0;4.9;6.1;4.3;1.8;91.0;83.0;71.0;11.3;0.4;0.0;1022.69;1021.33;1022.01;0.25
2021-02-19;9.1;7.8;6.7;8.2;7.1;5.8;98.0;96.0;92.0;4.8;0.3;0.0;1024.04;1021.67;1022.855;2.54
2021-02-20;11.0;8.9;6.9;8.8;7.5;6.6;98.0;92.0;83.0;6.4;0.4;0.0;1025.4;1023.03;1024.2150000000001;0.25
2021-02-21;11.6;8.6;6.2;7.3;6.4;5.2;96.0;87.0;74.0;6.4;0.6;0.0;1028.11;1025.06;1026.585;0.0
2021-02-22;13.0;9.5;5.9;8.7;6.4;4.3;91.0;81.0;66.0;6.4;0.6;0.0;1032.85;1027.77;1030.31;0.0
2021-02-23;16.2;10.6;6.3;7.3;6.1;4.8;92.0;75.0;51.0;4.8;0.4;0.0;1035.9;1032.85;1034.375;0.0
2021-02-24;20.1;14.4;8.7;7.0;5.6;4.6;78.0;57.0;39.0;6.4;0.4;0.0;1035.9;1031.83;1033.865;0.0
2021-02-25;20.6;14.8;10.6;6.9;5.1;3.6;68.0;54.0;34.0;6.4;0.4;0.0;1032.17;1028.11;1030.1399999999999;0.0
2021-02-26;18.7;13.7;9.3;7.1;5.7;3.7;73.0;59.0;42.0;4.8;0.5;0.0;1029.46;1022.35;1025.905;0.0
2021-02-27;17.8;13.3;9.6;6.4;5.0;0.6;72.0;58.0;37.0;19.3;1.9;0.0;1029.46;1020.66;1025.06;0.0
2021-02-28;12.1;8.6;5.5;2.1;1.0;-0.6;75.0;60.0;48.0;12.9;2.0;0.0;1032.85;1029.12;1030.985;0.0
2021-03-01;15.2;9.6;4.3;3.8;1.4;-1.1;76.0;58.0;38.0;8.0;0.5;0.0;1031.16;1028.45;1029.805;0.0
2021-03-02;14.6;10.1;6.2;2.5;0.9;-1.1;64.0;53.0;41.0;11.3;1.2;0.0;1033.86;1031.16;1032.51;0.0
2021-03-03;12.2;9.8;6.7;3.7;2.1;0.8;68.0;59.0;51.0;3.2;0.1;0.0;1031.83;1026.41;1029.12;0.0
2021-03-04;12.7;9.1;5.7;5.1;2.9;0.6;77.0;66.0;54.0;9.7;0.7;0.0;1026.41;1016.93;1021.6700000000001;0.0
2021-03-05;15.0;10.4;5.8;6.7;4.8;3.6;87.0;70.0;50.0;8.0;1.1;0.0;1018.63;1013.55;1016.0899999999999;0.0
2021-03-06;8.8;5.9;3.7;5.7;2.3;-0.9;95.0;78.0;56.0;22.5;3.8;0.0;1028.45;1018.63;1023.54;4.83
2021-03-07;10.4;5.6;1.6;1.8;-0.1;-2.8;81.0;68.0;53.0;11.3;0.7;0.0;1028.45;1018.29;1023.37;0.0
2021-03-08;10.8;6.2;2.1;3.3;1.6;-0.4;85.0;73.0;58.0;9.7;1.0;0.0;1018.29;1013.88;1016.085;0.0
2021-03-09;11.9;7.2;3.0;3.9;2.0;1.0;94.0;72.0;48.0;9.7;0.8;0.0;1016.26;1011.51;1013.885;0.0
2021-03-10;13.1;8.2;4.4;2.7;0.7;-1.9;77.0;60.0;43.0;11.3;1.1;0.0;1018.29;1013.88;1016.085;0.0
2021-03-11;12.0;8.1;4.9;5.4;2.2;-1.6;86.0;67.0;51.0;6.4;0.6;0.0;1019.3;1012.87;1016.085;0.0
2021-03-12;15.4;10.2;6.0;7.5;5.6;3.0;92.0;75.0;44.0;8.0;0.9;0.0;1013.55;1008.47;1011.01;0.0
2021-03-13;14.3;10.0;6.2;7.1;5.2;2.3;95.0;74.0;47.0;11.3;1.1;0.0;1013.55;1006.43;1009.99;0.0
2021-03-14;12.7;9.4;3.4;4.9;-3.1;-10.2;85.0;47.0;20.0;29.0;6.4;0.0;1012.19;1003.05;1007.62;0.0
2021-03-15;14.2;9.6;3.1;1.3;-3.0;-6.1;87.0;43.0;28.0;20.9;5.1;0.0;1012.19;1006.43;1009.31;0.0
2021-03-16;12.5;9.5;7.1;-5.3;-9.6;-13.1;36.0;26.0;16.0;41.8;10.4;0.0;1016.93;1010.84;1013.885;0.0
2021-03-17;13.5;9.3;5.2;-4.9;-8.4;-11.7;38.0;28.0;18.0;30.6;5.8;0.0;1016.59;1012.19;1014.3900000000001;0.0
2021-03-18;8.5;5.5;2.7;0.4;-3.0;-9.1;74.0;56.0;32.0;19.3;2.3;0.0;1017.27;1013.88;1015.575;0.0
2021-03-19;7.8;4.4;1.6;-0.2;-1.6;-3.2;80.0;66.0;47.0;9.7;1.0;0.0;1017.27;1013.55;1015.41;0.0
2021-03-20;9.9;5.3;0.7;-1.2;-3.4;-6.9;75.0;56.0;31.0;14.5;1.5;0.0;1018.96;1014.56;1016.76;0.0
2021-03-21;8.1;4.0;0.3;-2.4;-5.5;-7.9;69.0;51.0;36.0;9.7;0.9;0.0;1018.96;1009.82;1014.3900000000001;0.0
2021-03-22;10.649999999999999;6.1;2.5;-1.0999999999999999;-3.55;-6.300000000000001;66.0;51.0;38.0;13.7;1.55;0.0;1020.655;1013.205;1016.9300000000001;0.0
2021-03-23;13.2;8.2;4.7;0.2;-1.6;-4.7;63.0;51.0;40.0;17.7;2.2;0.0;1022.35;1016.59;1019.47;0.0
2021-03-24;16.2;10.5;3.9;4.3;1.2;-1.9;67.0;53.0;41.0;8.0;0.7;0.0;1022.35;1018.96;1020.655;0.0
2021-03-25;17.5;11.9;6.9;6.8;5.0;2.4;81.0;64.0;46.0;8.0;1.1;0.0;1021.33;1017.95;1019.6400000000001;0.0
2021-03-26;16.9;11.9;6.9;8.7;6.6;5.3;91.0;72.0;51.0;9.7;0.9;0.0;1023.37;1020.66;1022.015;0.0
2021-03-27;14.2;11.4;9.9;8.8;7.8;6.8;86.0;79.0;70.0;8.0;0.8;0.0;1025.74;1021.0;1023.37;0.0
2021-03-28;18.0;12.7;6.9;9.4;7.8;5.8;95.0;74.0;53.0;12.9;1.4;0.0;1030.48;1025.74;1028.1100000000001;0.0
2021-03-29;20.7;15.1;10.2;9.0;7.6;6.3;78.0;62.0;43.0;12.9;0.9;0.0;1031.83;1028.78;1030.3049999999998;0.0
2021-03-30;22.9;17.1;12.6;9.8;8.6;7.2;72.0;59.0;42.0;9.7;0.9;0.0;1030.82;1025.74;1028.28;0.0
2021-03-31;23.6;18.4;14.0;10.7;8.7;5.7;68.0;54.0;32.0;8.0;1.0;0.0;1026.41;1019.64;1023.0250000000001;0.0
2021-04-01;24.9;19.3;15.6;9.9;7.7;4.7;57.0;48.0;34.0;8.0;1.4;0.0;1019.98;1012.53;1016.255;0.0
2021-04-02;25.3;18.4;12.2;7.9;5.7;3.1;59.0;44.0;28.0;9.7;1.9;0.0;1013.55;1006.77;1010.16;0.0
2021-04-03;17.8;13.8;10.4;10.6;5.8;-2.6;77.0;60.0;28.0;20.9;5.8;0.0;1015.92;1005.42;1010.67;0.0
2021-04-04;13.8;10.5;7.7;4.4;2.1;0.7;71.0;57.0;44.0;12.9;2.5;0.0;1017.61;1014.56;1016.085;0.0
2021-04-05;15.1;10.3;6.1;4.9;0.2;-3.1;76.0;51.0;38.0;11.3;1.6;0.0;1017.27;1003.05;1010.16;0.0
2021-04-06;11.1;7.6;1.5;5.4;-4.1;-16.8;90.0;54.0;13.0;35.4;8.5;0.0;1009.14;998.65;1003.895;0.0
2021-04-07;8.5;4.9;0.7;0.3;-8.3;-17.0;93.0;48.0;14.0;32.2;6.1;0.0;1021.67;1009.14;1015.405;0.0
2021-04-08;14.4;8.6;3.5;2.7;-7.0;-14.1;67.0;34.0;17.0;11.3;2.6;0.0;1024.38;1021.33;1022.855;0.0
2021-04-09;13.8;8.8;5.2;6.0;3.4;0.8;85.0;70.0;51.0;12.9;1.1;0.0;1026.08;1022.69;1024.385;0.51
2021-04-10;13.1;9.8;7.3;6.5;3.8;2.1;93.0;67.0;50.0;11.3;1.1;0.0;1022.69;1018.96;1020.825;1.27
2021-04-11;11.4;8.1;6.4;7.5;6.4;5.6;95.0;89.0;70.0;8.0;1.0;0.0;1018.96;1015.58;1017.27;21.84
2021-04-12;10.2;8.5;7.7;8.4;5.8;-1.8;98.0;85.0;47.0;22.5;2.4;0.0;1018.29;1012.53;1015.41;19.05
2021-04-13;12.8;8.7;4.8;6.7;2.6;-7.7;97.0;70.0;25.0;24.1;1.9;0.0;1021.33;1014.22;1017.7750000000001;0.0
2021-04-14;12.3;7.7;3.4;3.4;-0.5;-4.5;93.0;59.0;38.0;11.3;1.2;0.0;1022.35;1018.96;1020.655;0.0
2021-04-15;9.2;6.6;4.6;3.6;1.4;-0.8;83.0;70.0;53.0;24.1;3.5;0.0;1021.33;1018.96;1020.145;0.0
2021-04-16;12.2;8.0;3.9;1.9;0.3;-2.1;80.0;60.0;43.0;17.7;1.8;0.0;1020.66;1017.27;1018.9649999999999;0.0
2021-04-17;13.8;9.5;5.6;3.4;1.3;-1.3;70.0;57.0;45.0;12.9;2.0;0.0;1017.95;1012.53;1015.24;0.0
2021-04-18;12.7;8.6;6.1;6.3;3.3;0.4;89.0;70.0;53.0;14.5;1.1;0.0;1016.26;1014.22;1015.24;4.32
2021-04-19;15.8;10.7;5.9;5.2;3.4;1.5;86.0;62.0;40.0;16.1;1.1;0.0;1016.26;1012.53;1014.395;0.0
2021-04-20;18.7;12.7;7.6;5.2;3.0;0.1;74.0;54.0;29.0;12.9;1.3;0.0;1014.9;1011.51;1013.2049999999999;0.0
2021-04-21;17.4;12.0;8.7;7.3;5.8;4.2;84.0;67.0;43.0;25.7;2.5;0.0;1017.27;1014.9;1016.085;0.0
2021-04-22;17.8;12.6;6.9;8.6;6.9;5.1;89.0;69.0;50.0;14.5;1.8;0.0;1018.63;1015.92;1017.275;0.0
2021-04-23;19.3;14.3;9.3;9.8;7.8;6.2;83.0;66.0;50.0;11.3;1.6;0.0;1022.01;1018.29;1020.15;0.0
2021-04-24;21.1;16.1;11.8;9.5;7.9;6.2;76.0;59.0;44.0;9.7;1.4;0.0;1022.01;1016.59;1019.3;0.0
2021-04-25;23.0;17.3;12.4;9.6;7.0;4.4;65.0;52.0;35.0;11.3;1.4;0.0;1017.61;1011.51;1014.56;0.0
2021-04-26;15.7;13.6;9.9;9.7;7.5;2.2;91.0;68.0;41.0;19.3;2.6;0.0;1012.87;1009.82;1011.345;0.0
2021-04-27;13.6;10.5;8.6;9.2;8.1;7.1;94.0;86.0;71.0;6.4;1.0;0.0;1010.5;1006.77;1008.635;1.02
2021-04-28;15.7;12.8;10.3;10.4;9.0;7.8;92.0;78.0;65.0;9.7;1.0;0.0;1008.47;1006.1;1007.2850000000001;0.25
2021-04-29;11.9;11.4;10.7;11.4;10.7;9.9;98.0;96.0;91.0;12.9;1.8;0.0;1008.81;1006.77;1007.79;11.18
2021-04-30;16.8;13.4;11.1;13.1;11.7;10.8;98.0;90.0;75.0;9.7;1.0;0.0;1010.84;1008.13;1009.485;0.25
2021-05-01;15.4;13.0;10.6;13.7;11.6;9.3;97.0;91.0;84.0;16.1;3.4;0.0;1009.48;1002.71;1006.095;31.75
2021-05-02;20.5;14.1;8.4;11.3;7.5;-1.4;98.0;70.0;30.0;14.5;2.3;0.0;1012.87;1003.05;1007.96;3.56
2021-05-03;19.0;13.3;9.2;9.0;5.7;-1.4;88.0;62.0;37.0;17.7;2.5;0.0;1019.98;1012.87;1016.425;0.0
2021-05-04;19.4;14.6;9.8;9.1;6.8;5.6;79.0;61.0;41.0;11.3;1.6;0.0;1018.29;1009.48;1013.885;0.0
2021-05-05;19.4;13.8;9.5;10.6;8.5;6.2;85.0;72.0;51.0;11.3;2.5;0.0;1010.16;1004.06;1007.1099999999999;0.0
2021-05-06;23.0;16.8;11.6;12.3;6.8;-4.2;88.0;58.0;22.0;22.5;5.1;0.0;1011.51;1005.76;1008.635;0.0
2021-05-07;19.7;15.5;11.2;7.8;4.1;-4.4;70.0;48.0;24.0;16.1;2.7;0.0;1019.64;1011.51;1015.575;0.0
2021-05-08;21.7;17.0;12.3;11.8;10.1;7.7;77.0;65.0;50.0;11.3;1.4;0.0;1018.96;1015.24;1017.1;0.0
2021-05-09;20.7;17.5;14.2;13.6;10.7;7.6;85.0;65.0;55.0;16.1;2.0;0.0;1015.92;1010.84;1013.38;0.51
2021-05-10;19.860000000000003;15.98;12.5;11.22;8.040000000000001;2.5799999999999996;81.0;61.6;40.4;15.460000000000003;2.74;0.0;1015.2379999999999;1009.482;1012.3599999999999;0.0
2021-05-11;17.3;14.320000000000002;11.82;11.22;8.040000000000001;2.5799999999999996;81.0;61.6;40.4;15.460000000000003;2.74;0.0;1015.2379999999999;1009.482;1012.3599999999999;0.0
2021-05-12;19.580000000000002;14.580000000000002;10.899999999999999;11.22;8.040000000000001;2.5799999999999996;81.0;61.6;40.4;15.460000000000003;2.74;0.0;1015.2379999999999;1009.482;1012.3599999999999;0.0
2021-05-13;19.32;15.020000000000001;11.58;11.22;8.040000000000001;2.5799999999999996;81.0;61.6;40.4;15.460000000000003;2.74;0.0;1015.2379999999999;1009.482;1012.3599999999999;0.0
2021-05-14;20.0;15.440000000000001;11.56;11.22;8.040000000000001;2.5799999999999996;81.0;61.6;40.4;15.460000000000003;2.74;0.0;1015.2379999999999;1009.482;1012.3599999999999;0.0
2021-05-15;18.72;14.26;9.96;11.22;8.040000000000001;2.5799999999999996;81.0;61.6;40.4;15.460000000000003;2.74;0.0;1015.2379999999999;1009.482;1012.3599999999999;0.0
2021-05-16;20.46;15.800000000000002;12.44;11.22;8.040000000000001;2.5799999999999996;81.0;61.6;40.4;15.460000000000003;2.74;0.0;1015.2379999999999;1009.482;1012.3599999999999;0.0
2021-05-17;21.88;16.58;12.420000000000002;11.22;8.040000000000001;2.5799999999999996;81.0;61.6;40.4;15.460000000000003;2.74;0.0;1015.2379999999999;1009.482;1012.3599999999999;0.0
2021-05-18;22.02;17.619999999999997;13.820000000000002;11.22;8.040000000000001;2.5799999999999996;81.0;61.6;40.4;15.460000000000003;2.74;0.0;1015.2379999999999;1009.482;1012.3599999999999;0.0
2021-05-19;18.56;14.959999999999999;12.02;11.22;8.040000000000001;2.5799999999999996;81.0;61.6;40.4;15.460000000000003;2.74;0.0;1015.2379999999999;1009.482;1012.3599999999999;0.0
2021-05-20;23.0;17.3;11.2;6.8;1.3;-2.1;73.0;37.0;21.0;12.9;2.3;0.0;1017.61;1014.22;1015.915;0.0
2021-05-21;20.9;16.5;13.2;9.2;5.1;1.8;74.0;48.0;36.0;12.9;2.0;0.0;1017.61;1010.5;1014.0550000000001;0.0
2021-05-22;18.6;14.2;10.5;12.0;10.5;9.0;96.0;79.0;61.0;14.5;2.2;0.0;1011.51;1008.13;1009.8199999999999;6.6
2021-05-23;23.5;17.6;12.4;12.6;9.4;3.6;88.0;63.0;29.0;12.9;1.6;0.0;1016.26;1010.5;1013.38;0.0
2021-05-24;15.8;12.6;11.3;12.2;10.9;9.3;98.0;90.0;67.0;14.5;1.6;0.0;1016.59;1011.85;1014.22;24.64
2021-05-25;21.9;16.1;9.9;12.7;5.4;-4.8;98.0;60.0;17.0;17.7;3.2;0.0;1016.93;1013.55;1015.24;0.0
2021-05-26;21.1;16.3;9.9;10.9;7.9;0.5;81.0;59.0;35.0;24.1;2.2;0.0;1017.95;1013.55;1015.75;0.0
2021-05-27;24.3;18.6;12.3;12.1;9.9;6.9;79.0;59.0;40.0;11.3;1.8;0.0;1014.56;1010.84;1012.7;0.0
2021-05-28;24.2;18.7;12.6;13.3;11.1;8.9;84.0;63.0;44.0;14.5;2.0;0.0;1018.29;1014.22;1016.255;0.0
2021-05-29;25.2;19.4;15.3;14.8;11.0;8.6;72.0;60.0;42.0;12.9;2.3;0.0;1016.59;1013.21;1014.9000000000001;0.0
2021-05-30;22.6;18.3;13.6;11.6;10.0;8.2;81.0;59.0;44.0;14.5;3.1;0.0;1018.63;1014.9;1016.765;0.0
2021-05-31;22.1;18.0;14.6;10.9;8.8;5.8;69.0;56.0;46.0;17.7;3.4;0.0;1018.63;1014.56;1016.595;0.0
2021-06-01;23.8;19.7;15.7;11.8;10.6;9.2;69.0;57.0;45.0;12.9;1.8;0.0;1016.59;1012.53;1014.56;0.0
2021-06-02;24.2;19.8;16.6;12.6;9.9;7.4;69.0;54.0;40.0;12.9;2.6;0.0;1019.64;1014.9;1017.27;0.0
2021-06-03;27.3;21.6;15.8;14.4;12.4;10.8;80.0;58.0;37.0;11.3;1.6;0.0;1021.67;1018.96;1020.315;0.0
2021-06-04;28.7;23.4;18.0;14.3;11.8;8.5;64.0;49.0;35.0;9.7;1.7;0.0;1021.67;1018.29;1019.98;0.0
2021-06-05;26.3;21.8;17.7;16.2;13.8;10.6;89.0;62.0;45.0;12.9;1.9;0.0;1019.98;1015.24;1017.61;1.52
2021-06-06;26.5;20.0;15.4;16.0;14.6;13.1;97.0;74.0;47.0;24.1;2.9;0.0;1016.59;1012.19;1014.3900000000001;18.8
2021-06-07;22.6;19.3;16.1;17.5;16.0;14.4;97.0;82.0;65.0;6.4;1.1;0.0;1016.93;1014.9;1015.915;0.51
2021-06-08;25.9;20.9;16.8;17.3;15.5;13.6;93.0;73.0;48.0;16.1;1.9;0.0;1016.93;1014.9;1015.915;0.51
2021-06-09;29.6;22.0;16.2;17.9;15.0;11.6;90.0;67.0;33.0;14.5;2.1;0.0;1016.59;1014.56;1015.575;6.35
2021-06-10;27.9;22.7;17.5;16.5;14.1;11.4;78.0;59.0;45.0;11.3;1.9;0.0;1016.59;1013.88;1015.235;0.0
2021-06-11;28.2;22.7;19.2;16.7;15.3;14.0;80.0;64.0;46.0;16.1;2.5;0.0;1016.26;1012.87;1014.565;0.0
2021-06-12;29.7;24.4;19.4;17.9;16.1;14.1;76.0;61.0;44.0;11.3;2.5;0.0;1017.27;1013.88;1015.575;0.0
2021-06-13;34.1;27.9;20.6;17.2;13.9;9.9;80.0;44.0;24.0;16.1;3.2;0.0;1015.24;1012.53;1013.885;0.0
2021-06-14;29.4;25.0;21.2;19.1;17.2;14.3;84.0;63.0;49.0;16.1;2.9;0.0;1016.59;1012.53;1014.56;0.0
2021-06-15;29.1;23.8;19.9;17.3;14.3;10.8;74.0;56.0;44.0;17.7;3.0;0.0;1017.95;1013.88;1015.915;0.0
2021-06-16;28.7;23.6;19.7;17.8;16.4;14.8;74.0;65.0;51.0;9.7;1.7;0.0;1014.9;1012.53;1013.7149999999999;0.0
2021-06-17;30.8;27.3;22.2;21.1;19.6;18.3;91.0;65.0;48.0;9.7;1.5;0.0;1014.22;1012.19;1013.205;7.11
2021-06-18;31.4;26.1;21.4;20.3;17.2;13.1;84.0;60.0;41.0;11.3;2.0;0.0;1015.92;1013.21;1014.565;0.0
2021-06-19;30.4;25.7;21.0;18.1;15.7;13.3;67.0;55.0;40.0;9.7;1.8;0.0;1014.9;1011.18;1013.04;0.0
2021-06-20;29.4;23.9;19.9;18.9;16.6;13.8;82.0;64.0;49.0;27.4;1.9;0.0;1012.53;1006.43;1009.48;0.51
2021-06-21;30.3;25.3;22.1;18.7;17.5;15.8;78.0;63.0;43.0;11.3;2.4;0.0;1008.13;1005.42;1006.775;0.0
2021-06-22;29.7;22.8;18.1;17.8;16.3;13.9;93.0;69.0;40.0;19.3;2.0;0.0;1010.84;1006.77;1008.8050000000001;10.92
2021-06-23;28.7;22.8;17.1;18.6;15.3;7.7;86.0;64.0;31.0;9.7;1.9;0.0;1014.56;1010.84;1012.7;0.0
2021-06-24;28.9;22.8;17.5;16.7;13.8;11.6;80.0;58.0;36.0;19.3;3.1;0.0;1014.56;1011.85;1013.2049999999999;7.11
2021-06-25;29.2;22.3;15.6;15.2;12.9;9.8;86.0;59.0;32.0;12.9;1.5;0.0;1013.88;1010.84;1012.36;0.0
2021-06-26;29.6;24.0;16.5;16.6;14.8;13.6;84.0;58.0;39.0;12.9;1.8;0.0;1014.9;1011.85;1013.375;0.0
2021-06-27;30.9;25.6;18.9;17.1;15.9;14.7;77.0;56.0;40.0;11.3;1.2;0.0;1013.88;1011.85;1012.865;0.0
2021-06-28;31.7;26.9;21.6;18.7;16.0;12.4;82.0;53.0;32.0;12.9;2.3;0.0;1013.55;1009.48;1011.515;0.51
2021-06-29;29.7;25.2;21.0;17.9;15.7;13.0;73.0;57.0;38.0;17.7;3.1;0.0;1010.16;1006.43;1008.295;0.0
2021-06-30;27.0;22.6;19.0;17.8;15.9;13.8;79.0;67.0;48.0;16.1;2.2;0.0;1009.14;1005.76;1007.45;0.0
2021-07-01;29.7;23.5;15.4;15.6;11.9;7.9;86.0;52.0;29.0;12.9;2.9;0.0;1009.82;1008.13;1008.975;0.0
2021-07-02;30.2;24.5;19.2;16.3;13.5;8.2;72.0;52.0;30.0;12.9;2.3;0.0;1013.21;1009.82;1011.5150000000001;0.0
2021-07-03;27.9;24.3;20.4;18.2;15.9;13.6;86.0;60.0;48.0;11.3;2.1;0.0;1013.55;1009.14;1011.345;0.0
2021-07-04;22.4;18.9;16.0;18.6;17.1;15.0;97.0;90.0;76.0;11.3;1.8;0.0;1010.16;1006.77;1008.4649999999999;25.91
2021-07-05;28.7;21.6;14.7;17.3;14.5;10.7;98.0;68.0;34.0;9.7;1.0;0.0;1011.85;1007.79;1009.8199999999999;0.51
2021-07-06;29.3;25.3;20.4;18.9;15.4;12.3;70.0;55.0;42.0;14.5;1.5;0.0;1012.19;1008.81;1010.5;0.0
2021-07-07;30.6;24.8;20.6;19.3;17.8;16.2;89.0;67.0;45.0;16.1;2.8;0.0;1013.21;1009.48;1011.345;3.05
2021-07-08;28.0;21.4;15.4;20.4;17.4;14.2;97.0;80.0;58.0;14.5;3.2;0.0;1015.24;1009.14;1012.19;12.45
2021-07-09;29.6;22.2;14.1;16.5;13.0;9.0;97.0;61.0;29.0;12.9;2.7;0.0;1015.58;1013.55;1014.565;0.0
2021-07-10;30.0;24.4;18.2;15.9;13.6;11.6;70.0;52.0;37.0;14.5;1.6;0.0;1014.9;1010.84;1012.87;0.0
2021-07-11;29.8;23.7;16.8;17.3;15.2;11.6;92.0;62.0;33.0;20.9;2.9;0.0;1013.21;1009.48;1011.345;15.75
2021-07-12;28.8;24.6;18.8;19.3;16.8;12.9;75.0;62.0;52.0;17.7;2.0;0.0;1011.85;1007.79;1009.8199999999999;0.0
2021-07-13;25.7;22.4;16.6;19.2;16.4;11.4;81.0;70.0;58.0;24.1;6.3;0.0;1007.79;1001.69;1004.74;0.0
2021-07-14;23.2;18.8;15.4;14.9;13.1;11.1;84.0;70.0;48.0;11.3;1.9;0.0;1011.51;1005.76;1008.635;0.0
2021-07-15;24.2;19.9;16.0;15.9;14.7;12.9;89.0;73.0;54.0;12.9;2.2;0.0;1012.19;1010.84;1011.5150000000001;0.25
2021-07-16;26.3;20.8;16.7;17.4;15.4;14.0;88.0;72.0;48.0;11.3;1.7;0.0;1013.88;1010.84;1012.36;0.0
2021-07-17;31.2;23.9;18.0;20.3;16.2;12.1;83.0;65.0;32.0;16.1;3.1;0.0;1013.88;1008.81;1011.345;0.0
2021-07-18;30.9;25.6;20.2;18.6;16.9;14.2;81.0;60.0;43.0;9.7;1.4;0.0;1010.16;1007.45;1008.8050000000001;0.0
2021-07-19;32.2;26.5;21.8;18.0;15.9;13.3;74.0;54.0;36.0;14.5;2.6;0.0;1010.84;1008.47;1009.655;0.0
2021-07-20;32.1;27.4;23.2;18.5;16.6;14.8;63.0;52.0;41.0;11.3;1.8;0.0;1013.21;1010.16;1011.685;0.0
2021-07-21;31.6;26.5;21.3;19.9;17.4;14.3;71.0;58.0;45.0;11.3;1.4;0.0;1015.58;1013.21;1014.395;0.0
2021-07-22;30.7;26.2;22.4;19.7;18.2;16.3;75.0;62.0;47.0;11.3;1.9;0.0;1016.93;1012.53;1014.73;0.0
2021-07-23;30.2;25.4;20.3;19.8;18.6;17.1;83.0;67.0;50.0;11.3;1.9;0.0;1014.22;1010.16;1012.19;0.0
2021-07-24;29.5;25.8;23.1;20.9;19.5;18.2;79.0;69.0;57.0;16.1;2.3;0.0;1012.19;1006.77;1009.48;0.0
2021-07-25;26.1;21.9;16.9;20.1;18.6;15.8;98.0;82.0;67.0;40.2;5.4;0.0;1008.47;1004.74;1006.605;28.19
2021-07-26;26.7;21.1;16.4;20.1;17.8;14.9;97.0;82.0;65.0;37.0;3.5;0.0;1012.87;1007.79;1010.3299999999999;18.29
2021-07-27;26.4;21.1;19.0;21.2;18.3;16.6;98.0;85.0;66.0;14.5;1.9;0.0;1014.56;1012.19;1013.375;11.43
2021-07-28;26.0;21.8;18.7;20.3;18.4;16.5;97.0;82.0;63.0;16.1;2.0;0.0;1014.22;1011.18;1012.7;3.3
2021-07-29;30.0;24.7;18.8;19.5;17.6;15.3;82.0;66.0;50.0;9.7;1.3;0.0;1013.21;1009.82;1011.5150000000001;0.0
2021-07-30;29.5;25.4;21.6;20.9;19.0;17.3;83.0;68.0;56.0;9.7;1.2;0.0;1011.18;1006.77;1008.9749999999999;0.0
2021-07-31;29.2;23.5;17.4;21.2;19.3;16.1;95.0;78.0;54.0;30.6;3.7;0.0;1008.47;1002.03;1005.25;2.29
2021-08-01;26.2;19.8;16.7;20.7;17.2;16.0;98.0;86.0;63.0;16.1;2.6;0.0;1007.79;1001.69;1004.74;30.73
2021-08-02;26.1;20.6;15.4;16.8;15.2;13.9;94.0;73.0;51.0;9.7;1.7;0.0;1013.21;1007.45;1010.33;1.52
2021-08-03;23.6;20.3;16.9;18.2;16.1;13.5;90.0;78.0;64.0;16.1;1.6;0.0;1013.88;1010.5;1012.19;1.52
2021-08-04;21.6;18.8;16.1;18.3;17.0;15.4;97.0;90.0;78.0;14.5;2.1;0.0;1011.51;1007.45;1009.48;36.32
2021-08-05;28.4;21.1;13.7;18.4;15.2;12.9;98.0;72.0;43.0;11.3;2.4;0.0;1007.79;1003.39;1005.5899999999999;1.78
2021-08-06;28.9;22.6;16.7;17.9;16.2;14.4;87.0;68.0;46.0;11.3;1.6;0.0;1006.43;1004.4;1005.415;0.0
2021-08-07;25.1;22.2;19.3;19.3;17.8;15.4;84.0;76.0;68.0;11.3;1.9;0.0;1007.45;1003.39;1005.4200000000001;0.0
2021-08-08;29.3;24.4;20.1;19.8;17.9;15.5;87.0;69.0;45.0;9.7;1.1;0.0;1011.51;1006.1;1008.8050000000001;0.0
2021-08-09;28.9;23.7;18.6;18.9;17.0;15.3;85.0;67.0;50.0;9.7;0.9;0.0;1016.59;1011.85;1014.22;0.0
2021-08-10;30.7;25.5;19.4;19.3;17.3;15.9;86.0;62.0;43.0;8.0;1.0;0.0;1016.93;1013.55;1015.24;0.0
2021-08-11;32.9;26.4;21.0;19.3;17.9;16.3;77.0;61.0;39.0;6.4;1.2;0.0;1015.92;1013.55;1014.7349999999999;0.0
2021-08-12;32.9;28.1;24.1;20.4;18.8;17.2;69.0;58.0;45.0;8.0;1.2;0.0;1018.29;1015.24;1016.765;0.0
2021-08-13;33.4;28.2;22.7;21.6;20.1;18.1;81.0;63.0;48.0;9.7;1.1;0.0;1019.98;1016.93;1018.4549999999999;0.0
2021-08-14;34.2;28.8;24.3;22.1;19.9;18.1;74.0;60.0;44.0;9.7;1.0;0.0;1018.96;1014.56;1016.76;0.0
2021-08-15;34.4;29.1;24.5;21.9;19.6;14.3;72.0;57.0;43.0;8.0;1.1;0.0;1015.24;1009.14;1012.19;0.0
2021-08-16;30.6;25.8;19.3;21.2;17.2;7.4;85.0;60.0;34.0;38.6;4.0;0.0;1010.16;1003.39;1006.775;2.29
2021-08-17;29.0;24.6;18.7;15.4;10.6;6.3;75.0;43.0;27.0;29.0;5.4;0.0;1011.18;1006.43;1008.805;0.0
2021-08-18;26.4;22.7;18.6;15.6;13.9;12.9;72.0;58.0;47.0;11.3;1.7;0.0;1013.55;1011.18;1012.365;0.0
2021-08-19;28.0;22.8;18.5;15.3;13.5;11.9;69.0;57.0;44.0;9.7;1.2;0.0;1013.88;1011.18;1012.53;0.0
2021-08-20;29.1;24.1;19.0;16.0;14.2;11.0;75.0;55.0;39.0;8.0;1.1;0.0;1014.9;1012.53;1013.7149999999999;0.0
2021-08-21;29.9;25.5;19.8;17.7;16.1;14.3;74.0;57.0;46.0;11.3;1.6;0.0;1016.93;1014.56;1015.7449999999999;0.0
2021-08-22;30.3;25.1;20.6;19.4;17.3;16.1;81.0;63.0;45.0;8.0;1.1;0.0;1015.58;1011.51;1013.5450000000001;0.0
2021-08-23;26.7;21.8;18.6;18.9;17.3;14.4;94.0;77.0;55.0;16.1;3.2;0.0;1014.56;1010.5;1012.53;0.0
2021-08-24;26.9;21.9;17.8;17.1;14.8;12.9;87.0;66.0;44.0;16.1;1.7;0.0;1014.9;1012.19;1013.5450000000001;0.0
2021-08-25;26.1;21.6;18.6;15.7;14.3;13.3;80.0;64.0;48.0;11.3;1.6;0.0;1014.9;1011.18;1013.04;0.0
2021-08-26;27.9;22.7;17.2;15.9;14.4;12.8;77.0;61.0;42.0;12.9;1.7;0.0;1011.85;1003.73;1007.79;0.0
2021-08-27;21.3;18.9;16.9;16.1;14.8;12.8;89.0;78.0;67.0;19.3;4.0;0.0;1011.18;1004.06;1007.6199999999999;0.0
2021-08-28;23.9;18.8;15.4;14.1;12.5;11.0;90.0;68.0;46.0;12.9;1.7;0.0;1011.85;1009.14;1010.495;0.25
2021-08-29;25.6;19.8;14.7;12.3;10.8;9.3;76.0;58.0;37.0;9.7;1.6;0.0;1011.85;1008.47;1010.1600000000001;0.0
2021-08-30;26.3;20.7;16.3;14.6;11.9;9.7;75.0;58.0;38.0;9.7;1.4;0.0;1012.53;1009.14;1010.835;0.0
2021-08-31;25.7;19.7;16.6;15.7;14.5;12.8;87.0;73.0;45.0;14.5;1.4;0.0;1016.93;1012.87;1014.9;10.92
2021-09-01;26.4;21.4;16.2;15.4;13.9;12.4;82.0;64.0;45.0;9.7;1.1;0.0;1019.98;1017.27;1018.625;0.0
2021-09-02;25.9;21.6;17.9;15.2;14.0;12.7;80.0;63.0;47.0;12.9;1.8;0.0;1022.35;1018.63;1020.49;0.0
2021-09-03;25.8;21.2;17.5;13.7;12.6;10.9;70.0;59.0;45.0;8.0;1.3;0.0;1020.66;1014.22;1017.44;0.0
2021-09-04;26.8;21.9;18.4;15.3;13.6;11.9;74.0;60.0;45.0;8.0;1.1;0.0;1015.24;1012.19;1013.715;0.0
2021-09-05;27.4;22.4;18.3;15.2;14.0;12.7;73.0;60.0;46.0;19.3;1.1;0.0;1018.63;1014.56;1016.595;0.0
2021-09-06;26.4;22.4;17.7;15.3;13.2;11.4;83.0;57.0;43.0;11.3;1.6;0.0;1021.33;1018.63;1019.98;0.25
2021-09-07;26.9;22.7;19.6;15.4;12.3;9.7;67.0;52.0;40.0;8.0;1.0;0.0;1021.67;1017.61;1019.64;0.0
2021-09-08;26.6;22.1;18.9;13.1;11.3;9.7;62.0;51.0;37.0;12.9;1.4;0.0;1019.3;1015.58;1017.44;0.0
2021-09-09;26.1;21.7;18.4;14.0;11.3;9.6;73.0;53.0;38.0;12.9;1.3;0.0;1016.93;1013.55;1015.24;0.0
2021-09-10;26.2;22.1;19.4;14.4;12.4;10.6;66.0;55.0;42.0;9.7;1.4;0.0;1015.58;1014.22;1014.9000000000001;0.0
2021-09-11;27.2;22.4;18.2;15.8;13.8;12.6;74.0;59.0;44.0;12.9;0.8;0.0;1015.58;1012.87;1014.225;0.0
2021-09-12;27.9;23.2;19.2;16.0;13.6;9.9;73.0;56.0;33.0;8.0;1.2;0.0;1015.24;1012.19;1013.715;0.0
2021-09-13;29.1;24.0;18.7;14.6;13.1;11.7;67.0;52.0;37.0;9.7;0.9;0.0;1015.58;1012.87;1014.225;0.0
2021-09-14;25.9;22.4;17.6;18.1;15.9;13.7;79.0;67.0;58.0;8.0;1.1;0.0;1016.26;1014.22;1015.24;0.0
2021-09-15;25.4;21.1;18.7;18.9;17.4;15.9;91.0;80.0;63.0;9.7;1.0;0.0;1016.26;1013.21;1014.735;0.51
2021-09-16;23.0;19.9;16.4;19.5;18.0;16.1;99.0;89.0;76.0;12.9;1.7;0.0;1014.22;1010.84;1012.53;39.62
2021-09-17;25.8;19.9;15.7;17.9;16.5;15.2;99.0;82.0;57.0;6.4;0.8;0.0;1011.51;1007.79;1009.65;0.0
2021-09-18;24.7;20.2;18.1;18.4;17.2;16.2;94.0;84.0;67.0;9.7;0.7;0.0;1011.85;1009.14;1010.495;1.52
2021-09-19;19.9;16.8;12.2;17.7;14.5;9.0;97.0;87.0;69.0;38.6;6.0;0.0;1010.5;1006.43;1008.4649999999999;25.91
2021-09-20;21.6;16.3;11.3;14.4;11.2;8.4;93.0;73.0;52.0;12.9;1.4;0.0;1017.61;1008.81;1013.21;2.29
2021-09-21;21.8;16.9;13.9;13.6;12.2;11.0;93.0;75.0;55.0;9.7;1.0;0.0;1023.37;1017.61;1020.49;0.0
2021-09-22;22.1;17.8;14.3;14.3;13.0;11.5;86.0;74.0;60.0;8.0;0.9;0.0;1023.37;1018.96;1021.165;0.0
2021-09-23;21.1;17.3;14.1;14.1;12.4;11.4;87.0;74.0;59.0;6.4;0.5;0.0;1022.69;1018.29;1020.49;0.0
2021-09-24;23.8;18.5;13.6;15.0;13.2;10.8;87.0;72.0;55.0;9.7;0.9;0.0;1018.63;1015.24;1016.935;0.0
2021-09-25;23.3;19.2;16.1;16.8;15.1;13.2;85.0;78.0;64.0;8.0;0.8;0.0;1020.32;1017.95;1019.135;0.0
2021-09-26;19.6;17.6;15.6;17.6;16.2;15.2;98.0;92.0;80.0;12.9;1.1;0.0;1019.98;1015.92;1017.95;28.96
2021-09-27;23.3;17.8;14.6;17.3;15.8;14.4;99.0;89.0;68.0;8.0;0.4;0.0;1017.61;1015.24;1016.425;0.25
2021-09-28;24.7;19.4;14.9;17.1;15.9;14.3;98.0;82.0;59.0;9.7;0.7;0.0;1019.3;1016.59;1017.9449999999999;0.25
2021-09-29;24.7;19.6;14.8;16.2;14.6;13.3;94.0;74.0;52.0;16.1;1.8;0.0;1016.93;1014.9;1015.915;20.32
2021-09-30;22.0;18.1;15.2;14.6;12.4;7.6;86.0;70.0;51.0;8.0;1.0;0.0;1023.37;1016.59;1019.98;0.0
2021-10-01;21.8;17.1;13.9;12.9;11.6;10.1;86.0;71.0;51.0;11.3;1.3;0.0;1024.04;1018.96;1021.5;0.0
2021-10-02;21.0;17.3;14.8;13.7;12.5;11.6;85.0;74.0;60.0;8.0;0.8;0.0;1018.96;1016.26;1017.61;0.0
2021-10-03;18.2;16.0;14.1;15.4;14.2;12.0;97.0;90.0;73.0;16.1;4.1;0.0;1016.93;1014.9;1015.915;4.32
2021-10-04;17.9;16.7;14.8;16.1;15.2;14.3;98.0;91.0;82.0;17.7;4.4;0.0;1016.59;1011.18;1013.885;61.72
2021-10-05;17.8;15.4;13.8;16.2;14.4;13.2;98.0;94.0;79.0;29.0;4.2;0.0;1011.85;1009.48;1010.665;15.24
2021-10-06;15.7;12.9;9.9;13.6;10.6;2.3;100.0;87.0;45.0;30.6;3.1;0.0;1014.56;1010.16;1012.3599999999999;28.45
2021-10-07;19.8;14.5;9.6;10.0;6.4;1.2;73.0;59.0;43.0;8.0;1.3;0.0;1017.95;1014.22;1016.085;0.0
2021-10-08;19.1;14.2;10.9;10.7;9.1;8.1;88.0;72.0;52.0;9.7;1.2;0.0;1022.01;1017.27;1019.64;0.0
2021-10-09;15.4;13.4;11.6;10.6;8.4;6.5;85.0;73.0;57.0;8.0;0.5;0.0;1023.37;1021.0;1022.185;0.0
2021-10-10;16.3;12.1;9.0;8.2;6.5;5.4;83.0;70.0;52.0;11.3;0.8;0.0;1023.03;1017.61;1020.3199999999999;0.0
2021-10-11;17.7;12.5;8.6;8.3;6.5;5.1;82.0;68.0;48.0;6.4;0.7;0.0;1019.64;1016.93;1018.285;0.0
2021-10-12;16.7;13.1;10.6;8.9;7.4;5.5;81.0;69.0;58.0;9.7;1.0;0.0;1017.95;1012.53;1015.24;0.0
2021-10-13;16.7;12.3;9.4;10.2;8.0;6.8;89.0;76.0;58.0;11.3;1.9;0.0;1021.33;1013.21;1017.27;0.0
2021-10-14;15.3;11.3;8.9;7.4;6.2;4.6;87.0;72.0;54.0;9.7;0.7;0.0;1024.04;1021.33;1022.685;0.0
2021-10-15;15.9;11.4;8.3;7.7;6.4;5.1;85.0;72.0;57.0;6.4;0.6;0.0;1022.01;1014.56;1018.285;0.0
2021-10-16;17.7;12.7;8.9;9.9;7.7;6.6;89.0;73.0;53.0;8.0;0.8;0.0;1018.96;1015.92;1017.44;0.0
2021-10-17;17.6;13.0;9.8;9.0;7.2;6.5;84.0;69.0;50.0;8.0;0.9;0.0;1021.0;1017.95;1019.475;0.0
2021-10-18;17.9;13.0;9.3;9.9;8.2;6.4;84.0;74.0;57.0;6.4;0.4;0.0;1026.41;1020.66;1023.5350000000001;0.0
2021-10-19;17.2;13.6;10.2;11.4;9.9;8.2;88.0;79.0;68.0;8.0;0.6;0.0;1027.77;1025.4;1026.585;0.0
2021-10-20;18.3;14.1;11.7;12.9;11.2;9.5;91.0;83.0;63.0;9.7;0.8;0.0;1026.08;1019.64;1022.8599999999999;0.0
2021-10-21;14.4;12.9;11.7;13.3;12.2;11.2;98.0;95.0;84.0;9.7;0.9;0.0;1019.64;1012.53;1016.085;4.32
2021-10-22;18.2;13.5;10.1;13.6;11.3;9.8;99.0;87.0;63.0;6.4;0.5;0.0;1018.96;1013.88;1016.4200000000001;0.51
2021-10-23;17.3;13.1;10.7;12.2;10.8;9.3;95.0;86.0;71.0;6.4;0.4;0.0;1026.75;1018.96;1022.855;0.0
2021-10-24;15.8;12.1;9.2;10.9;8.3;6.4;91.0;79.0;55.0;6.4;0.7;0.0;1029.46;1026.08;1027.77;0.0
2021-10-25;12.7;10.1;8.2;7.7;6.8;4.9;87.0;80.0;71.0;3.2;0.2;0.0;1026.75;1022.69;1024.72;0.0
2021-10-26;15.4;10.6;6.4;9.0;7.1;5.2;93.0;80.0;60.0;6.4;0.6;0.0;1025.4;1020.66;1023.03;0.0
2021-10-27;17.1;12.4;8.3;9.3;7.1;5.8;91.0;71.0;52.0;6.4;0.9;0.0;1027.09;1024.72;1025.905;0.0
2021-10-28;16.0;11.8;8.7;8.6;7.1;5.5;84.0;73.0;60.0;8.0;0.5;0.0;1025.4;1021.0;1023.2;0.0
2021-10-29;15.8;11.9;9.3;8.8;7.3;6.2;83.0;74.0;59.0;6.4;0.7;0.0;1021.0;1017.27;1019.135;0.0
2021-10-30;11.6;10.7;9.8;9.3;7.9;6.4;96.0;83.0;74.0;6.4;0.6;0.0;1021.0;1017.61;1019.3050000000001;0.51
2021-10-31;11.8;10.5;9.4;10.2;9.0;7.7;96.0;91.0;85.0;8.0;0.5;0.0;1021.0;1014.9;1017.95;0.51
2021-11-01;10.4;9.3;6.5;9.3;8.7;5.9;98.0;96.0;89.0;14.5;1.1;0.0;1014.9;1000.0;1007.45;35.56
2021-11-02;14.9;9.6;5.3;10.5;7.4;4.8;98.0;87.0;59.0;9.7;1.4;0.0;1006.1;999.66;1002.88;0.25
2021-11-03;11.0;9.6;7.8;9.2;8.1;7.0;98.0;91.0;78.0;19.3;3.8;0.0;1005.76;996.28;1001.02;39.12
2021-11-04;14.1;9.2;6.0;7.8;6.2;4.3;98.0;83.0;56.0;17.7;2.9;0.0;1014.22;996.28;1005.25;10.92
2021-11-05;13.8;9.1;5.2;4.8;2.7;-0.2;84.0;65.0;47.0;6.4;0.8;0.0;1024.72;1014.22;1019.47;0.0
2021-11-06;13.6;8.8;5.1;3.3;1.1;-1.3;78.0;59.0;44.0;12.9;1.9;0.0;1027.77;1024.72;1026.245;0.0
2021-11-07;13.6;9.0;5.8;3.5;2.0;0.1;83.0;63.0;44.0;8.0;0.9;0.0;1025.06;1016.59;1020.825;0.0
2021-11-08;9.3;7.7;4.4;7.0;4.8;1.4;92.0;82.0;61.0;17.7;2.1;0.0;1022.01;1013.55;1017.78;0.0
2021-11-09;11.5;9.0;5.7;7.0;5.8;3.6;95.0;81.0;70.0;14.5;1.8;0.0;1029.8;1021.67;1025.735;0.0
2021-11-10;12.2;10.4;8.5;8.2;6.8;4.6;87.0;79.0;68.0;8.0;1.0;0.0;1029.8;1025.06;1027.4299999999998;0.0
2021-11-11;14.1;11.8;9.4;10.7;8.5;6.1;97.0;81.0;66.0;12.9;0.8;0.0;1026.75;1020.32;1023.5350000000001;0.0
2021-11-12;15.9;12.0;9.7;10.1;9.0;7.5;96.0;82.0;66.0;8.0;0.6;0.0;1020.32;1017.95;1019.135;0.0
2021-11-13;13.6;10.6;8.8;10.3;8.8;7.3;98.0;89.0;79.0;8.0;0.7;0.0;1018.96;1014.22;1016.59;21.08
2021-11-14;9.8;9.0;8.3;9.1;8.4;7.6;98.0;96.0;89.0;12.9;2.0;0.0;1018.96;1012.87;1015.915;28.7
2021-11-15;10.9;9.7;7.9;10.1;8.5;7.2;97.0;92.0;84.0;9.7;1.4;0.0;1022.01;1017.61;1019.81;2.03
2021-11-16;11.9;9.4;7.3;8.7;7.4;6.1;97.0;88.0;76.0;6.4;0.2;0.0;1021.67;1018.96;1020.315;2.29
2021-11-17;11.4;9.2;7.3;10.0;8.4;6.8;98.0;95.0;89.0;8.0;0.4;0.0;1022.35;1017.95;1020.1500000000001;0.51
2021-11-18;14.7;10.6;7.9;10.8;9.2;7.4;98.0;91.0;76.0;3.2;0.2;0.0;1028.78;1022.35;1025.565;0.25
2021-11-19;11.8;9.1;6.8;9.7;8.3;6.4;99.0;95.0;84.0;4.8;0.3;0.0;1030.14;1027.77;1028.955;0.0
2021-11-20;9.7;5.9;2.8;8.1;5.5;2.5;99.0;97.0;86.0;3.2;0.2;0.0;1028.11;1019.64;1023.875;0.25
2021-11-21;9.2;5.6;1.8;8.0;5.3;1.6;99.0;98.0;91.0;8.0;0.6;0.0;1019.3;1011.18;1015.24;1.02
2021-11-22;8.6;7.1;5.1;8.4;6.9;4.9;99.0;99.0;99.0;4.8;0.2;0.0;1017.95;1011.18;1014.565;11.68
2021-11-23;10.9;8.6;5.4;8.5;6.7;3.4;99.0;88.0;70.0;9.7;0.8;0.0;1024.72;1017.95;1021.335;0.51
2021-11-24;10.5;6.9;4.4;6.6;4.6;3.0;96.0;86.0;71.0;6.4;0.1;0.0;1024.72;1017.95;1021.335;0.25
2021-11-25;6.4;5.1;4.3;4.6;4.0;2.4;98.0;93.0;76.0;8.0;0.2;0.0;1017.95;1006.1;1012.0250000000001;9.65
2021-11-26;7.4;5.7;4.4;6.7;4.9;4.1;99.0;95.0;82.0;4.8;0.6;0.0;1006.1;992.89;999.495;0.25
2021-11-27;9.0;6.7;5.2;6.6;5.7;4.5;98.0;93.0;83.0;17.7;1.5;0.0;993.91;991.53;992.72;0.0
2021-11-28;5.2;3.1;1.4;4.6;1.3;-5.7;97.0;89.0;48.0;20.9;3.5;0.0;994.58;991.53;993.0550000000001;8.89
2021-11-29;8.1;4.7;1.8;0.5;-5.4;-11.4;75.0;52.0;28.0;27.4;7.3;0.0;1012.53;994.58;1003.5550000000001;0.0
2021-11-30;8.6;5.6;3.1;-2.7;-7.3;-10.8;59.0;40.0;27.0;25.7;5.2;0.0;1018.29;1012.19;1015.24;0.0
2021-12-01;9.3;5.5;3.8;3.3;0.2;-4.1;88.0;69.0;51.0;9.7;1.3;0.0;1015.58;1004.74;1010.1600000000001;0.51
2021-12-02;7.9;4.7;2.4;4.4;2.5;1.1;95.0;86.0;74.0;6.4;0.3;0.0;1004.74;996.95;1000.845;0.0
2021-12-03;9.0;4.8;2.2;4.4;0.6;-3.7;96.0;76.0;42.0;4.8;0.2;0.0;1015.92;1001.69;1008.8050000000001;0.25
2021-12-04;5.4;3.4;0.7;0.6;-2.0;-4.6;92.0;69.0;56.0;8.0;0.2;0.0;1015.58;1005.08;1010.33;0.0
2021-12-05;7.3;2.8;0.1;1.8;0.3;-1.0;94.0;85.0;67.0;8.0;0.3;0.0;1005.76;1001.36;1003.56;0.0
2021-12-06;7.4;3.9;0.9;2.2;-0.8;-7.4;94.0;74.0;39.0;11.3;0.9;0.0;1012.87;1005.76;1009.315;0.0
2021-12-07;9.4;4.6;2.6;0.4;-4.1;-8.3;80.0;55.0;40.0;9.7;0.4;0.0;1014.56;1011.51;1013.035;0.0
2021-12-08;3.5;0.7;-0.3;0.0;-0.8;-2.7;98.0;90.0;64.0;9.7;1.0;0.0;1012.53;1000.68;1006.605;4.06
2021-12-09;1.9;0.4;-0.4;1.8;0.1;-0.7;99.0;98.0;98.0;6.4;0.4;0.0;1007.45;999.66;1003.5550000000001;4.57
2021-12-10;1.9;0.5;-0.7;0.9;-0.4;-2.3;99.0;94.0;75.0;6.4;1.0;0.0;1007.11;1001.36;1004.235;2.03
2021-12-11;10.2;3.8;-0.5;3.0;-1.4;-6.1;89.0;71.0;40.0;8.0;0.7;0.0;1017.95;1003.73;1010.84;8.89
2021-12-12;9.8;5.8;2.2;-0.6;-3.2;-4.8;65.0;53.0;42.0;6.4;0.4;0.0;1025.4;1017.61;1021.5050000000001;0.0
2021-12-13;11.7;7.1;4.4;2.2;-0.4;-3.8;82.0;60.0;48.0;4.8;0.1;0.0;1026.75;1023.71;1025.23;0.0
2021-12-14;10.9;7.0;4.3;4.8;2.5;-0.1;87.0;73.0;63.0;4.8;0.2;0.0;1027.43;1024.72;1026.075;0.0
2021-12-15;9.6;5.9;3.2;3.4;1.8;-0.4;89.0;76.0;60.0;6.4;0.3;0.0;1031.49;1026.41;1028.95;0.0
2021-12-16;9.6;5.6;3.0;4.1;2.5;1.1;91.0;81.0;65.0;11.3;0.6;0.0;1035.22;1028.45;1031.835;0.0
2021-12-17;10.7;5.1;0.2;5.1;2.5;-0.7;96.0;84.0;63.0;9.7;1.0;0.0;1035.22;1028.11;1031.665;0.0
2021-12-18;9.3;4.9;1.3;3.8;1.7;-0.1;96.0;80.0;62.0;16.1;1.2;0.0;1034.88;1029.12;1032.0;0.0
2021-12-19;9.7;5.6;1.3;3.1;1.1;-0.6;94.0;74.0;56.0;9.7;1.0;0.0;1031.49;1018.29;1024.8899999999999;0.0
2021-12-20;12.2;5.9;2.0;2.8;0.2;-5.5;95.0;68.0;29.0;16.1;1.7;0.0;1022.69;1013.88;1018.2850000000001;0.0
2021-12-21;6.6;5.4;4.3;3.2;2.0;1.2;89.0;80.0;70.0;3.2;0.1;0.0;1024.38;1022.35;1023.365;0.0
2021-12-22;6.2;3.4;-0.3;2.3;1.2;-0.9;97.0;86.0;74.0;6.4;0.4;0.0;1027.09;1023.03;1025.06;0.0
2021-12-23;5.9;1.8;-1.6;2.6;0.2;-2.3;97.0;89.0;76.0;9.7;1.4;0.0;1026.75;1019.64;1023.1949999999999;0.25
2021-12-24;5.6;3.3;1.7;2.4;1.1;0.3;95.0;86.0;71.0;8.0;0.8;0.0;1019.3;1011.18;1015.24;0.0
2021-12-25;5.1;3.7;2.8;3.2;2.2;1.2;96.0;90.0;81.0;6.4;0.5;0.0;1011.51;1007.45;1009.48;0.25
2021-12-26;8.1;4.5;1.8;5.4;3.4;1.2;97.0;93.0;82.0;11.3;1.3;0.0;1010.16;1007.11;1008.635;0.0
2021-12-27;5.7;4.9;3.9;5.3;4.4;3.4;98.0;97.0;93.0;6.4;0.6;0.0;1010.5;1008.13;1009.315;2.29
2021-12-28;8.0;5.5;3.6;6.6;4.9;3.3;98.0;97.0;88.0;6.4;0.7;0.0;1010.16;1007.11;1008.635;0.25
2021-12-29;9.5;4.9;1.1;6.9;3.8;0.7;98.0;93.0;82.0;8.0;1.5;0.0;1015.24;1007.79;1011.515;0.25
2021-12-30;11.0;6.8;0.4;6.5;4.1;0.1;99.0;84.0;70.0;6.4;0.6;0.0;1025.06;1014.9;1019.98;0.0
2021-12-31;13.6;8.7;4.8;7.9;5.2;3.3;92.0;79.0;65.0;6.4;0.4;0.0;1026.08;1024.04;1025.06;0.0
2022-01-01;14.7;8.7;4.9;7.2;4.2;1.2;88.0;74.0;53.0;9.7;0.6;0.0;1027.09;1023.37;1025.23;0.0
2022-01-02;11.1;8.5;5.8;8.1;6.0;3.1;94.0;85.0;75.0;14.5;1.8;0.0;1027.09;1022.35;1024.72;0.0
2022-01-03;9.4;6.0;3.2;6.3;4.3;2.2;98.0;89.0;80.0;11.3;1.3;0.0;1022.69;1017.61;1020.1500000000001;0.0
2022-01-04;6.6;5.4;4.1;6.2;4.9;3.6;98.0;97.0;93.0;6.4;0.7;0.0;1017.61;1007.45;1012.53;3.3
2022-01-05;6.8;5.5;4.7;6.3;3.6;-8.2;99.0;90.0;35.0;12.9;1.6;0.0;1007.45;999.66;1003.5550000000001;10.92
2022-01-06;6.4;4.1;2.2;3.1;0.5;-8.5;96.0;80.0;34.0;11.3;1.0;0.0;1021.33;1004.4;1012.865;0.0
2022-01-07;5.3;2.7;-0.5;-1.2;-2.2;-3.3;86.0;71.0;57.0;6.4;0.5;0.0;1022.35;1017.61;1019.98;0.0
2022-01-08;5.6;1.4;-0.9;0.1;-1.6;-3.0;92.0;81.0;67.0;8.0;1.0;0.0;1017.61;1010.5;1014.0550000000001;0.0
2022-01-09;5.4;1.4;-0.7;0.7;-1.1;-2.3;96.0;84.0;71.0;8.0;1.2;0.0;1010.5;1004.06;1007.28;0.0
2022-01-10;7.4;3.8;-0.5;-0.7;-3.9;-8.3;93.0;59.0;35.0;11.3;1.9;0.0;1018.96;1007.45;1013.205;0.0
2022-01-11;9.2;5.4;2.3;-2.8;-5.7;-8.4;63.0;46.0;35.0;11.3;1.5;0.0;1027.77;1018.96;1023.365;0.0
2022-01-12;7.4;3.6;0.2;-0.7;-2.8;-4.6;80.0;64.0;50.0;6.4;1.0;0.0;1034.54;1027.77;1031.155;0.0
2022-01-13;8.3;3.7;0.2;-3.0;-4.0;-5.8;68.0;58.0;42.0;4.8;0.4;0.0;1037.93;1036.23;1037.08;0.0
2022-01-14;12.8;7.3;1.8;0.9;-3.1;-7.4;62.0;49.0;32.0;6.4;0.7;0.0;1037.25;1026.41;1031.83;0.0
2022-01-15;11.9;8.7;6.1;0.5;-1.7;-4.7;66.0;49.0;39.0;14.5;1.1;0.0;1026.41;1023.71;1025.06;0.0
2022-01-16;10.7;7.7;3.9;2.6;0.0;-8.2;72.0;60.0;26.0;14.5;1.7;0.0;1025.74;1022.01;1023.875;0.0
2022-01-17;15.5;12.2;6.4;-1.8;-6.1;-8.9;55.0;28.0;20.0;30.6;6.9;0.0;1027.77;1022.69;1025.23;0.0
2022-01-18;11.4;7.4;4.0;3.3;0.6;-3.7;79.0;63.0;41.0;16.1;1.6;0.0;1034.88;1024.72;1029.8000000000002;0.0
2022-01-19;7.9;4.8;1.7;3.2;1.5;-0.6;91.0;79.0;71.0;9.7;1.1;0.0;1034.88;1023.37;1029.125;0.0
2022-01-20;8.6;4.6;2.0;3.1;0.3;-8.6;95.0;78.0;30.0;25.7;3.1;0.0;1023.71;1017.95;1020.83;0.0
2022-01-21;7.2;1.3;-2.7;3.5;-1.0;-8.6;98.0;86.0;32.0;9.7;1.4;0.0;1028.11;1019.3;1023.7049999999999;0.0
2022-01-22;6.0;0.5;-3.5;1.6;-1.6;-4.6;95.0;86.0;72.0;17.7;1.7;0.0;1028.45;1024.72;1026.585;0.0
2022-01-23;7.3;3.1;0.7;1.7;-0.1;-2.3;95.0;80.0;65.0;6.4;0.7;0.0;1032.17;1029.12;1030.645;0.0
2022-01-24;6.2;2.5;-1.2;2.0;0.5;-2.2;96.0;87.0;70.0;8.0;1.4;0.0;1035.9;1030.48;1033.19;0.0
2022-01-25;6.1;2.6;-0.3;2.7;0.8;-1.1;95.0;89.0;75.0;11.3;2.2;0.0;1036.23;1030.48;1033.355;0.0
2022-01-26;4.7;1.1;-0.6;3.5;0.3;-1.1;98.0;95.0;87.0;9.7;1.9;0.0;1030.48;1026.75;1028.615;0.0
2022-01-27;7.6;1.4;-1.4;6.4;0.7;-1.7;98.0;95.0;81.0;9.7;1.5;0.0;1028.78;1025.4;1027.0900000000001;0.25
2022-01-28;13.7;8.8;2.0;3.2;-6.7;-16.5;92.0;43.0;13.0;29.0;7.2;0.0;1029.12;1023.37;1026.245;0.0
2022-01-29;10.7;7.1;4.2;-3.0;-6.1;-10.4;52.0;39.0;29.0;6.4;1.5;0.0;1030.48;1024.38;1027.43;0.0
2022-01-30;16.2;9.6;4.1;3.9;-2.2;-15.6;83.0;47.0;10.0;22.5;5.6;0.0;1024.38;1016.26;1020.32;0.0
2022-01-31;12.7;6.6;2.6;5.3;-1.1;-8.8;84.0;63.0;26.0;32.2;6.7;0.0;1018.63;1004.06;1011.345;0.0
2022-02-01;12.6;9.2;5.9;-0.6;-6.4;-10.0;51.0;34.0;21.0;40.2;12.6;0.0;1014.22;1011.18;1012.7;0.0
2022-02-02;15.4;12.8;9.1;2.2;0.0;-1.7;54.0;42.0;34.0;40.2;9.3;0.0;1016.93;1010.84;1013.885;0.0
2022-02-03;14.6;9.0;5.3;4.4;1.3;-1.9;87.0;60.0;33.0;16.1;1.8;0.0;1022.69;1016.59;1019.6400000000001;0.0
2022-02-04;11.0;7.0;4.3;6.1;4.3;2.8;96.0;84.0;69.0;6.4;0.2;0.0;1020.66;1015.92;1018.29;0.0
2022-02-05;8.6;5.3;3.1;5.8;4.2;2.7;98.0;93.0;80.0;6.4;0.4;0.0;1024.38;1016.59;1020.4850000000001;0.0
2022-02-06;8.7;5.9;2.4;4.7;3.5;1.8;97.0;85.0;69.0;6.4;0.5;0.0;1024.38;1013.21;1018.7950000000001;0.25
2022-02-07;10.9;9.0;6.3;3.2;-11.7;-16.6;75.0;25.0;15.0;43.5;10.8;0.0;1026.08;1006.43;1016.2549999999999;0.0
2022-02-08;12.7;7.6;3.6;-5.9;-10.4;-16.8;38.0;27.0;15.0;17.7;0.8;0.0;1031.49;1026.08;1028.7849999999999;0.0
2022-02-09;13.4;9.4;6.9;6.3;3.1;-6.1;86.0;66.0;37.0;11.3;1.3;0.0;1031.49;1028.78;1030.135;0.0
2022-02-10;11.9;8.8;6.3;7.0;5.6;4.3;91.0;81.0;66.0;6.4;0.5;0.0;1029.12;1024.38;1026.75;0.0
2022-02-11;13.9;9.4;6.0;6.3;-0.8;-16.2;84.0;57.0;15.0;37.0;3.3;0.0;1027.77;1021.33;1024.55;0.0
2022-02-12;9.8;6.0;3.1;1.9;-4.2;-12.7;81.0;50.0;24.0;11.3;1.1;0.0;1033.53;1027.77;1030.65;0.0
2022-02-13;8.2;4.5;1.0;-1.7;-3.1;-4.9;69.0;58.0;48.0;8.0;0.4;0.0;1030.48;1022.69;1026.585;0.0
2022-02-14;4.4;2.7;0.3;0.1;-1.4;-3.0;96.0;75.0;64.0;6.4;0.1;0.0;1022.69;1015.92;1019.3050000000001;3.56
2022-02-15;3.6;1.8;0.1;2.8;1.3;-0.6;97.0;96.0;95.0;9.7;0.6;0.0;1017.27;1011.51;1014.39;17.78
2022-02-16;10.3;5.1;0.8;4.4;2.4;0.2;97.0;84.0;61.0;6.4;0.9;0.0;1018.96;1014.56;1016.76;0.25
2022-02-17;14.9;9.2;2.8;7.6;3.1;-1.3;88.0;67.0;38.0;17.7;2.3;0.0;1014.22;1010.16;1012.19;0.0
2022-02-18;9.9;6.9;3.3;7.0;4.9;2.4;96.0;87.0;75.0;9.7;1.4;0.0;1017.95;1013.55;1015.75;0.51
2022-02-19;13.0;9.0;6.4;9.3;7.5;5.9;98.0;91.0;71.0;9.7;1.1;0.0;1018.29;1013.55;1015.92;0.51
2022-02-20;14.7;9.5;5.0;8.5;5.9;2.0;98.0;80.0;51.0;9.7;1.1;0.0;1019.64;1015.92;1017.78;0.0
2022-02-21;14.2;10.0;7.6;6.5;0.3;-9.6;88.0;58.0;19.0;32.2;5.4;0.0;1015.92;1005.08;1010.5;0.0
2022-02-22;15.7;10.9;6.4;-0.6;-3.6;-8.2;55.0;38.0;19.0;33.8;8.1;0.0;1020.66;1011.85;1016.255;0.0
2022-02-23;14.7;10.1;6.1;0.4;-1.7;-4.1;61.0;45.0;35.0;8.0;0.7;0.0;1026.75;1020.66;1023.7049999999999;0.0
2022-02-24;13.1;9.5;6.0;3.1;1.3;-0.4;68.0;57.0;44.0;8.0;0.4;0.0;1026.41;1018.29;1022.35;0.0
2022-02-25;14.7;8.9;4.2;3.1;-3.8;-14.4;78.0;46.0;16.0;43.5;7.9;0.0;1023.03;1016.26;1019.645;0.0
2022-02-26;13.0;7.0;1.2;1.3;-5.1;-16.9;93.0;50.0;11.0;27.4;4.7;0.0;1027.09;1022.69;1024.8899999999999;0.0
2022-02-27;10.4;5.6;2.6;-1.7;-4.7;-7.7;69.0;49.0;29.0;9.7;1.3;0.0;1029.8;1025.74;1027.77;0.0
2022-02-28;11.6;6.2;-0.2;-0.6;-4.5;-6.3;73.0;48.0;30.0;16.1;2.1;0.0;1029.8;1022.01;1025.905;0.0
2022-03-01;8.9;4.8;2.1;-0.6;-5.1;-7.6;73.0;50.0;35.0;17.7;2.8;0.0;1032.85;1026.41;1029.63;0.0
2022-03-02;10.6;6.0;0.8;0.1;-3.9;-5.6;69.0;50.0;34.0;8.0;0.6;0.0;1028.45;1019.64;1024.045;0.0
2022-03-03;12.4;7.9;4.3;3.2;0.7;-2.5;81.0;61.0;46.0;9.7;0.8;0.0;1020.32;1012.19;1016.2550000000001;0.0
2022-03-04;10.0;7.1;5.1;2.8;0.7;-3.1;81.0;64.0;55.0;14.5;1.7;0.0;1016.59;1012.87;1014.73;0.0
2022-03-05;7.7;4.3;2.1;-2.3;-3.0;-3.8;70.0;60.0;48.0;12.9;2.0;0.0;1018.63;1015.24;1016.935;0.0
2022-03-06;7.8;3.8;1.1;-3.1;-4.7;-6.0;68.0;55.0;40.0;8.0;1.1;0.0;1019.3;1015.58;1017.44;0.0
2022-03-07;9.0;4.0;-0.6;-2.0;-3.6;-5.7;70.0;58.0;43.0;11.3;1.0;0.0;1019.98;1016.26;1018.12;0.0
2022-03-08;6.0;3.3;1.5;-1.7;-4.2;-6.1;71.0;59.0;47.0;19.3;2.8;0.0;1024.38;1020.32;1022.3500000000001;0.0
2022-03-09;11.8;5.5;-0.9;-0.9;-3.4;-6.2;79.0;55.0;29.0;9.7;1.0;0.0;1025.74;1022.01;1023.875;0.0
2022-03-10;13.4;8.0;2.8;0.7;-1.2;-4.3;65.0;53.0;39.0;9.7;0.9;0.0;1026.08;1022.69;1024.385;0.0
2022-03-11;8.3;6.3;4.3;2.1;0.3;-3.3;76.0;66.0;57.0;19.3;3.4;0.0;1028.45;1024.72;1026.585;0.0
2022-03-12;8.2;5.3;3.4;-0.2;-1.3;-3.8;72.0;63.0;52.0;14.5;2.0;0.0;1029.46;1026.75;1028.105;0.0
2022-03-13;9.4;5.2;0.7;-1.8;-3.7;-5.7;63.0;53.0;37.0;9.7;0.9;0.0;1029.12;1025.74;1027.4299999999998;0.0
2022-03-14;11.5;7.7;4.2;2.5;0.8;-2.2;78.0;63.0;49.0;8.0;0.8;0.0;1035.9;1029.12;1032.51;0.0
2022-03-15;11.7;8.8;6.0;5.2;3.4;1.9;78.0;69.0;59.0;6.4;0.5;0.0;1035.9;1029.46;1032.68;0.0
2022-03-16;15.2;10.7;7.1;7.8;6.2;4.6;86.0;75.0;58.0;16.1;1.7;0.0;1029.46;1022.01;1025.7350000000001;0.0
2022-03-17;11.9;9.8;8.6;7.1;6.2;5.4;86.0;79.0;71.0;8.0;0.8;0.0;1029.8;1025.4;1027.6;0.0
2022-03-18;13.1;9.9;7.6;6.3;3.1;0.7;84.0;64.0;50.0;9.7;1.2;0.0;1036.23;1029.46;1032.845;0.0
2022-03-19;11.9;8.3;4.6;1.8;-0.8;-3.9;66.0;53.0;44.0;12.9;2.3;0.0;1036.23;1030.48;1033.355;0.0
2022-03-20;12.7;8.2;3.8;-1.4;-3.2;-5.4;56.0;45.0;35.0;17.7;2.4;0.0;1037.25;1033.86;1035.5549999999998;0.0
2022-03-21;12.4;8.2;4.5;-1.8;-3.5;-6.3;55.0;44.0;34.0;9.7;1.2;0.0;1037.93;1033.86;1035.895;0.0
2022-03-22;13.7;9.1;4.6;-2.3;-3.8;-5.8;58.0;41.0;28.0;14.5;1.5;0.0;1036.91;1033.19;1035.0500000000002;0.0
2022-03-23;18.6;12.6;6.5;0.9;-4.3;-11.9;48.0;32.0;18.0;9.7;1.4;0.0;1033.53;1028.11;1030.82;0.0
2022-03-24;19.9;14.3;7.7;-1.6;-4.4;-6.8;36.0;28.0;19.0;11.3;1.3;0.0;1028.45;1024.38;1026.415;0.0
2022-03-25;19.4;14.6;9.4;-1.9;-4.3;-6.3;37.0;27.0;18.0;12.9;2.0;0.0;1025.74;1022.69;1024.2150000000001;0.0
2022-03-26;19.4;15.2;9.9;0.6;-2.6;-6.8;37.0;30.0;23.0;9.7;1.7;0.0;1027.43;1025.06;1026.245;0.0
2022-03-27;19.9;15.7;11.5;3.3;-1.0;-4.8;40.0;33.0;19.0;17.7;1.4;0.0;1028.45;1026.08;1027.2649999999999;0.0
2022-03-28;20.6;15.4;10.8;0.7;-2.4;-4.2;39.0;30.0;20.0;11.3;1.5;0.0;1028.11;1019.3;1023.7049999999999;0.0
2022-03-29;16.5;12.0;7.3;6.8;2.3;-4.1;76.0;53.0;31.0;9.7;1.5;0.0;1019.3;1009.48;1014.39;0.0
2022-03-30;12.2;9.7;7.4;8.7;7.0;3.6;97.0;85.0;60.0;8.0;1.2;0.0;1009.82;1000.0;1004.9100000000001;4.06
2022-03-31;13.6;10.0;7.7;8.8;7.6;6.9;97.0;86.0;67.0;8.0;0.7;0.0;1000.34;990.52;995.4300000000001;4.32
2022-04-01;11.7;8.0;3.6;7.6;6.1;2.2;96.0;88.0;72.0;38.6;4.1;0.0;994.58;989.16;991.87;12.7
2022-04-02;8.2;5.6;3.2;3.3;1.1;-0.8;87.0;74.0;54.0;27.4;4.3;0.0;1007.79;994.58;1001.185;0.51
2022-04-03;9.3;6.0;2.8;2.9;1.3;-0.4;84.0;72.0;54.0;17.7;1.8;0.0;1017.95;1008.13;1013.04;0.0
2022-04-04;11.7;7.2;4.6;3.2;1.9;0.5;88.0;70.0;48.0;9.7;1.3;0.0;1019.64;1015.24;1017.44;0.0
2022-04-05;16.4;10.4;4.0;4.3;2.4;0.5;79.0;59.0;41.0;14.5;1.9;0.0;1015.92;1010.16;1013.04;0.0
2022-04-06;15.2;11.3;6.9;6.6;5.0;3.2;79.0;66.0;54.0;11.3;1.7;0.0;1012.53;1006.1;1009.315;0.0
2022-04-07;18.8;12.6;6.4;7.4;4.9;1.4;81.0;61.0;37.0;14.5;2.0;0.0;1006.43;1000.68;1003.555;0.0
2022-04-08;20.1;14.7;8.9;10.1;8.3;6.3;86.0;67.0;50.0;11.3;1.9;0.0;1003.73;998.31;1001.02;0.0
2022-04-09;16.2;12.3;4.9;9.1;-0.6;-11.4;90.0;49.0;19.0;48.3;12.5;0.0;1014.9;996.28;1005.5899999999999;0.0
2022-04-10;16.4;9.1;1.7;3.1;-1.3;-5.8;92.0;56.0;22.0;22.5;2.3;0.0;1019.98;1014.9;1017.44;0.0
2022-04-11;17.3;11.9;6.2;0.1;-1.7;-3.5;52.0;40.0;28.0;14.5;1.2;0.0;1022.01;1018.96;1020.485;0.0
2022-04-12;18.1;12.9;8.1;2.5;0.3;-2.6;52.0;42.0;33.0;11.3;1.6;0.0;1021.0;1017.95;1019.475;0.0
2022-04-13;18.4;13.9;9.0;7.5;5.2;1.8;73.0;56.0;48.0;9.7;1.7;0.0;1019.98;1018.29;1019.135;0.0
2022-04-14;22.0;16.6;9.3;8.6;5.9;4.6;75.0;51.0;34.0;11.3;1.5;0.0;1020.32;1018.29;1019.3050000000001;0.0
2022-04-15;23.9;18.1;12.2;8.9;6.8;4.3;63.0;48.0;36.0;9.7;1.2;0.0;1020.32;1015.92;1018.12;0.0
2022-04-16;22.3;17.1;12.8;9.6;6.8;5.0;67.0;52.0;35.0;22.5;3.9;0.0;1019.98;1014.22;1017.1;0.0
2022-04-17;15.5;11.5;7.5;5.2;3.3;0.3;71.0;58.0;46.0;12.9;2.8;0.0;1022.01;1015.92;1018.9649999999999;0.0
2022-04-18;17.2;12.3;8.5;2.8;0.5;-2.1;55.0;45.0;36.0;11.3;2.3;0.0;1018.96;1011.51;1015.235;0.0
2022-04-19;19.9;13.6;7.7;8.3;2.2;-1.9;77.0;48.0;32.0;9.7;1.6;0.0;1013.55;1005.76;1009.655;0.0
2022-04-20;13.6;11.3;9.0;8.2;5.7;4.7;84.0;69.0;58.0;16.1;3.3;0.0;1013.55;1009.14;1011.345;0.0
2022-04-21;15.2;10.9;8.3;6.2;3.5;1.1;74.0;61.0;49.0;14.5;2.2;0.0;1012.19;1005.42;1008.8050000000001;0.0
2022-04-22;15.5;11.9;7.7;8.9;7.4;3.5;93.0;75.0;61.0;11.3;1.8;0.0;1005.42;1000.34;1002.88;0.0
2022-04-23;13.6;11.6;9.7;10.9;9.4;7.8;96.0;87.0;78.0;24.1;5.8;0.0;1006.77;1002.03;1004.4;7.87
2022-04-24;14.3;10.8;7.5;10.1;7.2;5.9;97.0;80.0;62.0;17.7;4.2;0.0;1007.45;1002.37;1004.9100000000001;2.29
2022-04-25;18.3;13.2;8.4;10.8;8.3;6.3;95.0;74.0;52.0;14.5;2.3;0.0;1012.19;1007.11;1009.6500000000001;1.52
2022-04-26;16.8;12.2;9.7;11.8;10.1;8.2;98.0;88.0;66.0;11.3;1.6;0.0;1014.9;1012.19;1013.5450000000001;9.65
2022-04-27;20.3;14.3;7.9;10.4;7.7;5.2;88.0;66.0;46.0;12.9;2.1;0.0;1019.98;1014.9;1017.44;0.0
2022-04-28;20.2;15.8;12.2;8.7;7.3;5.5;72.0;58.0;45.0;14.5;3.0;0.0;1025.06;1021.0;1023.03;0.0
2022-04-29;20.2;16.1;12.6;8.5;6.5;5.0;70.0;54.0;40.0;12.9;2.0;0.0;1025.74;1020.66;1023.2;0.0
2022-04-30;19.5;16.3;13.7;7.6;5.6;4.2;60.0;50.0;40.0;12.9;1.5;0.0;1022.69;1015.92;1019.3050000000001;0.0
2022-05-01;19.6;15.4;11.7;9.2;7.2;5.8;79.0;59.0;41.0;22.5;3.3;0.0;1016.59;1013.55;1015.0699999999999;0.0
2022-05-02;20.3;15.5;10.9;9.7;8.5;7.3;82.0;64.0;45.0;19.3;2.1;0.0;1016.26;1012.53;1014.395;0.0
2022-05-03;19.3;15.7;13.1;10.6;8.9;6.9;85.0;64.0;52.0;19.3;4.9;0.0;1016.26;1013.21;1014.735;0.0
2022-05-04;19.7;15.6;12.7;11.5;9.9;7.8;83.0;70.0;54.0;14.5;2.4;0.0;1017.95;1015.58;1016.7650000000001;0.0
2022-05-05;16.4;13.7;11.3;11.8;10.2;9.1;98.0;80.0;64.0;11.3;1.8;0.0;1019.64;1017.27;1018.4549999999999;19.81
2022-05-06;13.8;11.8;10.6;12.6;11.3;10.3;99.0;97.0;87.0;9.7;1.5;0.0;1021.33;1018.29;1019.81;8.64
2022-05-07;17.8;13.4;10.6;13.1;11.7;10.1;98.0;90.0;71.0;11.3;1.2;0.0;1021.33;1017.95;1019.6400000000001;1.02
2022-05-08;19.3;15.6;12.2;13.6;12.3;11.3;97.0;82.0;65.0;9.7;1.8;0.0;1021.67;1018.29;1019.98;1.27
2022-05-09;23.8;18.5;14.0;13.1;11.4;9.1;80.0;64.0;45.0;9.7;1.4;0.0;1023.37;1021.0;1022.185;0.0
2022-05-10;25.3;20.7;15.4;13.9;12.3;11.1;78.0;60.0;45.0;9.7;2.0;0.0;1022.69;1017.95;1020.32;0.0
2022-05-11;27.2;21.5;14.8;13.7;11.6;9.1;78.0;55.0;33.0;8.0;1.3;0.0;1020.66;1017.27;1018.9649999999999;0.0
2022-05-12;27.4;20.9;14.8;16.0;13.4;11.4;81.0;64.0;43.0;9.7;1.7;0.0;1019.98;1017.27;1018.625;0.0
2022-05-13;26.5;20.5;14.6;15.1;13.5;11.7;85.0;66.0;46.0;9.7;1.5;0.0;1019.3;1015.24;1017.27;0.0
2022-05-14;27.0;21.2;15.9;17.6;15.1;12.8;96.0;71.0;44.0;9.7;1.8;0.0;1018.29;1015.58;1016.935;4.57
2022-05-15;27.9;23.1;18.0;17.4;15.7;13.6;81.0;64.0;48.0;9.7;1.1;0.0;1017.61;1015.24;1016.425;0.0
2022-05-16;28.3;22.4;16.5;15.2;13.2;10.8;85.0;58.0;40.0;25.7;2.9;0.0;1018.29;1015.58;1016.935;0.0
2022-05-17;29.9;23.5;17.0;15.3;13.1;11.5;77.0;55.0;33.0;14.5;1.7;0.0;1018.63;1013.88;1016.255;0.0
2022-05-18;26.8;23.2;19.1;17.0;14.3;11.6;67.0;58.0;50.0;19.3;4.0;0.0;1023.71;1015.92;1019.815;0.0
2022-05-19;26.9;22.2;18.3;13.1;10.7;8.1;62.0;49.0;38.0;14.5;3.1;0.0;1026.41;1023.37;1024.89;0.0
2022-05-20;29.1;23.4;17.8;16.3;13.3;10.4;68.0;54.0;42.0;9.7;1.7;0.0;1025.74;1019.98;1022.86;0.0
2022-05-21;29.9;23.7;17.1;18.3;16.1;13.2;83.0;64.0;47.0;9.7;2.1;0.0;1020.32;1012.87;1016.595;0.0
2022-05-22;28.3;23.3;18.1;18.4;16.9;14.4;84.0;68.0;53.0;11.3;2.0;0.0;1013.55;1008.13;1010.8399999999999;0.0
2022-05-23;26.4;22.4;18.6;18.5;15.5;6.6;86.0;67.0;39.0;12.9;1.9;0.0;1009.14;1003.39;1006.265;0.0
2022-05-24;26.2;20.7;16.8;17.1;13.4;6.4;95.0;65.0;38.0;16.1;3.0;0.0;1007.45;1003.05;1005.25;9.14
2022-05-25;24.7;19.1;15.1;16.2;14.8;13.5;94.0;77.0;56.0;14.5;2.4;0.0;1017.27;1007.11;1012.19;1.02
2022-05-26;27.7;22.4;17.4;18.3;15.9;13.7;80.0;68.0;49.0;9.7;2.1;0.0;1020.32;1016.93;1018.625;0.0
2022-05-27;29.7;24.5;19.6;18.6;16.9;15.1;83.0;65.0;44.0;14.5;1.9;0.0;1019.3;1010.84;1015.0699999999999;0.0
2022-05-28;29.7;22.8;15.4;18.3;14.6;9.9;90.0;62.0;41.0;30.6;4.7;0.0;1010.84;1003.39;1007.115;0.25
2022-05-29;19.2;14.6;11.0;12.4;10.5;9.2;95.0;78.0;57.0;14.5;2.9;0.0;1008.47;1005.76;1007.115;5.08
2022-05-30;20.2;15.9;11.3;11.7;10.3;9.2;89.0;70.0;53.0;11.3;2.3;0.0;1013.21;1007.79;1010.5;0.0
2022-05-31;21.7;18.2;14.6;14.4;13.2;10.8;91.0;73.0;61.0;11.3;1.9;0.0;1015.24;1012.87;1014.0550000000001;0.0
2022-06-01;25.6;21.2;16.8;15.6;14.3;12.6;79.0;66.0;51.0;8.0;1.5;0.0;1015.24;1013.55;1014.395;0.0
2022-06-02;29.2;23.3;17.7;16.6;15.3;14.2;81.0;62.0;43.0;9.7;1.4;0.0;1016.93;1014.22;1015.575;0.0
2022-06-03;24.7;21.4;18.5;18.8;17.2;15.6;89.0;77.0;67.0;16.1;2.4;0.0;1018.63;1015.92;1017.275;2.54
2022-06-04;30.2;23.6;17.6;17.7;16.5;15.1;91.0;67.0;43.0;9.7;1.7;0.0;1018.63;1015.58;1017.105;0.0
2022-06-05;28.2;23.6;18.7;20.3;16.6;11.3;82.0;65.0;54.0;22.5;3.6;0.0;1016.93;1010.5;1013.7149999999999;0.0
2022-06-06;29.1;23.8;17.5;17.8;14.4;10.7;72.0;57.0;42.0;12.9;2.1;0.0;1015.24;1011.85;1013.5450000000001;0.0
2022-06-07;25.7;21.6;16.8;18.4;15.3;12.6;91.0;69.0;46.0;16.1;2.6;0.0;1012.53;1008.47;1010.5;4.83
2022-06-08;26.2;20.6;16.0;16.9;12.9;10.1;93.0;63.0;45.0;16.1;2.2;0.0;1010.5;1006.1;1008.3;0.76
2022-06-09;26.3;20.7;14.2;15.3;9.3;2.2;91.0;54.0;22.0;30.6;7.6;0.0;1012.19;1005.76;1008.975;0.0
2022-06-10;29.8;23.9;18.6;8.4;5.4;2.7;43.0;31.0;21.0;14.5;4.3;0.0;1016.93;1012.19;1014.56;0.0
2022-06-11;29.8;24.7;19.6;13.3;10.6;7.6;55.0;42.0;32.0;14.5;2.1;0.0;1018.96;1016.59;1017.7750000000001;0.0
2022-06-12;31.6;26.1;20.5;14.9;13.6;12.2;60.0;47.0;35.0;11.3;2.1;0.0;1020.32;1015.24;1017.78;0.0
2022-06-13;32.6;27.0;22.3;16.9;15.1;13.3;63.0;49.0;33.0;16.1;2.1;0.0;1015.92;1011.18;1013.55;0.0
2022-06-14;29.3;25.4;21.2;17.4;15.7;13.6;68.0;56.0;44.0;14.5;2.4;0.0;1017.27;1013.55;1015.41;0.0
2022-06-15;30.9;25.6;20.1;19.1;16.3;14.9;74.0;58.0;41.0;12.9;2.3;0.0;1017.95;1014.56;1016.255;0.0
2022-06-16;33.6;27.4;20.6;19.1;17.7;16.1;80.0;57.0;37.0;16.1;2.6;0.0;1017.27;1012.53;1014.9;0.0
2022-06-17;33.7;28.1;22.8;19.1;17.9;10.9;74.0;55.0;26.0;12.9;2.2;0.0;1018.63;1014.9;1016.765;0.0
2022-06-18;31.1;26.8;22.9;17.7;15.6;12.7;68.0;51.0;38.0;14.5;3.3;0.0;1020.66;1016.26;1018.46;0.0
2022-06-19;32.3;27.3;21.6;16.7;14.6;11.6;63.0;47.0;33.0;17.7;2.4;0.0;1016.93;1011.85;1014.39;0.0
2022-06-20;33.0;27.7;22.7;18.3;15.7;13.1;65.0;49.0;35.0;17.7;2.6;0.0;1013.21;1008.13;1010.6700000000001;0.0
2022-06-21;31.9;26.1;21.4;20.2;18.4;15.6;79.0;64.0;48.0;14.5;2.0;0.0;1011.85;1008.81;1010.3299999999999;0.0
2022-06-22;26.8;23.6;20.7;20.1;18.0;15.2;87.0;71.0;58.0;12.9;1.4;0.0;1012.87;1009.48;1011.175;0.51
2022-06-23;29.4;23.3;19.3;20.8;18.7;17.7;96.0;77.0;51.0;16.1;2.1;0.0;1013.21;1009.48;1011.345;4.57
2022-06-24;27.4;22.2;18.2;19.6;17.3;14.4;97.0;75.0;46.0;14.5;2.6;0.0;1011.18;1006.77;1008.9749999999999;8.89
2022-06-25;29.0;23.3;17.0;16.1;14.3;12.4;84.0;59.0;38.0;14.5;2.4;0.0;1013.21;1010.5;1011.855;0.0
2022-06-26;30.7;25.2;19.2;18.1;16.1;14.4;77.0;58.0;42.0;9.7;2.3;0.0;1015.24;1012.19;1013.715;0.0
2022-06-27;32.0;27.6;22.4;19.3;17.1;15.7;75.0;54.0;39.0;16.1;2.4;0.0;1014.22;1012.19;1013.205;0.0
2022-06-28;28.1;25.0;19.1;19.7;17.6;16.1;95.0;64.0;54.0;19.3;3.4;0.0;1016.26;1010.16;1013.21;12.45
2022-06-29;31.1;25.3;18.7;17.7;16.5;15.1;86.0;61.0;40.0;14.5;2.9;0.0;1012.87;1008.47;1010.6700000000001;0.0
2022-06-30;30.8;25.8;21.1;19.9;17.8;16.4;77.0;63.0;44.0;11.3;2.4;0.0;1011.18;1009.48;1010.3299999999999;0.0
2022-07-01;30.7;26.2;22.0;18.2;15.7;12.1;71.0;54.0;35.0;19.3;3.1;0.0;1013.88;1010.16;1012.02;0.0
2022-07-02;32.1;27.1;20.2;17.3;15.6;13.4;74.0;51.0;34.0;12.9;1.9;0.0;1017.95;1013.88;1015.915;0.0
2022-07-03;35.7;29.6;23.9;18.9;16.9;15.1;61.0;48.0;30.0;11.3;2.0;0.0;1016.93;1013.21;1015.0699999999999;0.0
2022-07-04;32.1;26.2;20.3;19.3;16.3;14.1;92.0;56.0;40.0;33.8;6.2;0.0;1015.58;1011.51;1013.5450000000001;23.88
2022-07-05;33.8;26.0;17.8;18.6;15.9;12.6;91.0;58.0;30.0;11.3;2.0;0.0;1014.22;1011.51;1012.865;0.51
2022-07-06;31.4;26.3;21.8;17.7;16.4;14.5;71.0;55.0;38.0;11.3;2.1;0.0;1017.95;1013.55;1015.75;0.0
2022-07-07;31.3;26.5;22.1;17.9;14.2;6.2;72.0;49.0;24.0;25.7;5.0;0.0;1016.93;1011.85;1014.39;0.0
2022-07-08;31.6;24.7;17.9;16.2;12.2;4.3;80.0;50.0;18.0;16.1;2.5;0.0;1020.32;1017.27;1018.7950000000001;0.0
2022-07-09;28.4;24.5;20.4;14.6;12.5;9.8;59.0;48.0;40.0;14.5;3.3;0.0;1020.66;1016.59;1018.625;0.0
2022-07-10;31.9;25.9;19.2;13.5;10.6;7.6;59.0;40.0;25.0;17.7;3.4;0.0;1018.63;1011.51;1015.0699999999999;0.0
2022-07-11;30.4;25.7;21.4;16.6;14.1;11.6;63.0;50.0;40.0;16.1;3.0;0.0;1016.93;1014.22;1015.575;0.0
2022-07-12;30.5;25.3;21.2;17.4;14.9;12.1;68.0;54.0;42.0;14.5;3.3;0.0;1019.98;1016.26;1018.12;0.0
2022-07-13;31.2;25.7;20.4;17.1;15.8;13.8;72.0;56.0;40.0;14.5;2.9;0.0;1023.03;1018.63;1020.8299999999999;0.0
2022-07-14;33.0;27.8;22.8;18.1;16.6;15.6;65.0;52.0;39.0;9.7;1.1;0.0;1019.98;1014.22;1017.1;0.0
2022-07-15;35.7;29.6;22.9;18.6;16.5;12.4;66.0;47.0;27.0;14.5;2.3;0.0;1014.56;1009.14;1011.8499999999999;0.0
2022-07-16;34.0;28.2;23.4;19.1;17.3;16.1;67.0;53.0;36.0;12.9;2.3;0.0;1015.24;1011.51;1013.375;0.0
2022-07-17;32.9;27.9;24.2;19.2;18.2;16.8;70.0;56.0;42.0;16.1;2.8;0.0;1019.98;1014.9;1017.44;0.0
2022-07-18;32.2;27.8;23.9;18.3;16.7;14.0;67.0;52.0;39.0;19.3;2.8;0.0;1021.0;1017.27;1019.135;0.0
2022-07-19;33.2;28.8;24.5;17.8;16.1;14.9;61.0;47.0;35.0;16.1;2.4;0.0;1019.98;1016.26;1018.12;0.0
2022-07-20;34.9;29.6;24.4;15.4;13.8;11.8;53.0;39.0;30.0;12.9;2.0;0.0;1018.96;1014.56;1016.76;0.0
2022-07-21;35.1;30.3;25.7;16.7;14.8;12.9;50.0;40.0;29.0;12.9;1.9;0.0;1016.26;1013.21;1014.735;0.0
2022-07-22;36.1;30.9;26.4;17.2;15.6;14.0;54.0;41.0;29.0;14.5;1.8;0.0;1015.58;1012.53;1014.0550000000001;0.0
2022-07-23;34.2;29.7;24.4;21.4;17.7;14.2;68.0;49.0;38.0;12.9;2.4;0.0;1014.56;1011.85;1013.2049999999999;0.0
2022-07-24;33.8;28.1;23.7;22.4;20.4;17.8;85.0;65.0;47.0;12.9;1.7;0.0;1016.26;1012.53;1014.395;0.51
2022-07-25;36.2;30.0;22.5;21.2;18.5;17.2;84.0;52.0;35.0;17.7;2.5;0.0;1014.22;1007.11;1010.665;2.03
2022-07-26;33.5;27.0;20.5;20.4;18.8;16.1;93.0;64.0;38.0;29.0;3.3;0.0;1010.16;1006.43;1008.295;0.51
2022-07-27;30.6;25.4;20.5;18.2;17.2;16.2;81.0;62.0;45.0;20.9;3.2;0.0;1011.18;1007.45;1009.315;0.76
2022-07-28;30.7;25.6;17.6;19.2;16.7;14.8;97.0;60.0;40.0;25.7;4.1;0.0;1013.88;1010.16;1012.02;6.35
2022-07-29;29.9;22.7;17.8;19.0;16.8;14.8;99.0;72.0;48.0;24.1;2.3;0.0;1014.22;1010.84;1012.53;28.19
2022-07-30;31.4;24.2;16.8;19.3;14.2;7.9;99.0;62.0;24.0;22.5;4.0;0.0;1014.9;1012.19;1013.5450000000001;0.51
2022-07-31;32.8;27.6;21.8;14.3;11.4;8.0;46.0;37.0;28.0;16.1;2.3;0.0;1015.58;1011.85;1013.715;0.0
2022-08-01;34.2;28.6;21.1;15.2;13.5;12.1;64.0;41.0;27.0;11.3;1.5;0.0;1014.22;1010.5;1012.36;0.0
2022-08-02;31.3;26.8;22.5;17.3;14.9;11.3;68.0;49.0;37.0;12.9;2.1;0.0;1015.92;1012.19;1014.0550000000001;0.0
2022-08-03;32.9;27.8;23.1;17.3;15.9;14.7;62.0;49.0;36.0;9.7;1.4;0.0;1016.59;1012.87;1014.73;0.0
2022-08-04;34.9;29.3;25.0;17.7;16.2;15.3;56.0;46.0;33.0;11.3;1.8;0.0;1015.24;1011.85;1013.5450000000001;0.0
2022-08-05;35.3;30.2;25.5;18.4;16.7;14.6;57.0;45.0;35.0;16.1;2.1;0.0;1013.55;1009.48;1011.515;0.0
2022-08-06;34.3;28.3;23.6;18.2;16.7;14.4;64.0;50.0;36.0;24.1;2.4;0.0;1014.9;1010.5;1012.7;0.0
2022-08-07;28.2;24.3;20.1;19.1;17.1;13.0;88.0;65.0;50.0;20.9;4.0;0.0;1015.92;1012.87;1014.395;6.86
2022-08-08;31.4;24.9;19.6;17.8;16.5;15.1;81.0;61.0;40.0;14.5;1.9;0.0;1016.93;1013.55;1015.24;0.0
2022-08-09;31.2;26.2;21.8;17.7;16.8;15.4;77.0;57.0;41.0;17.7;2.1;0.0;1018.96;1015.58;1017.27;0.0
2022-08-10;30.1;26.0;23.2;17.3;14.8;12.7;65.0;51.0;37.0;17.7;2.8;0.0;1019.3;1015.58;1017.44;0.0
2022-08-11;29.6;25.7;21.9;15.9;13.9;12.1;67.0;49.0;38.0;14.5;2.5;0.0;1018.29;1013.55;1015.92;0.0
2022-08-12;27.4;23.9;17.7;14.6;12.8;11.4;81.0;51.0;42.0;24.1;5.0;0.0;1015.24;1011.18;1013.21;1.52
2022-08-13;28.9;22.2;15.9;15.3;13.0;11.2;91.0;60.0;35.0;11.3;2.3;0.0;1015.92;1010.84;1013.38;0.51
2022-08-14;29.0;24.6;20.4;14.6;12.8;11.0;65.0;49.0;37.0;16.1;1.9;0.0;1012.87;1006.43;1009.65;0.0
2022-08-15;29.9;24.0;17.8;17.8;14.7;13.1;92.0;58.0;41.0;19.3;2.8;0.0;1007.11;1003.73;1005.4200000000001;9.91
2022-08-16;29.9;23.9;17.8;19.1;16.8;14.3;87.0;66.0;46.0;11.3;1.8;0.0;1011.18;1006.77;1008.9749999999999;0.51
2022-08-17;27.3;22.9;18.0;21.2;19.0;17.1;98.0;80.0;58.0;12.9;2.1;0.0;1012.87;1010.5;1011.685;19.81
2022-08-18;21.6;19.7;17.7;19.7;18.2;16.4;97.0;92.0;84.0;24.1;3.1;0.0;1012.19;1007.79;1009.99;20.57
2022-08-19;26.7;20.9;16.9;19.4;17.1;14.1;98.0;81.0;47.0;8.0;1.3;0.0;1011.18;1007.45;1009.315;15.49
2022-08-20;31.6;25.0;17.7;18.9;15.8;10.4;93.0;61.0;32.0;24.1;2.1;0.0;1011.51;1009.48;1010.495;0.0
2022-08-21;30.8;26.2;21.9;14.7;12.4;9.8;55.0;43.0;31.0;9.7;1.5;0.0;1011.51;1007.11;1009.31;0.0
2022-08-22;31.3;26.1;21.7;15.2;13.2;10.6;59.0;46.0;28.0;11.3;1.2;0.0;1009.48;1006.1;1007.79;0.0
2022-08-23;29.6;25.6;22.1;14.8;13.4;11.8;60.0;47.0;37.0;12.9;1.9;0.0;1013.88;1008.47;1011.175;0.0
2022-08-24;28.9;24.5;20.2;16.3;14.6;12.6;65.0;55.0;43.0;11.3;1.9;0.0;1015.58;1013.55;1014.565;0.0
2022-08-25;31.3;26.1;21.0;17.1;15.5;14.1;72.0;53.0;37.0;11.3;1.4;0.0;1015.92;1010.16;1013.04;0.0
2022-08-26;30.6;26.1;22.5;18.4;16.2;14.3;63.0;55.0;43.0;9.7;1.6;0.0;1012.19;1008.13;1010.1600000000001;0.0
2022-08-27;27.0;23.4;20.2;18.6;16.3;14.1;80.0;65.0;51.0;12.9;2.5;0.0;1011.51;1008.13;1009.8199999999999;0.0
2022-08-28;30.1;24.2;18.8;18.8;17.3;16.2;87.0;67.0;44.0;9.7;1.6;0.0;1014.56;1010.84;1012.7;0.0
2022-08-29;30.8;24.9;18.8;19.6;18.0;16.2;90.0;67.0;45.0;11.3;1.6;0.0;1016.59;1013.21;1014.9000000000001;2.29
2022-08-30;28.2;23.6;18.1;20.1;18.4;16.1;91.0;73.0;59.0;22.5;1.4;0.0;1017.61;1013.55;1015.5799999999999;9.65
2022-08-31;26.3;21.6;17.4;18.8;17.5;15.9;94.0;79.0;61.0;11.3;1.6;0.0;1015.24;1011.18;1013.21;0.0
2022-09-01;26.0;21.8;18.8;18.4;17.2;15.4;92.0;76.0;58.0;12.9;2.7;0.0;1015.24;1011.51;1013.375;0.51
2022-09-02;25.8;21.1;16.7;15.8;14.8;13.2;91.0;69.0;47.0;12.9;2.3;0.0;1015.58;1012.19;1013.885;0.25
2022-09-03;24.4;20.6;18.4;16.1;14.6;12.8;82.0;69.0;57.0;14.5;2.2;0.0;1016.26;1013.55;1014.905;0.51
2022-09-04;27.7;22.1;17.6;17.9;16.5;15.6;89.0;72.0;50.0;8.0;1.0;0.0;1021.0;1015.92;1018.46;0.0
2022-09-05;28.3;23.4;20.1;18.9;17.0;16.0;79.0;68.0;50.0;9.7;0.8;0.0;1022.69;1018.63;1020.6600000000001;0.0
2022-09-06;29.7;24.7;19.9;18.6;17.0;15.9;79.0;63.0;48.0;9.7;1.3;0.0;1019.3;1014.56;1016.93;0.0
2022-09-07;25.9;23.3;20.5;19.3;17.8;15.4;81.0;72.0;63.0;12.9;2.3;0.0;1016.26;1010.5;1013.38;0.0
2022-09-08;27.9;22.2;16.0;19.9;17.4;15.5;97.0;76.0;49.0;22.5;3.2;0.0;1011.85;1008.81;1010.3299999999999;31.24
2022-09-09;26.1;21.0;15.2;18.1;16.1;14.4;96.0;75.0;51.0;20.9;1.7;0.0;1012.53;1009.48;1011.005;26.42
2022-09-10;26.4;20.4;14.2;16.4;14.0;11.4;99.0;71.0;40.0;11.3;1.4;0.0;1014.22;1011.18;1012.7;0.25
2022-09-11;27.2;21.7;17.8;15.1;13.0;11.2;72.0;59.0;39.0;8.0;1.3;0.0;1015.24;1012.87;1014.0550000000001;0.0
2022-09-12;27.2;22.0;17.9;15.1;13.5;11.3;72.0;60.0;44.0;9.7;1.0;0.0;1015.92;1012.53;1014.2249999999999;0.0
2022-09-13;27.2;22.7;18.1;16.8;15.2;13.3;79.0;64.0;49.0;6.4;0.8;0.0;1014.22;1011.18;1012.7;0.0
2022-09-14;25.8;22.4;20.6;18.5;17.1;15.0;81.0;72.0;62.0;8.0;1.2;0.0;1012.87;1008.13;1010.5;0.0
2022-09-15;29.3;23.6;18.3;18.2;16.4;14.7;86.0;66.0;43.0;11.3;1.5;0.0;1008.81;1003.05;1005.93;0.0
2022-09-16;28.3;22.8;18.8;18.7;15.0;6.7;86.0;64.0;38.0;12.9;2.0;0.0;1004.4;999.66;1002.03;0.0
2022-09-17;21.7;17.7;14.3;16.2;7.9;-0.9;92.0;57.0;28.0;24.1;6.3;0.0;1012.53;1000.0;1006.265;0.0
2022-09-18;23.2;18.1;13.9;7.4;1.4;-0.7;56.0;33.0;24.0;20.9;5.5;0.0;1014.9;1011.85;1013.375;0.0
2022-09-19;24.0;18.9;13.9;9.8;2.3;-2.3;71.0;37.0;18.0;24.1;4.2;0.0;1014.9;1009.82;1012.36;0.0
2022-09-20;22.1;17.5;12.8;7.8;4.3;-1.7;62.0;43.0;27.0;12.9;1.9;0.0;1017.95;1014.56;1016.255;0.0
2022-09-21;17.9;15.2;12.9;9.7;8.5;6.3;79.0;65.0;51.0;12.9;2.0;0.0;1022.69;1017.27;1019.98;0.0
2022-09-22;19.8;15.6;11.5;6.8;5.5;3.5;65.0;52.0;39.0;8.0;1.1;0.0;1022.69;1018.29;1020.49;0.0
2022-09-23;19.0;15.9;13.3;9.1;8.1;6.6;72.0;61.0;49.0;9.7;1.0;0.0;1021.67;1017.27;1019.47;0.0
2022-09-24;15.5;13.7;12.4;12.3;10.0;7.1;96.0;80.0;61.0;9.7;0.7;0.0;1017.95;1014.56;1016.255;7.11
2022-09-25;17.1;14.0;11.9;13.2;12.2;11.1;96.0;89.0;74.0;9.7;1.0;0.0;1014.9;1009.82;1012.36;1.27
2022-09-26;20.9;15.5;10.5;12.8;11.1;9.6;98.0;77.0;49.0;8.0;1.0;0.0;1010.5;1002.37;1006.435;0.51
2022-09-27;22.1;16.4;12.0;13.6;9.4;1.9;96.0;67.0;35.0;12.9;2.1;0.0;1002.37;997.63;1000.0;0.0
2022-09-28;15.7;14.0;11.8;12.4;9.6;1.7;88.0;76.0;39.0;11.3;1.4;0.0;1001.02;998.31;999.665;0.0
2022-09-29;18.8;14.6;12.1;13.6;11.4;9.8;95.0;82.0;63.0;12.9;1.7;0.0;1001.02;997.29;999.155;1.78
2022-09-30;13.9;12.3;11.1;12.9;11.2;10.3;97.0;93.0;84.0;12.9;1.6;0.0;1014.22;1001.02;1007.62;8.89
2022-10-01;19.4;14.4;11.1;13.0;11.2;10.0;94.0;82.0;61.0;11.3;1.9;0.0;1017.61;1014.22;1015.915;0.0
2022-10-02;23.0;16.9;11.8;14.9;12.8;10.5;94.0;78.0;58.0;12.9;1.8;0.0;1021.0;1016.26;1018.63;0.0
2022-10-03;23.0;17.2;12.9;15.9;13.9;11.9;95.0;82.0;62.0;9.7;1.4;0.0;1020.32;1016.59;1018.455;0.0
2022-10-04;20.4;17.3;15.0;15.4;14.4;13.3;92.0;83.0;71.0;8.0;0.5;0.0;1025.06;1019.98;1022.52;0.0
2022-10-05;21.299999999999997;17.4;14.7;15.5;14.100000000000001;12.95;90.5;81.0;67.0;7.2;0.5;0.0;1026.92;1022.86;1024.89;0.0
2022-10-06;22.2;17.5;14.4;15.6;13.8;12.6;89.0;79.0;63.0;6.4;0.5;0.0;1028.78;1025.74;1027.26;0.0
2022-10-07;24.0;18.8;14.4;15.4;12.8;10.5;89.0;70.0;45.0;9.7;0.6;0.0;1028.45;1020.66;1024.555;0.0
2022-10-08;22.5;18.5;13.7;13.7;12.6;10.9;84.0;69.0;57.0;8.0;1.0;0.0;1021.0;1017.27;1019.135;0.0
2022-10-09;17.4;15.5;13.9;15.6;14.2;13.1;98.0;92.0;77.0;16.1;1.5;0.0;1021.67;1019.3;1020.4849999999999;23.11
2022-10-10;18.8;15.7;13.6;13.6;12.7;11.1;94.0;83.0;66.0;6.4;0.7;0.0;1021.67;1019.98;1020.825;0.0
2022-10-11;20.9;16.3;11.7;14.7;12.5;10.6;94.0;80.0;59.0;8.0;0.5;0.0;1022.01;1020.32;1021.165;0.0
2022-10-12;20.3;17.2;14.6;13.8;12.2;11.2;82.0;73.0;62.0;8.0;0.5;0.0;1022.69;1020.66;1021.675;0.0
2022-10-13;19.6;16.6;13.9;13.8;12.5;11.4;86.0;77.0;67.0;6.4;0.3;0.0;1022.35;1017.95;1020.1500000000001;0.0
2022-10-14;19.2;15.9;12.3;14.6;13.0;11.3;95.0;84.0;69.0;6.4;0.3;0.0;1018.29;1015.24;1016.765;0.0
2022-10-15;21.2;16.5;13.5;14.5;13.0;12.1;93.0;81.0;62.0;9.7;0.6;0.0;1019.64;1014.9;1017.27;0.0
2022-10-16;21.1;17.9;15.3;14.8;13.7;12.4;84.0;77.0;66.0;6.4;0.5;0.0;1026.41;1019.64;1023.0250000000001;0.0
2022-10-17;22.2;17.8;14.3;15.6;14.1;12.5;91.0;80.0;64.0;9.7;0.6;0.0;1029.46;1026.41;1027.935;0.0
2022-10-18;22.9;17.9;13.7;15.4;14.0;12.6;95.0;79.0;57.0;8.0;0.7;0.0;1028.78;1023.37;1026.075;0.0
2022-10-19;23.4;18.6;14.3;15.2;13.4;12.6;92.0;73.0;55.0;11.3;0.7;0.0;1023.71;1019.64;1021.675;0.0
2022-10-20;19.7;17.6;15.4;14.2;13.2;12.0;83.0;76.0;69.0;9.7;0.5;0.0;1022.69;1020.32;1021.5050000000001;0.0
2022-10-21;16.8;15.6;14.7;14.2;13.6;12.7;96.0;88.0;78.0;17.7;3.1;0.0;1020.32;1016.93;1018.625;4.57
2022-10-22;21.7;17.2;15.0;18.1;15.1;13.8;98.0;88.0;74.0;12.9;1.9;0.0;1020.66;1013.88;1017.27;13.21
2022-10-23;18.4;16.9;15.1;16.3;15.0;13.7;94.0;89.0;83.0;9.7;0.8;0.0;1022.35;1020.32;1021.335;0.51
2022-10-24;19.7;17.9;15.9;16.8;15.7;14.8;94.0;87.0;80.0;16.1;2.6;0.0;1021.0;1015.24;1018.12;0.25
2022-10-25;20.4;17.1;14.3;15.7;14.4;12.7;94.0;84.0;73.0;6.4;0.6;0.0;1021.0;1016.26;1018.63;0.51
2022-10-26;21.7;17.7;14.8;15.6;14.4;13.1;90.0;82.0;66.0;8.0;0.8;0.0;1024.72;1020.32;1022.52;0.0
2022-10-27;21.9;17.7;14.8;15.7;14.1;12.4;89.0;80.0;66.0;4.8;0.4;0.0;1028.45;1024.72;1026.585;0.0
2022-10-28;23.1;17.9;13.9;15.6;13.7;12.0;93.0;77.0;55.0;12.9;0.4;0.0;1028.45;1026.41;1027.43;0.0
2022-10-29;23.9;18.3;13.7;14.9;13.0;11.4;88.0;72.0;52.0;6.4;0.3;0.0;1027.43;1023.71;1025.5700000000002;0.0
2022-10-30;23.3;18.7;14.8;15.6;13.3;11.2;81.0;71.0;55.0;4.8;0.4;0.0;1024.04;1021.0;1022.52;0.0
2022-10-31;22.5;18.3;14.7;13.2;11.3;9.7;76.0;64.0;48.0;4.8;0.2;0.0;1022.69;1019.98;1021.335;0.0
2022-11-01;16.6;14.5;11.5;13.1;11.2;9.8;96.0;81.0;70.0;8.0;2.2;0.0;1023.71;1021.0;1022.355;0.25
2022-11-02;17.1;13.0;9.9;13.1;11.3;9.4;97.0;90.0;75.0;9.7;0.8;0.0;1024.72;1022.35;1023.5350000000001;0.51
2022-11-03;14.2;12.7;11.4;13.2;12.2;11.1;98.0;97.0;93.0;12.9;1.6;0.0;1023.37;1008.47;1015.9200000000001;23.11
2022-11-04;15.8;12.1;8.7;11.2;6.2;1.6;99.0;70.0;43.0;33.8;5.6;0.0;1008.47;1002.03;1005.25;11.68
2022-11-05;17.8;12.6;8.0;7.8;3.7;-0.3;74.0;56.0;31.0;11.3;1.2;0.0;1016.26;1007.11;1011.685;0.0
2022-11-06;14.8;11.6;8.8;4.8;2.4;-1.1;72.0;54.0;44.0;4.8;0.5;0.0;1018.96;1016.26;1017.61;0.0
2022-11-07;15.3;10.6;6.2;5.8;4.6;3.1;82.0;68.0;49.0;6.4;0.4;0.0;1022.69;1018.29;1020.49;0.0
2022-11-08;16.2;11.2;7.5;8.0;6.1;4.1;81.0;72.0;55.0;6.4;0.6;0.0;1022.69;1019.98;1021.335;0.0
2022-11-09;12.7;10.8;9.9;10.3;9.0;6.9;98.0;89.0;70.0;6.4;0.6;0.0;1020.66;1018.96;1019.81;9.91
2022-11-10;15.3;11.6;9.9;13.2;11.0;9.7;99.0;96.0;85.0;6.4;0.4;0.0;1032.51;1019.64;1026.075;2.54
2022-11-11;16.9;12.5;9.5;12.6;10.6;9.0;98.0;89.0;69.0;6.4;0.3;0.0;1034.2;1032.51;1033.355;0.51
2022-11-12;14.4;11.4;9.1;12.2;9.4;6.3;98.0;88.0;70.0;6.4;0.5;0.0;1034.2;1026.75;1030.475;0.25
2022-11-13;14.9;11.8;8.9;7.9;6.5;4.6;92.0;71.0;58.0;12.9;1.0;0.0;1027.43;1023.37;1025.4;0.51
2022-11-14;10.9;8.5;6.4;8.4;7.4;5.8;98.0;93.0;82.0;8.0;0.7;0.0;1024.38;1021.0;1022.69;3.81
2022-11-15;8.4;7.5;6.4;7.8;6.9;5.4;98.0;96.0;90.0;4.8;0.2;0.0;1021.0;1011.51;1016.255;7.87
2022-11-16;10.4;8.5;7.3;9.4;7.9;6.9;98.0;96.0;91.0;6.4;0.8;0.0;1011.51;1002.37;1006.94;4.32
2022-11-17;11.4;9.3;7.4;9.7;8.4;6.9;98.0;94.0;87.0;9.7;0.5;0.0;1003.39;1001.02;1002.2049999999999;0.0
2022-11-18;16.3;11.7;9.2;10.3;6.6;-0.7;97.0;74.0;42.0;12.9;3.3;0.0;1003.73;998.65;1001.19;0.0
2022-11-19;13.1;9.7;7.1;6.7;3.3;-0.6;82.0;65.0;48.0;12.9;1.3;0.0;1007.79;1003.73;1005.76;0.0
2022-11-20;12.6;8.5;5.4;3.6;1.8;-0.8;80.0;64.0;48.0;6.4;0.9;0.0;1012.19;1007.79;1009.99;0.0
2022-11-21;11.5;7.3;3.7;4.8;2.7;0.7;91.0;74.0;50.0;14.5;1.9;0.0;1010.84;1001.69;1006.2650000000001;0.51
2022-11-22;12.6;7.6;5.2;6.6;3.6;-2.7;97.0;80.0;36.0;17.7;4.6;0.0;1001.69;992.55;997.12;21.34
2022-11-23;12.3;8.7;5.7;4.7;1.3;-2.8;73.0;60.0;40.0;12.9;1.2;0.0;1007.79;997.97;1002.88;0.0
2022-11-24;13.6;9.2;4.7;5.2;2.4;-2.3;81.0;63.0;41.0;12.9;1.8;0.0;1017.27;1007.79;1012.53;0.0
2022-11-25;10.4;7.8;5.9;5.8;3.8;1.8;86.0;76.0;67.0;6.4;0.6;0.0;1022.35;1016.59;1019.47;0.0
2022-11-26;14.0;8.6;3.7;6.4;2.6;0.8;89.0;67.0;43.0;6.4;0.6;0.0;1029.46;1022.01;1025.7350000000001;0.0
2022-11-27;11.3;8.2;5.6;3.9;2.7;0.9;83.0;69.0;55.0;6.4;0.5;0.0;1029.8;1023.03;1026.415;0.0
2022-11-28;7.5;5.7;3.6;4.0;3.1;2.3;91.0;83.0;75.0;6.4;0.2;0.0;1023.03;1016.93;1019.98;0.0
2022-11-29;6.4;4.6;3.0;3.6;2.6;1.2;96.0;87.0;77.0;4.8;0.2;0.0;1018.96;1015.92;1017.44;0.0
2022-11-30;4.8;3.9;2.4;3.4;2.4;1.4;96.0;90.0;83.0;14.5;1.6;0.0;1019.64;1017.61;1018.625;0.0
2022-12-01;9.1;5.2;1.7;3.7;2.4;0.7;94.0;83.0;69.0;6.4;0.4;0.0;1019.98;1017.61;1018.7950000000001;0.0
2022-12-02;6.9;5.3;4.3;4.0;3.2;2.0;94.0;86.0;77.0;4.8;0.5;0.0;1019.98;1017.95;1018.965;0.0
2022-12-03;5.9;5.3;4.6;4.9;4.1;3.2;97.0;93.0;83.0;9.7;2.1;0.0;1019.64;1015.24;1017.44;12.95
2022-12-04;7.1;6.3;5.3;6.7;6.0;4.8;98.0;98.0;97.0;9.7;1.2;0.0;1017.95;1011.51;1014.73;30.48
2022-12-05;7.5;6.6;3.8;7.3;6.4;3.6;99.0;99.0;98.0;16.1;1.9;0.0;1018.96;1016.93;1017.9449999999999;12.45
2022-12-06;8.7;4.8;1.9;6.9;3.8;1.6;99.0;94.0;76.0;4.8;0.5;0.0;1017.61;1014.9;1016.255;0.25
2022-12-07;7.9;4.5;1.2;3.4;1.8;-0.2;93.0;83.0;70.0;4.8;0.4;0.0;1015.24;1012.19;1013.715;0.0
2022-12-08;6.9;3.9;1.5;3.1;1.8;0.3;96.0;87.0;75.0;6.4;0.5;0.0;1013.21;1009.82;1011.5150000000001;0.0
2022-12-09;4.1;2.7;0.8;2.7;2.2;0.2;98.0;96.0;89.0;8.0;1.1;0.0;1010.5;1001.36;1005.9300000000001;12.7
2022-12-10;6.8;4.0;2.4;6.3;3.5;0.7;98.0;97.0;77.0;8.0;0.9;0.0;1002.03;997.29;999.66;0.0
2022-12-11;5.2;3.0;0.1;3.3;-0.1;-6.3;97.0;82.0;45.0;8.0;1.3;0.0;1006.77;997.63;1002.2;0.0
2022-12-12;3.4;-0.4;-2.7;-0.1;-2.3;-7.1;97.0;88.0;60.0;6.4;1.0;0.0;1012.19;1006.77;1009.48;0.25
2022-12-13;1.4;0.4;-0.4;-0.2;-1.3;-2.9;97.0;89.0;75.0;6.4;1.2;0.0;1012.53;1010.5;1011.515;0.0
2022-12-14;3.8;0.9;-1.2;0.2;-0.9;-2.0;96.0;88.0;76.0;8.0;0.6;0.0;1010.5;1005.42;1007.96;0.0
2022-12-15;2.8;1.1;-0.9;1.2;-0.5;-2.7;98.0;89.0;79.0;11.3;1.2;0.0;1009.48;1003.73;1006.605;22.61
2022-12-16;4.8;2.8;0.9;4.6;2.5;0.6;99.0;98.0;98.0;4.8;0.6;0.0;1009.82;1003.05;1006.435;2.29
2022-12-17;8.7;4.6;1.8;6.2;4.0;1.6;99.0;96.0;76.0;14.5;1.8;0.0;1027.77;1009.82;1018.7950000000001;0.25
2022-12-18;7.4;4.5;1.1;4.5;3.1;0.7;98.0;91.0;73.0;4.8;0.5;0.0;1035.22;1027.77;1031.495;0.0
2022-12-19;4.6;2.7;1.0;3.9;2.1;0.7;98.0;96.0;91.0;4.8;0.5;0.0;1035.22;1032.51;1033.865;0.25
2022-12-20;6.7;4.4;3.1;4.4;3.3;2.6;97.0;93.0;84.0;9.7;0.7;0.0;1032.51;1025.06;1028.7849999999999;0.0
2022-12-21;6.5;4.8;3.7;5.7;4.0;2.9;97.0;95.0;92.0;8.0;0.9;0.0;1025.06;1019.98;1022.52;0.25
2022-12-22;9.5;6.0;3.8;6.6;4.7;3.2;98.0;92.0;80.0;8.0;1.0;0.0;1019.98;1015.58;1017.78;0.0
2022-12-23;10.3;6.2;3.9;7.3;5.4;3.6;99.0;95.0;81.0;9.7;1.4;0.0;1016.93;1014.56;1015.7449999999999;0.0
2022-12-24;8.3;6.3;4.3;8.1;5.9;4.0;99.0;97.0;95.0;6.4;1.0;0.0;1022.69;1015.24;1018.965;0.0
2022-12-25;8.4;7.4;6.3;7.3;6.4;5.5;97.0;94.0;91.0;6.4;0.5;0.0;1025.74;1022.69;1024.2150000000001;0.0
2022-12-26;10.0;8.3;7.0;7.9;6.9;6.3;97.0;91.0;81.0;4.8;0.7;0.0;1026.75;1024.04;1025.395;0.0
2022-12-27;12.1;8.0;4.8;7.9;6.1;4.4;98.0;88.0;72.0;9.7;0.6;0.0;1027.77;1024.04;1025.905;0.0
2022-12-28;9.5;7.7;6.2;7.3;6.3;5.4;98.0;91.0;84.0;4.8;0.2;0.0;1027.77;1024.04;1025.905;0.0
2022-12-29;8.0;6.8;5.9;6.4;5.8;4.5;98.0;94.0;82.0;4.8;0.3;0.0;1024.04;1021.0;1022.52;0.51
2022-12-30;7.1;6.6;6.2;6.8;6.3;5.8;99.0;98.0;97.0;6.4;0.5;0.0;1026.41;1019.98;1023.195;2.03
2022-12-31;9.4;7.2;4.7;7.8;6.5;4.4;98.0;96.0;88.0;4.8;0.4;0.0;1032.51;1025.74;1029.125;0.51
2023-01-01;9.7;8.3;7.3;9.3;8.0;7.0;99.0;98.0;97.0;4.8;0.6;0.0;1032.85;1029.8;1031.3249999999998;2.29
2023-01-02;8.8;8.4;7.9;8.6;8.3;7.7;100.0;99.0;99.0;4.8;0.3;0.0;1031.16;1028.78;1029.97;0.76
2023-01-03;8.8;8.4;8.1;8.7;8.4;8.0;100.0;100.0;99.0;4.8;0.2;0.0;1030.82;1028.78;1029.8;6.86
2023-01-04;9.0;8.1;6.8;8.9;8.0;6.6;100.0;100.0;99.0;4.8;0.6;0.0;1031.83;1027.09;1029.46;0.0
2023-01-05;13.6;8.8;5.8;8.9;6.7;4.9;100.0;87.0;72.0;14.5;3.5;0.0;1027.09;1021.0;1024.045;0.0
2023-01-06;6.6;6.0;5.5;6.4;5.8;5.2;99.0;99.0;95.0;11.3;1.8;0.0;1027.09;1023.71;1025.4;0.0
2023-01-07;6.3;5.6;4.5;5.5;4.8;4.0;98.0;95.0;93.0;9.7;0.9;0.0;1026.08;1021.67;1023.875;0.76
2023-01-08;5.8;5.5;5.3;5.6;5.4;5.1;99.0;99.0;98.0;14.5;1.2;0.0;1022.01;1007.45;1014.73;23.88
2023-01-09;10.4;6.7;4.9;8.6;3.9;-4.1;99.0;85.0;41.0;14.5;3.4;0.0;1009.14;1002.71;1005.925;1.52
2023-01-10;12.6;9.2;5.7;-2.3;-5.9;-9.6;49.0;35.0;24.0;30.6;8.1;0.0;1021.67;1008.81;1015.24;0.0
2023-01-11;9.1;6.7;3.9;-0.2;-4.2;-8.2;72.0;47.0;32.0;6.4;0.5;0.0;1022.01;1018.63;1020.3199999999999;0.0
2023-01-12;11.3;6.3;2.9;1.9;-1.1;-4.2;72.0;60.0;50.0;4.8;0.4;0.0;1025.06;1021.0;1023.03;0.0
2023-01-13;10.2;6.5;3.5;2.4;0.6;-1.6;84.0;66.0;56.0;9.7;0.6;0.0;1021.0;1017.27;1019.135;0.0
2023-01-14;9.7;6.1;2.7;4.7;2.2;-0.8;89.0;77.0;57.0;12.9;1.6;0.0;1024.72;1020.32;1022.52;0.0
2023-01-15;6.4;5.2;3.7;4.8;4.0;3.2;98.0;92.0;85.0;8.0;0.6;0.0;1021.0;1008.13;1014.565;0.51
2023-01-16;4.3;3.2;1.8;3.4;2.6;1.2;98.0;96.0;91.0;9.7;1.5;0.0;1008.13;993.23;1000.6800000000001;0.51
2023-01-17;3.1;1.7;0.7;2.3;1.3;0.2;98.0;97.0;95.0;9.7;1.1;0.0;993.57;987.47;990.52;3.3
2023-01-18;6.1;1.8;0.3;3.5;1.1;-0.1;99.0;96.0;82.0;11.3;1.5;0.0;999.32;988.49;993.905;0.25
2023-01-19;3.2;1.2;0.2;1.0;-0.1;-2.1;98.0;91.0;69.0;16.1;2.2;0.0;1007.11;999.32;1003.215;1.02
2023-01-20;5.4;1.5;-1.2;0.6;-1.7;-10.4;94.0;80.0;39.0;11.3;1.5;0.0;1013.21;1007.11;1010.1600000000001;0.0
2023-01-21;6.9;3.4;1.8;-9.3;-11.2;-12.1;40.0;34.0;25.0;19.3;6.5;1.6;1013.21;1010.16;1011.685;0.0
2023-01-22;6.7;4.1;2.2;-1.7;-5.3;-9.7;76.0;52.0;37.0;8.0;1.2;0.0;1021.0;1013.88;1017.44;0.0
2023-01-23;6.6;4.3;0.7;0.0;-2.0;-5.2;75.0;64.0;54.0;9.7;1.1;0.0;1026.41;1016.93;1021.6700000000001;0.0
2023-01-24;10.6;6.7;3.4;3.4;1.3;-1.1;82.0;69.0;53.0;8.0;1.4;0.0;1031.16;1026.41;1028.785;0.0
2023-01-25;7.2;5.3;3.8;4.2;3.3;2.3;97.0;87.0;78.0;6.4;0.9;0.0;1029.46;1019.98;1024.72;0.0
2023-01-26;5.5;3.8;2.7;3.0;1.1;-0.1;93.0;83.0;72.0;8.0;1.1;0.0;1019.98;1012.87;1016.425;0.0
2023-01-27;2.8;2.0;0.3;-0.1;-1.7;-3.3;84.0;76.0;65.0;6.4;0.7;0.0;1016.93;1012.87;1014.9;0.0
2023-01-28;7.3;2.8;-0.4;-0.7;-3.0;-4.6;81.0;67.0;43.0;8.0;0.9;0.0;1024.04;1016.59;1020.315;0.0
2023-01-29;6.8;3.3;0.4;-1.1;-2.5;-4.2;78.0;66.0;53.0;8.0;1.1;0.0;1027.43;1023.37;1025.4;0.0
2023-01-30;11.0;4.6;0.0;-0.4;-2.5;-6.8;83.0;62.0;28.0;19.3;3.7;0.0;1024.04;1015.24;1019.64;0.0
2023-01-31;10.7;5.6;0.6;2.4;-0.1;-3.1;92.0;69.0;46.0;12.9;3.2;0.0;1024.38;1018.29;1021.335;0.0
2023-02-01;12.7;8.5;4.1;3.4;-1.5;-7.9;69.0;51.0;28.0;16.1;3.5;0.0;1021.67;1019.64;1020.655;0.0
2023-02-02;15.3;11.7;8.8;0.4;-4.3;-8.3;49.0;33.0;26.0;17.7;5.9;0.0;1024.04;1020.66;1022.3499999999999;0.0
2023-02-03;13.9;9.5;4.9;3.7;-1.0;-5.5;76.0;49.0;31.0;19.3;3.5;0.0;1026.41;1021.0;1023.705;0.0
2023-02-04;18.1;13.5;6.3;4.3;-1.2;-11.4;86.0;41.0;15.0;33.8;11.9;0.0;1029.46;1018.96;1024.21;0.0
2023-02-05;7.2;4.8;2.4;2.1;-0.6;-1.9;80.0;68.0;53.0;14.5;3.6;0.0;1034.2;1029.46;1031.83;0.0
2023-02-06;3.9;2.6;0.7;-0.4;-1.4;-2.3;86.0;76.0;70.0;16.1;2.8;0.0;1035.9;1031.83;1033.865;0.0
2023-02-07;6.2;1.3;-2.3;-2.1;-3.4;-4.7;89.0;72.0;51.0;14.5;1.8;0.0;1039.96;1034.54;1037.25;0.0
2023-02-08;4.2;1.2;-1.1;-4.1;-5.5;-7.2;77.0;62.0;46.0;12.9;1.5;0.0;1038.94;1035.9;1037.42;0.0
2023-02-09;3.7;0.2;-1.8;-6.8;-7.6;-8.3;66.0;56.0;44.0;11.3;1.8;0.0;1038.94;1036.57;1037.755;0.0
2023-02-10;7.1;1.6;-2.8;-5.0;-6.6;-7.8;70.0;56.0;37.0;8.0;0.6;0.0;1038.94;1035.9;1037.42;0.0
2023-02-11;9.9;4.8;-0.7;-3.3;-5.9;-8.3;63.0;47.0;35.0;6.4;0.8;0.0;1038.61;1033.19;1035.9;0.0
2023-02-12;13.9;8.4;4.4;-0.6;-3.5;-6.1;57.0;44.0;33.0;11.3;1.4;0.0;1037.25;1031.83;1034.54;0.0
2023-02-13;12.3;8.0;4.8;1.6;-0.1;-2.5;72.0;57.0;47.0;9.7;0.9;0.0;1038.27;1035.56;1036.915;0.0
2023-02-14;15.2;9.0;3.6;3.0;1.3;-0.6;76.0;60.0;43.0;8.0;1.1;0.0;1036.91;1030.82;1033.865;0.0
2023-02-15;16.6;11.0;6.8;3.1;1.5;-0.7;65.0;53.0;38.0;6.4;0.9;0.0;1030.82;1027.09;1028.955;0.0
2023-02-16;13.3;9.5;5.3;6.8;4.1;1.1;84.0;69.0;56.0;11.3;1.8;0.0;1029.8;1027.43;1028.615;0.0
2023-02-17;13.9;9.2;5.1;6.3;5.1;3.2;91.0;76.0;59.0;11.3;1.6;0.0;1030.48;1027.77;1029.125;0.0
2023-02-18;14.3;9.5;5.5;7.2;5.3;3.2;87.0;76.0;60.0;14.5;1.9;0.0;1029.46;1024.72;1027.0900000000001;0.0
2023-02-19;14.1;9.7;7.2;7.9;6.3;5.3;93.0;80.0;65.0;19.3;2.6;0.0;1025.4;1020.32;1022.8600000000001;0.0
2023-02-20;11.5;8.3;6.0;6.8;5.8;4.4;93.0;85.0;72.0;8.0;0.9;0.0;1028.45;1024.04;1026.245;0.0
2023-02-21;13.6;9.8;5.8;8.3;6.8;4.6;93.0;82.0;69.0;11.3;2.4;0.0;1024.04;1018.96;1021.5;0.0
2023-02-22;13.0;9.7;7.4;8.3;7.1;6.3;94.0;85.0;67.0;8.0;0.9;0.0;1019.64;1015.58;1017.61;0.0
2023-02-23;12.2;9.5;7.5;8.4;7.2;6.3;94.0;86.0;74.0;8.0;0.4;0.0;1016.26;1014.56;1015.41;0.0
2023-02-24;11.9;9.4;7.7;8.7;7.5;6.8;95.0;88.0;77.0;6.4;0.6;0.0;1015.92;1006.1;1011.01;0.0
2023-02-25;14.2;10.6;8.2;7.7;6.8;5.4;89.0;78.0;63.0;12.9;3.0;0.0;1006.1;996.28;1001.19;0.0
2023-02-26;8.3;3.2;0.1;5.9;0.1;-7.0;96.0;83.0;34.0;19.3;2.3;0.0;1012.53;995.26;1003.895;8.38
2023-02-27;4.8;2.0;0.1;1.7;0.3;-0.5;97.0;89.0;74.0;9.7;1.2;0.0;1022.01;1012.53;1017.27;6.1
2023-02-28;8.2;3.5;0.6;1.5;0.1;-0.9;93.0;79.0;59.0;11.3;1.2;0.0;1024.04;1021.0;1022.52;0.0
2023-03-01;8.4;4.1;1.6;2.3;0.7;-1.2;95.0;79.0;64.0;12.9;1.6;0.0;1021.67;1014.9;1018.285;1.52
2023-03-02;9.2;5.6;2.2;4.5;3.3;1.4;95.0;86.0;71.0;12.9;2.0;0.0;1019.3;1016.93;1018.115;0.0
2023-03-03;13.8;8.8;3.8;5.8;4.3;2.4;92.0;75.0;56.0;9.7;1.4;0.0;1018.63;1015.24;1016.935;0.0
2023-03-04;14.1;9.5;5.1;5.8;4.5;2.8;87.0;72.0;55.0;9.7;0.9;0.0;1018.63;1013.21;1015.9200000000001;0.0
2023-03-05;14.4;9.6;5.3;5.3;4.2;2.9;86.0;70.0;52.0;8.0;1.2;0.0;1013.88;1007.45;1010.665;0.0
2023-03-06;12.6;9.1;6.9;5.3;4.3;3.5;81.0;73.0;57.0;12.9;2.5;0.0;1007.79;1003.39;1005.5899999999999;0.0
2023-03-07;12.9;9.0;6.7;6.5;4.6;3.6;83.0;74.0;57.0;11.3;1.4;0.0;1005.08;1002.03;1003.5550000000001;0.51
2023-03-08;12.6;9.8;5.9;6.4;4.7;3.1;83.0;71.0;61.0;8.0;0.7;0.0;1006.1;1003.05;1004.575;0.0
2023-03-09;18.8;12.3;7.9;7.8;6.7;5.1;93.0;71.0;46.0;11.3;1.4;0.0;1005.42;1002.37;1003.895;1.02
2023-03-10;16.6;12.4;9.7;9.2;6.4;0.6;84.0;68.0;43.0;16.1;3.0;0.0;1003.73;996.61;1000.1700000000001;0.0
2023-03-11;20.3;15.5;10.6;7.1;1.6;-0.4;77.0;40.0;29.0;19.3;7.6;0.0;1005.08;995.94;1000.51;0.0
2023-03-12;15.6;10.9;7.2;7.1;5.1;3.2;80.0;68.0;53.0;14.5;2.3;0.0;1018.29;1005.42;1011.855;0.0
2023-03-13;15.8;10.7;7.7;7.8;6.1;4.3;96.0;74.0;58.0;8.0;1.3;0.0;1018.96;1009.48;1014.22;1.52
2023-03-14;13.9;10.5;7.6;9.4;6.5;-3.6;98.0;80.0;32.0;24.1;4.5;0.0;1009.48;1000.68;1005.0799999999999;17.27
2023-03-15;13.0;10.5;7.7;-1.8;-8.7;-15.0;48.0;27.0;14.0;38.6;10.0;0.0;1017.61;1004.74;1011.175;0.0
2023-03-16;13.3;9.3;5.8;0.9;-2.7;-7.6;61.0;44.0;34.0;11.3;1.9;0.0;1023.71;1017.27;1020.49;0.0
2023-03-17;13.1;8.9;4.8;1.7;-0.7;-3.5;63.0;52.0;39.0;11.3;1.2;0.0;1023.71;1019.64;1021.675;0.0
2023-03-18;15.5;10.4;5.9;2.7;1.4;0.2;70.0;55.0;39.0;8.0;1.0;0.0;1019.64;1016.59;1018.115;0.0
2023-03-19;14.8;10.6;5.8;6.9;4.5;1.0;84.0;67.0;52.0;8.0;0.9;0.0;1020.32;1017.95;1019.135;0.0
2023-03-20;15.4;10.5;6.7;8.5;6.8;4.9;92.0;78.0;61.0;9.7;1.1;0.0;1020.32;1018.29;1019.3050000000001;0.0
2023-03-21;18.1;13.3;8.9;8.7;6.8;5.7;84.0;66.0;46.0;9.7;0.9;0.0;1019.98;1014.9;1017.44;0.0
2023-03-22;20.2;15.1;10.8;8.8;6.8;5.0;73.0;59.0;44.0;12.9;1.1;0.0;1016.59;1013.21;1014.9000000000001;0.0
2023-03-23;18.8;13.9;10.1;10.0;7.4;4.5;82.0;66.0;53.0;9.7;1.6;0.0;1016.26;1013.55;1014.905;0.0
2023-03-24;14.1;12.1;10.4;10.1;9.2;8.1;89.0;83.0;76.0;9.7;2.0;0.0;1016.26;1011.85;1014.0550000000001;0.0
2023-03-25;19.9;15.0;10.1;10.2;3.6;-4.2;91.0;53.0;23.0;22.5;4.9;0.0;1013.21;1009.82;1011.5150000000001;0.0
2023-03-26;14.4;10.4;7.3;8.7;5.2;-4.0;93.0;73.0;28.0;14.5;3.8;0.0;1011.18;1002.03;1006.605;2.29
2023-03-27;15.9;11.2;6.6;4.2;-3.6;-12.7;85.0;39.0;17.0;33.8;12.4;0.0;1017.95;1002.03;1009.99;0.0
2023-03-28;15.4;10.3;6.1;-3.6;-8.3;-11.4;43.0;27.0;17.0;33.8;5.7;0.0;1024.38;1017.95;1021.1650000000001;0.0
2023-03-29;16.0;11.3;6.8;7.6;2.7;-4.1;77.0;56.0;42.0;12.9;2.4;0.0;1024.72;1021.0;1022.86;0.0
2023-03-30;12.4;11.3;10.1;10.4;9.0;7.2;95.0;86.0;77.0;9.7;2.7;0.0;1023.03;1018.29;1020.66;0.76
2023-03-31;12.3;10.6;8.4;8.7;7.6;6.8;91.0;82.0;74.0;11.3;1.8;0.0;1018.29;1005.42;1011.855;0.0
2023-04-01;19.8;13.1;6.6;7.1;2.7;-2.6;92.0;55.0;24.0;14.5;3.8;0.0;1006.1;1003.73;1004.915;0.0
2023-04-02;17.7;13.1;7.7;7.1;4.0;-0.8;72.0;55.0;39.0;14.5;2.6;0.0;1013.21;1004.74;1008.975;0.0
2023-04-03;16.4;12.0;8.3;7.3;4.8;0.1;75.0;62.0;50.0;17.7;4.2;0.0;1014.22;1009.82;1012.02;0.0
2023-04-04;11.2;7.5;4.7;1.5;-0.6;-2.6;67.0;57.0;45.0;14.5;3.1;0.0;1017.61;1014.22;1015.915;0.0
2023-04-05;10.8;6.7;3.4;-0.7;-2.3;-4.3;61.0;53.0;43.0;11.3;1.8;0.0;1019.3;1016.26;1017.78;0.0
2023-04-06;14.0;8.4;2.3;-1.1;-3.7;-8.6;61.0;43.0;31.0;16.1;2.1;0.0;1019.98;1016.26;1018.12;0.0
2023-04-07;14.2;9.1;5.1;5.1;2.2;-2.4;79.0;64.0;34.0;14.5;1.4;0.0;1017.27;1013.88;1015.575;0.0
2023-04-08;16.9;11.0;6.2;5.6;3.9;2.5;81.0;64.0;42.0;16.1;2.2;0.0;1019.3;1014.9;1017.0999999999999;0.0
2023-04-09;15.6;11.0;6.4;6.6;4.6;2.9;81.0;66.0;48.0;16.1;2.6;0.0;1022.69;1018.63;1020.6600000000001;0.0
2023-04-10;15.9;11.3;6.7;3.9;2.6;0.7;70.0;56.0;39.0;14.5;2.5;0.0;1024.38;1021.0;1022.69;0.0
2023-04-11;18.7;13.9;9.7;9.4;5.6;2.7;82.0;58.0;43.0;11.3;1.7;0.0;1021.33;1010.84;1016.085;0.0
2023-04-12;14.9;11.8;8.8;8.8;6.8;4.4;94.0;73.0;56.0;16.1;2.7;0.0;1011.51;1004.74;1008.125;1.78
2023-04-13;9.6;8.4;6.3;8.2;5.6;-0.3;98.0;85.0;52.0;35.4;3.7;0.0;1004.74;1000.34;1002.54;9.91
2023-04-14;17.8;11.2;3.3;6.3;-0.5;-5.2;93.0;53.0;21.0;25.7;3.5;0.0;1004.4;1002.03;1003.2149999999999;0.0
2023-04-15;16.7;11.7;7.3;6.6;2.5;-4.1;74.0;54.0;37.0;19.3;1.6;0.0;1010.5;1003.73;1007.115;0.0
2023-04-16;18.3;12.5;6.7;7.7;5.9;3.8;83.0;65.0;46.0;11.3;2.2;0.0;1014.9;1010.5;1012.7;0.0
2023-04-17;17.7;13.5;8.8;5.2;3.5;2.3;70.0;52.0;37.0;11.3;2.1;0.0;1015.24;1013.55;1014.395;0.0
2023-04-18;20.6;15.3;10.4;6.9;4.8;3.3;63.0;50.0;36.0;16.1;2.0;0.0;1016.93;1013.55;1015.24;0.0
2023-04-19;21.3;15.9;10.2;9.3;6.8;3.9;92.0;56.0;39.0;16.1;2.3;0.0;1017.27;1008.81;1013.04;7.62
2023-04-20;10.3;9.3;7.6;9.4;8.5;6.4;98.0;95.0;88.0;19.3;4.8;0.0;1012.87;1009.14;1011.005;47.75
2023-04-21;16.1;11.2;7.7;10.9;8.8;7.3;99.0;86.0;65.0;14.5;2.4;0.0;1015.92;1012.87;1014.395;7.87
2023-04-22;19.7;14.7;9.2;10.5;8.7;6.9;86.0;69.0;49.0;9.7;1.2;0.0;1015.58;1012.53;1014.0550000000001;0.0
2023-04-23;20.4;16.1;12.7;11.1;9.9;8.1;84.0;68.0;49.0;11.3;1.6;0.0;1013.21;1007.45;1010.33;0.0
2023-04-24;22.2;15.5;9.7;10.4;7.7;-0.2;95.0;63.0;34.0;14.5;2.5;0.0;1007.45;1004.74;1006.095;4.32
2023-04-25;16.2;13.0;8.7;10.3;7.8;4.8;89.0;72.0;55.0;14.5;2.4;0.0;1011.85;1006.77;1009.31;3.05
2023-04-26;19.4;13.8;7.2;7.5;3.1;-0.9;90.0;52.0;27.0;9.7;1.5;0.0;1015.24;1011.51;1013.375;0.0
2023-04-27;19.9;15.0;10.9;7.9;5.3;2.2;62.0;53.0;43.0;16.1;1.7;0.0;1018.63;1015.24;1016.935;0.0
2023-04-28;21.0;15.8;11.2;11.4;7.5;5.4;82.0;59.0;42.0;9.7;1.5;0.0;1019.64;1014.56;1017.0999999999999;0.0
2023-04-29;19.6;15.9;13.1;14.0;12.4;11.0;89.0;81.0;66.0;12.9;1.9;0.0;1015.92;1012.19;1014.0550000000001;0.0
2023-04-30;18.8;16.1;13.9;13.5;12.2;10.1;92.0;78.0;64.0;12.9;2.9;0.0;1015.24;1013.88;1014.56;0.0
2023-05-01;16.8;14.0;10.8;11.7;10.3;7.9;94.0;79.0;57.0;12.9;1.8;0.0;1015.24;1013.55;1014.395;5.33
2023-05-02;19.6;13.9;10.3;12.2;10.8;9.4;97.0;83.0;57.0;11.3;2.6;0.0;1019.3;1013.88;1016.5899999999999;11.43
2023-05-03;20.5;15.6;10.1;11.4;10.7;9.0;95.0;74.0;53.0;12.9;2.2;0.0;1021.33;1018.96;1020.145;0.0
2023-05-04;22.4;17.5;13.5;11.5;10.8;10.0;82.0;66.0;49.0;9.7;1.3;0.0;1021.67;1017.95;1019.81;0.0
2023-05-05;24.2;19.0;13.8;13.1;11.7;9.8;80.0;64.0;48.0;11.3;1.3;0.0;1020.32;1015.58;1017.95;0.0
2023-05-06;25.4;20.2;14.4;13.7;11.9;9.7;80.0;61.0;46.0;12.9;1.2;0.0;1016.26;1012.87;1014.565;0.0
2023-05-07;24.1;19.3;13.3;15.9;13.6;11.6;93.0;71.0;52.0;27.4;3.5;0.0;1016.26;1013.88;1015.0699999999999;7.87
2023-05-08;20.4;17.0;14.2;15.2;13.7;11.8;94.0;81.0;68.0;16.1;2.2;0.0;1018.96;1015.24;1017.1;1.27
2023-05-09;19.6;16.2;11.9;13.8;12.6;11.6;98.0;81.0;67.0;22.5;3.8;0.0;1019.3;1012.19;1015.745;19.05
2023-05-10;12.3;11.4;10.3;12.1;11.1;9.9;99.0;98.0;94.0;25.7;3.2;0.0;1012.53;1011.18;1011.855;17.78
2023-05-11;16.8;13.0;10.6;12.0;11.1;9.9;98.0;89.0;70.0;19.3;1.9;0.0;1012.53;1008.47;1010.5;7.87
2023-05-12;15.4;11.6;9.9;12.2;10.3;9.3;98.0;92.0;76.0;14.5;1.8;0.0;1016.26;1011.18;1013.72;12.19
2023-05-13;19.3;12.9;9.8;11.5;9.7;8.5;95.0;82.0;54.0;14.5;2.3;0.0;1017.95;1014.9;1016.425;16.51
2023-05-14;18.0;12.6;10.3;11.8;10.3;8.7;98.0;87.0;61.0;12.9;2.4;0.0;1016.59;1009.14;1012.865;11.94
2023-05-15;20.8;15.4;9.6;13.1;10.9;8.7;98.0;76.0;55.0;12.9;2.0;0.0;1010.84;1006.77;1008.8050000000001;0.0
2023-05-16;17.3;14.7;12.7;13.3;11.5;9.1;89.0;82.0;75.0;16.1;1.4;0.0;1007.45;1003.73;1005.59;0.0
2023-05-17;16.3;13.8;11.7;12.5;11.5;10.1;95.0;86.0;76.0;16.1;1.2;0.0;1016.26;1006.77;1011.515;0.0
2023-05-18;19.2;14.7;11.3;11.9;10.4;8.0;96.0;77.0;55.0;12.9;1.5;0.0;1018.63;1016.26;1017.4449999999999;1.52
2023-05-19;15.4;13.4;11.9;12.3;11.3;9.8;98.0;88.0;73.0;8.0;0.8;0.0;1018.63;1017.27;1017.95;13.72
2023-05-20;14.5;13.1;11.5;13.7;12.4;11.2;99.0;96.0;88.0;11.3;2.4;0.0;1018.29;1014.22;1016.255;4.83
2023-05-21;24.5;17.6;13.2;15.1;13.0;11.6;97.0;77.0;50.0;12.9;3.3;0.0;1015.58;1012.19;1013.885;0.51
2023-05-22;25.8;20.5;13.9;15.2;13.3;11.9;96.0;66.0;44.0;22.5;3.6;0.0;1014.56;1011.51;1013.035;7.87
2023-05-23;28.1;22.3;17.8;16.3;14.0;11.7;76.0;60.0;43.0;11.3;2.0;0.0;1013.21;1010.5;1011.855;0.0
2023-05-24;25.6;19.3;13.5;16.1;13.5;11.8;97.0;71.0;52.0;16.1;2.7;0.0;1014.9;1010.16;1012.53;18.29
2023-05-25;24.2;18.5;13.4;14.7;13.1;11.3;96.0;73.0;52.0;14.5;2.4;0.0;1019.64;1014.22;1016.9300000000001;0.0
2023-05-26;27.6;21.4;13.6;15.7;13.8;11.3;91.0;64.0;41.0;11.3;1.4;0.0;1019.3;1015.58;1017.44;0.0
2023-05-27;25.5;20.5;17.2;16.4;14.9;12.2;91.0;72.0;53.0;16.1;3.8;0.0;1019.3;1014.9;1017.0999999999999;4.32
2023-05-28;25.2;19.5;16.2;16.6;15.3;14.1;94.0;78.0;52.0;20.9;2.0;0.0;1016.93;1011.51;1014.22;7.11
2023-05-29;25.7;20.3;16.3;15.4;13.9;11.6;87.0;68.0;49.0;14.5;3.2;0.0;1015.58;1013.21;1014.395;0.0
2023-05-30;25.3;21.0;17.6;15.3;13.9;12.1;79.0;64.0;49.0;14.5;2.5;0.0;1016.59;1012.87;1014.73;0.0
2023-05-31;24.3;19.4;14.6;15.9;13.0;10.8;91.0;68.0;45.0;16.1;3.2;0.0;1017.95;1015.92;1016.935;4.32
2023-06-01;26.6;21.8;16.8;15.3;13.5;11.8;75.0;60.0;45.0;11.3;1.6;0.0;1017.61;1011.85;1014.73;0.0
2023-06-02;28.4;22.1;16.3;16.0;14.1;12.4;78.0;62.0;39.0;17.7;2.5;0.0;1012.87;1009.82;1011.345;0.51
2023-06-03;24.1;20.0;16.0;15.8;14.1;12.2;86.0;70.0;53.0;19.3;2.9;0.0;1015.24;1011.51;1013.375;0.0
2023-06-04;24.1;18.1;13.6;18.2;14.7;13.0;98.0;82.0;53.0;11.3;2.2;0.0;1017.27;1014.56;1015.915;25.91
2023-06-05;19.2;16.8;14.3;16.2;14.8;13.4;96.0;88.0;78.0;11.3;1.5;0.0;1016.93;1014.22;1015.575;0.51
2023-06-06;25.8;20.0;14.6;16.1;14.7;13.2;94.0;73.0;50.0;14.5;2.1;0.0;1015.92;1012.87;1014.395;0.0
2023-06-07;25.8;20.1;15.3;16.9;15.2;13.3;97.0;75.0;47.0;9.7;1.6;0.0;1016.59;1013.55;1015.0699999999999;6.1
2023-06-08;26.9;21.1;14.6;15.7;14.3;12.3;92.0;67.0;46.0;17.7;2.2;0.0;1015.58;1010.16;1012.87;3.05
2023-06-09;25.5;21.4;18.0;17.8;15.5;14.1;82.0;70.0;51.0;14.5;1.5;0.0;1012.19;1009.82;1011.0050000000001;0.0
2023-06-10;25.4;21.5;18.4;18.4;17.0;15.7;87.0;76.0;63.0;12.9;1.9;0.0;1011.51;1008.81;1010.16;0.0
2023-06-11;27.5;22.2;16.2;18.4;16.7;15.1;94.0;73.0;51.0;16.1;2.7;0.0;1012.87;1009.82;1011.345;0.51
2023-06-12;27.2;22.0;16.7;17.5;16.2;14.9;96.0;72.0;48.0;11.3;2.3;0.0;1013.55;1008.81;1011.18;7.87
2023-06-13;23.1;19.2;15.0;17.6;15.8;14.3;98.0;82.0;61.0;32.2;3.7;0.0;1010.5;1008.13;1009.315;22.1
2023-06-14;25.8;20.1;14.9;17.3;15.5;14.4;98.0;77.0;53.0;12.9;2.2;0.0;1012.53;1008.81;1010.67;27.69
2023-06-15;26.6;21.6;17.2;17.4;15.7;14.1;85.0;70.0;51.0;9.7;1.7;0.0;1013.88;1011.18;1012.53;0.0
2023-06-16;29.2;23.3;17.4;16.0;13.6;9.2;86.0;57.0;31.0;17.7;2.6;0.0;1014.9;1010.5;1012.7;0.0
2023-06-17;29.3;23.6;16.8;13.6;11.1;5.2;74.0;47.0;31.0;11.3;2.3;0.0;1014.56;1011.51;1013.035;0.0
2023-06-18;29.4;23.6;17.9;17.6;14.5;11.2;77.0;58.0;39.0;12.9;1.5;0.0;1015.58;1013.55;1014.565;0.0
2023-06-19;29.3;24.2;19.1;18.7;17.0;14.4;84.0;65.0;49.0;11.3;1.7;0.0;1015.58;1013.88;1014.73;0.0
2023-06-20;30.8;25.7;21.3;17.6;14.6;12.2;75.0;52.0;34.0;16.1;3.7;0.0;1017.27;1014.9;1016.085;0.0
2023-06-21;30.8;25.8;20.3;17.9;15.4;13.1;72.0;54.0;38.0;12.9;2.4;0.0;1017.61;1015.58;1016.595;0.0
2023-06-22;32.8;27.3;22.9;20.9;17.7;15.9;70.0;57.0;39.0;9.7;1.5;0.0;1018.29;1012.19;1015.24;0.0
2023-06-23;30.9;26.5;21.0;18.8;13.1;6.4;81.0;48.0;26.0;29.0;7.3;0.0;1015.24;1011.85;1013.5450000000001;0.0
2023-06-24;31.7;26.6;21.5;14.0;9.5;5.6;55.0;35.0;25.0;22.5;3.1;0.0;1017.95;1014.22;1016.085;0.0
2023-06-25;29.6;24.9;20.2;15.9;14.3;13.2;65.0;52.0;41.0;16.1;2.8;0.0;1017.61;1013.55;1015.5799999999999;0.0
2023-06-26;32.9;27.1;21.2;18.8;16.5;14.2;66.0;53.0;40.0;9.7;1.4;0.0;1015.24;1011.85;1013.5450000000001;0.0
2023-06-27;33.1;28.0;24.2;19.3;17.3;13.2;64.0;53.0;31.0;11.3;1.8;0.0;1013.21;1007.45;1010.33;0.0
2023-06-28;26.9;23.1;18.6;17.1;16.2;15.3;84.0;66.0;51.0;17.7;3.4;0.0;1015.92;1009.48;1012.7;0.0
2023-06-29;28.3;23.2;20.0;16.8;14.7;12.0;81.0;61.0;41.0;11.3;2.7;0.0;1016.93;1012.87;1014.9;0.25
2023-06-30;23.2;18.9;16.7;18.8;16.8;15.6;97.0;88.0;71.0;9.7;1.3;0.0;1012.87;1009.48;1011.175;19.05
2023-07-01;27.4;21.0;16.3;18.3;17.1;15.6;98.0;81.0;56.0;11.3;1.5;0.0;1009.82;1006.1;1007.96;1.27
2023-07-02;29.9;24.5;19.5;19.4;17.9;16.4;86.0;68.0;46.0;9.7;1.5;0.0;1009.82;1007.79;1008.8050000000001;0.0
2023-07-03;29.3;23.6;18.2;21.2;18.0;16.2;91.0;72.0;52.0;17.7;2.4;0.0;1012.53;1009.14;1010.835;3.3
2023-07-04;27.7;22.1;16.9;20.1;17.8;16.1;98.0;78.0;55.0;11.3;1.9;0.0;1014.9;1011.51;1013.2049999999999;11.68
2023-07-05;28.0;22.2;16.0;19.7;16.5;14.4;95.0;72.0;51.0;12.9;2.1;0.0;1014.9;1010.84;1012.87;5.59
2023-07-06;23.8;19.9;16.7;17.8;16.7;15.3;99.0;83.0;65.0;11.3;1.4;0.0;1018.63;1012.19;1015.4100000000001;21.34
2023-07-07;28.7;23.1;17.2;17.7;15.6;12.6;84.0;64.0;46.0;12.9;1.5;0.0;1020.66;1018.29;1019.4749999999999;0.0
2023-07-08;30.6;25.0;18.6;18.6;16.9;14.4;89.0;62.0;41.0;9.7;1.7;0.0;1021.0;1017.95;1019.475;2.29
2023-07-09;33.4;27.3;21.8;20.8;18.5;16.6;77.0;60.0;42.0;9.7;1.2;0.0;1020.66;1017.95;1019.3050000000001;0.0
2023-07-10;34.4;29.5;24.8;21.9;20.2;18.3;70.0;58.0;44.0;8.0;1.2;0.0;1019.98;1015.58;1017.78;0.0
2023-07-11;34.5;29.4;23.9;22.0;20.6;18.3;79.0;61.0;42.0;9.7;1.1;0.0;1016.93;1012.53;1014.73;0.0
2023-07-12;28.4;24.8;17.4;20.9;19.0;16.2;98.0;71.0;54.0;33.8;4.0;0.0;1017.61;1009.82;1013.715;9.4
2023-07-13;28.7;22.9;17.4;20.4;18.3;16.4;96.0;77.0;59.0;20.9;1.9;0.0;1014.9;1010.84;1012.87;6.86
2023-07-14;26.9;23.4;20.6;19.6;17.9;16.2;89.0;72.0;58.0;12.9;2.3;0.0;1017.27;1014.9;1016.085;0.0
2023-07-15;31.1;26.5;21.6;21.2;19.0;17.8;83.0;65.0;48.0;9.7;1.4;0.0;1016.26;1013.21;1014.735;0.0
2023-07-16;32.8;28.1;22.9;22.1;19.8;17.5;81.0;62.0;43.0;11.3;1.4;0.0;1014.9;1012.87;1013.885;0.0
2023-07-17;33.9;28.5;22.8;22.5;20.4;18.6;79.0;62.0;43.0;11.3;1.5;0.0;1016.26;1013.88;1015.0699999999999;0.0
2023-07-18;32.9;27.7;22.1;23.6;22.1;20.4;91.0;73.0;56.0;14.5;2.1;0.0;1017.27;1012.53;1014.9;0.0
2023-07-19;33.3;28.7;24.1;24.2;22.8;21.1;87.0;71.0;52.0;14.5;1.7;0.0;1014.56;1005.76;1010.16;0.0
2023-07-20;32.1;27.0;22.0;21.3;19.5;16.0;83.0;65.0;39.0;9.7;2.1;0.0;1009.14;1006.1;1007.62;0.0
2023-07-21;28.4;23.0;17.8;22.3;19.2;17.3;98.0;81.0;57.0;24.1;2.4;0.0;1010.16;1005.42;1007.79;53.09
2023-07-22;28.3;23.3;18.5;19.7;18.5;16.0;98.0;76.0;57.0;8.0;1.5;0.0;1013.55;1010.16;1011.855;0.0
2023-07-23;29.8;24.7;20.7;20.2;19.0;17.7;88.0;72.0;50.0;11.3;1.3;0.0;1015.58;1012.53;1014.0550000000001;0.0
2023-07-24;24.9;21.6;18.0;19.9;18.6;17.2;97.0;84.0;66.0;27.4;2.9;0.0;1014.9;1003.39;1009.145;36.83
2023-07-25;27.7;21.7;16.1;20.2;17.9;8.9;99.0;81.0;42.0;24.1;2.8;0.0;1005.08;998.98;1002.03;12.7
2023-07-26;27.2;23.4;19.4;8.6;6.0;3.4;43.0;33.0;24.0;25.7;8.2;0.0;1011.51;1001.69;1006.6;0.0
2023-07-27;26.0;21.4;16.8;15.2;12.3;3.4;79.0;58.0;31.0;14.5;2.4;0.0;1015.58;1011.51;1013.5450000000001;0.0
2023-07-28;28.6;23.8;18.9;17.7;15.1;13.4;78.0;59.0;44.0;11.3;1.3;0.0;1013.55;1011.18;1012.365;0.0
2023-07-29;29.3;24.4;18.8;19.9;18.7;17.1;95.0;72.0;54.0;11.3;1.9;0.0;1013.55;1010.16;1011.855;24.89
2023-07-30;29.4;23.6;18.1;20.6;19.1;17.8;98.0;78.0;56.0;11.3;1.6;0.0;1012.53;1009.82;1011.175;11.43
2023-07-31;29.2;24.8;21.1;20.4;19.4;17.7;91.0;73.0;55.0;9.7;1.6;0.0;1012.87;1009.14;1011.005;0.0
2023-08-01;27.7;23.7;19.2;20.4;19.5;18.2;98.0;78.0;63.0;14.5;2.1;0.0;1009.14;1001.36;1005.25;0.76
2023-08-02;27.6;23.4;19.4;20.4;19.0;17.6;92.0;77.0;63.0;16.1;2.5;0.0;1006.77;1003.05;1004.91;0.0
2023-08-03;29.1;24.6;21.4;21.1;18.9;15.8;84.0;71.0;56.0;12.9;2.0;0.0;1005.08;1001.69;1003.385;0.0
2023-08-04;24.5;22.2;17.6;17.8;15.6;13.4;86.0;67.0;53.0;14.5;3.7;0.0;1007.45;1003.73;1005.59;1.27
2023-08-05;25.6;19.7;15.1;18.1;15.6;13.6;95.0;79.0;59.0;17.7;3.3;0.0;1007.79;1003.73;1005.76;0.25
2023-08-06;27.2;22.4;17.2;15.4;8.7;2.8;85.0;47.0;24.0;25.7;7.2;0.0;1009.14;1003.73;1006.435;0.0
2023-08-07;24.9;21.4;17.8;5.1;3.2;1.4;36.0;31.0;24.0;29.0;12.2;0.0;1014.9;1008.81;1011.855;0.0
2023-08-08;26.3;21.7;16.7;9.7;6.5;2.6;50.0;38.0;30.0;16.1;1.8;0.0;1016.93;1014.56;1015.7449999999999;0.0
2023-08-09;28.3;22.8;17.6;14.3;11.4;8.4;63.0;49.0;34.0;9.7;1.2;0.0;1016.26;1013.55;1014.905;0.0
2023-08-10;28.0;23.3;18.4;17.6;15.6;11.7;76.0;63.0;50.0;11.3;1.6;0.0;1019.3;1015.58;1017.44;0.0
2023-08-11;29.3;24.2;19.3;18.8;17.3;15.4;83.0;67.0;51.0;9.7;1.4;0.0;1021.67;1019.3;1020.4849999999999;0.0
2023-08-12;31.1;25.6;20.6;19.4;17.9;15.7;79.0;64.0;47.0;8.0;1.1;0.0;1021.67;1016.59;1019.13;0.0
2023-08-13;31.6;26.8;21.7;19.9;18.5;16.2;78.0;62.0;46.0;12.9;1.2;0.0;1018.63;1015.58;1017.105;0.0
2023-08-14;32.4;27.3;22.9;20.9;18.8;16.3;79.0;61.0;40.0;9.7;1.4;0.0;1017.61;1015.24;1016.425;0.0
2023-08-15;32.7;27.6;22.1;20.2;18.4;15.8;76.0;58.0;44.0;14.5;1.7;0.0;1017.27;1013.55;1015.41;0.0
2023-08-16;32.0;27.3;23.2;20.9;19.0;15.2;72.0;61.0;50.0;11.3;2.6;0.0;1016.93;1014.22;1015.575;0.0
2023-08-17;32.7;26.2;21.4;20.5;17.7;15.1;80.0;61.0;42.0;32.2;3.1;0.0;1016.59;1012.87;1014.73;0.0
2023-08-18;32.3;26.8;22.1;20.7;18.2;15.9;70.0;60.0;44.0;9.7;2.0;0.0;1015.58;1013.21;1014.395;0.0
2023-08-19;33.6;27.9;23.4;21.7;20.0;18.5;76.0;63.0;46.0;12.9;1.3;0.0;1017.27;1014.56;1015.915;0.0
2023-08-20;33.6;28.7;24.2;21.7;20.7;19.8;77.0;63.0;49.0;9.7;1.1;0.0;1019.64;1016.59;1018.115;0.0
2023-08-21;35.2;29.9;25.4;21.9;20.2;18.2;72.0;58.0;41.0;9.7;1.1;0.0;1020.32;1016.59;1018.455;0.0
2023-08-22;36.5;30.7;26.4;21.7;19.6;17.7;65.0;53.0;34.0;9.7;1.2;0.0;1018.29;1014.22;1016.255;0.0
2023-08-23;36.3;31.2;26.3;21.8;19.8;17.6;63.0;52.0;41.0;9.7;1.3;0.0;1015.58;1012.19;1013.885;0.0
2023-08-24;35.9;30.9;27.1;21.2;19.3;17.1;64.0;51.0;38.0;8.0;0.9;0.0;1015.24;1011.85;1013.5450000000001;0.0
2023-08-25;34.4;30.0;26.5;20.7;18.4;15.3;63.0;51.0;37.0;11.3;1.6;0.0;1013.21;1009.14;1011.175;0.0
2023-08-26;31.8;26.0;20.1;21.8;18.4;15.1;98.0;65.0;46.0;14.5;1.8;0.0;1010.84;1006.77;1008.8050000000001;9.91
2023-08-27;23.6;21.2;17.8;20.7;18.6;17.2;98.0;86.0;73.0;19.3;4.1;0.0;1008.81;1004.06;1006.435;39.88
2023-08-28;22.1;18.1;14.8;18.3;15.6;12.8;96.0;86.0;75.0;32.2;7.0;0.0;1004.4;996.95;1000.675;23.37
2023-08-29;24.3;18.0;14.6;15.2;13.1;7.5;96.0;75.0;36.0;14.5;1.4;0.0;1004.06;998.98;1001.52;0.25
2023-08-30;24.1;19.3;15.2;14.1;12.0;8.9;78.0;64.0;46.0;9.7;1.3;0.0;1008.47;1003.73;1006.1;0.0
2023-08-31;25.1;20.2;14.8;16.1;14.3;12.2;86.0;70.0;52.0;11.3;1.1;0.0;1016.26;1008.47;1012.365;0.0
2023-09-01;26.3;21.1;16.5;16.8;15.2;13.7;86.0;70.0;53.0;9.7;1.4;0.0;1018.96;1016.26;1017.61;0.0
2023-09-02;27.6;22.4;17.4;17.9;15.8;14.9;86.0;68.0;48.0;11.3;1.0;0.0;1021.0;1018.63;1019.815;0.0
2023-09-03;29.2;23.9;18.9;18.4;17.0;15.2;81.0;66.0;51.0;9.7;1.1;0.0;1022.35;1019.64;1020.995;0.0
2023-09-04;27.7;23.9;20.9;20.0;18.6;17.5;82.0;73.0;61.0;9.7;1.5;0.0;1022.35;1018.96;1020.655;0.0
2023-09-05;24.2;21.0;19.3;18.0;13.8;12.1;75.0;64.0;51.0;14.5;2.8;0.0;1022.69;1019.64;1021.165;0.0
2023-09-06;28.0;21.9;15.9;15.4;14.1;12.8;84.0;63.0;40.0;9.7;1.3;0.0;1022.69;1018.63;1020.6600000000001;0.0
2023-09-07;27.5;23.4;19.5;16.8;15.1;13.4;68.0;60.0;50.0;9.7;0.9;0.0;1021.0;1018.29;1019.645;0.0
2023-09-08;28.4;23.8;20.0;16.2;15.0;13.1;71.0;58.0;46.0;8.0;0.8;0.0;1020.66;1016.93;1018.795;0.0
2023-09-09;29.1;24.1;19.8;17.2;15.9;14.4;74.0;61.0;47.0;6.4;0.8;0.0;1018.63;1016.59;1017.61;0.0
2023-09-10;29.6;24.6;20.6;19.0;17.4;15.3;78.0;65.0;52.0;8.0;1.0;0.0;1018.29;1015.58;1016.935;0.0
2023-09-11;29.7;24.8;20.9;19.8;17.9;16.3;79.0;66.0;49.0;11.3;1.0;0.0;1016.93;1012.19;1014.56;0.0
2023-09-12;29.2;24.1;20.1;19.6;17.1;14.3;84.0;67.0;43.0;12.9;1.3;0.0;1014.56;1012.53;1013.545;0.0
2023-09-13;23.1;20.1;18.1;18.2;17.2;15.8;94.0;84.0;70.0;14.5;2.2;0.0;1017.27;1013.21;1015.24;4.83
2023-09-14;26.4;20.7;16.1;18.2;17.1;15.4;97.0;82.0;58.0;14.5;1.2;0.0;1018.29;1015.92;1017.105;0.51
2023-09-15;24.2;19.1;15.4;18.2;16.5;15.1;99.0;86.0;63.0;12.9;3.0;0.0;1019.3;1016.93;1018.115;38.1
2023-09-16;25.4;20.8;18.3;18.3;17.1;16.1;95.0;80.0;59.0;9.7;1.2;0.0;1018.96;1016.59;1017.7750000000001;3.56
2023-09-17;26.2;21.3;17.9;19.4;18.4;17.2;97.0;85.0;65.0;9.7;1.1;0.0;1019.3;1016.93;1018.115;2.29
2023-09-18;23.1;20.3;17.6;19.9;18.4;17.1;98.0;89.0;81.0;19.3;2.8;0.0;1018.29;1009.82;1014.0550000000001;30.48
2023-09-19;26.4;21.1;16.4;19.5;17.7;15.9;98.0;82.0;59.0;6.4;0.6;0.0;1014.9;1011.51;1013.2049999999999;0.25
2023-09-20;23.6;20.0;17.9;18.1;17.2;16.6;94.0;85.0;67.0;14.5;1.6;0.0;1016.26;1012.53;1014.395;0.51
2023-09-21;21.2;18.3;16.9;18.2;16.3;14.8;98.0;88.0;74.0;11.3;2.6;0.0;1012.53;1005.76;1009.145;9.65
2023-09-22;18.7;17.1;14.9;18.1;15.9;13.8;99.0;93.0;83.0;20.9;5.6;0.0;1006.43;1002.71;1004.5699999999999;90.42
2023-09-23;20.7;17.1;15.1;13.9;10.8;6.2;89.0;67.0;51.0;22.5;5.0;0.0;1015.58;1005.76;1010.6700000000001;0.0
2023-09-24;22.7;18.1;14.2;10.6;7.7;4.7;64.0;51.0;38.0;14.5;1.6;0.0;1020.32;1015.58;1017.95;0.0
2023-09-25;23.9;17.9;12.0;12.2;10.3;7.2;82.0;62.0;43.0;12.9;2.0;0.0;1022.69;1020.32;1021.5050000000001;0.0
2023-09-26;24.7;19.8;14.5;15.2;12.8;9.2;75.0;65.0;54.0;9.7;1.2;0.0;1022.69;1019.98;1021.335;0.0
2023-09-27;26.4;21.7;17.5;14.8;13.9;12.6;76.0;62.0;47.0;8.0;1.6;0.0;1021.33;1018.63;1019.98;0.0
2023-09-28;26.0;21.4;16.2;14.7;13.5;11.7;86.0;62.0;48.0;8.0;0.8;0.0;1020.32;1017.95;1019.135;0.0
2023-09-29;26.2;21.3;15.7;14.7;13.7;12.2;86.0;63.0;46.0;6.4;0.6;0.0;1022.35;1019.3;1020.825;0.0
2023-09-30;26.2;21.8;17.8;17.3;15.2;13.4;80.0;67.0;55.0;9.7;0.7;0.0;1022.01;1019.98;1020.995;0.0
2023-10-01;26.3;21.7;18.2;16.3;15.2;14.4;83.0;67.0;52.0;8.0;0.6;0.0;1024.72;1022.01;1023.365;0.0
2023-10-02;26.1;21.4;17.6;17.9;16.0;14.4;83.0;72.0;56.0;8.0;0.5;0.0;1025.4;1022.69;1024.045;0.0
2023-10-03;25.3;21.3;17.7;17.9;16.4;14.9;85.0;74.0;61.0;9.7;0.8;0.0;1023.71;1019.3;1021.505;0.0
2023-10-04;24.0;19.6;16.4;18.0;16.7;15.4;95.0;84.0;68.0;11.3;1.8;0.0;1024.72;1019.98;1022.35;0.0
2023-10-05;24.1;19.8;16.2;15.8;14.3;11.8;81.0;71.0;57.0;9.7;0.8;0.0;1025.06;1021.33;1023.1949999999999;0.0
2023-10-06;23.6;19.7;16.0;16.6;15.3;14.2;91.0;77.0;61.0;9.7;0.7;0.0;1025.74;1022.69;1024.2150000000001;0.0
2023-10-07;24.3;19.8;15.9;16.8;15.6;13.9;89.0;78.0;62.0;9.7;0.8;0.0;1024.38;1021.33;1022.855;0.0
2023-10-08;29.4;22.7;16.2;18.7;15.4;9.8;93.0;66.0;36.0;14.5;2.4;0.0;1024.04;1020.66;1022.3499999999999;0.0
2023-10-09;29.0;23.5;18.9;16.1;12.7;10.1;64.0;51.0;38.0;9.7;2.0;0.0;1022.01;1017.95;1019.98;0.0
2023-10-10;27.3;21.3;16.2;15.9;13.7;11.1;77.0;63.0;46.0;4.8;0.6;0.0;1021.0;1017.61;1019.3050000000001;0.0
2023-10-11;24.3;20.1;17.1;18.3;16.7;14.9;100.0;81.0;63.0;4.8;0.5;0.0;1022.01;1019.3;1020.655;0.0
2023-10-12;24.0;19.5;16.1;17.3;15.8;15.1;94.0;80.0;60.0;8.0;0.7;0.0;1021.33;1018.63;1019.98;0.0
2023-10-13;23.9;19.4;17.4;17.0;15.2;13.4;89.0;78.0;54.0;9.7;0.7;0.0;1021.67;1018.63;1020.15;0.0
2023-10-14;22.9;18.8;15.7;16.8;15.2;14.1;92.0;80.0;62.0;8.0;0.7;0.0;1018.63;1011.51;1015.0699999999999;0.0
2023-10-15;22.1;17.6;13.1;15.9;8.7;-3.1;91.0;63.0;21.0;37.0;5.6;0.0;1016.93;1008.47;1012.7;0.0
2023-10-16;16.5;13.1;10.4;8.7;6.3;4.6;81.0;64.0;47.0;11.3;1.9;0.0;1020.32;1016.93;1018.625;0.0
2023-10-17;16.3;12.3;7.7;7.2;5.2;2.7;76.0;63.0;49.0;6.4;0.6;0.0;1019.3;1016.26;1017.78;0.0
2023-10-18;12.3;11.2;9.9;9.6;8.0;5.9;97.0;81.0;68.0;4.8;0.1;0.0;1016.93;1011.85;1014.39;0.76
2023-10-19;12.1;11.1;10.1;11.9;10.7;9.5;99.0;97.0;96.0;8.0;0.6;0.0;1011.85;998.65;1005.25;10.41
2023-10-20;17.8;15.0;12.1;16.5;14.1;11.9;99.0;94.0;79.0;33.8;5.4;0.0;998.65;989.5;994.075;35.81
2023-10-21;18.7;16.1;11.5;15.1;13.2;10.8;98.0;83.0;74.0;17.7;2.7;0.0;1004.74;995.26;1000.0;36.07
2023-10-22;18.8;14.6;11.0;14.6;12.1;10.8;99.0;86.0;67.0;9.7;1.0;0.0;1015.58;1005.08;1010.33;22.1
2023-10-23;16.3;14.1;13.0;13.7;12.3;10.9;96.0;89.0;79.0;6.4;0.4;0.0;1017.95;1014.9;1016.425;1.02
2023-10-24;13.4;13.0;12.5;13.1;12.2;11.2;99.0;95.0;89.0;6.4;1.0;0.0;1015.92;1003.39;1009.655;18.8
2023-10-25;17.4;13.8;11.7;14.5;12.3;11.2;99.0;92.0;73.0;6.4;0.7;0.0;1006.1;1003.05;1004.575;0.25
2023-10-26;15.9;13.6;12.0;13.9;12.4;11.1;98.0;92.0;83.0;11.3;0.8;0.0;1003.05;995.94;999.495;8.13
2023-10-27;20.0;14.6;11.8;15.1;12.6;11.1;99.0;89.0;64.0;9.7;1.9;0.0;1000.0;991.2;995.6;15.24
2023-10-28;17.0;14.3;11.1;12.6;11.0;9.3;91.0;81.0;71.0;9.7;1.1;0.0;1010.5;1000.0;1005.25;0.0
2023-10-29;14.9;13.2;11.8;12.7;11.2;8.8;97.0;88.0;72.0;9.7;2.0;0.0;1014.22;1010.5;1012.36;3.05
2023-10-30;15.4;13.6;12.4;15.1;13.3;12.0;99.0;98.0;96.0;20.9;3.1;0.0;1013.55;998.31;1005.93;24.13
2023-10-31;16.3;12.5;8.0;14.4;9.7;6.7;99.0;84.0;62.0;40.2;5.7;0.0;1012.87;995.94;1004.405;32.77
2023-11-01;12.9;11.1;7.9;10.2;8.3;5.9;94.0;84.0;71.0;8.0;0.3;0.0;1014.9;1009.48;1012.19;0.51
2023-11-02;11.8;10.5;9.8;11.6;10.2;9.4;99.0;98.0;94.0;32.2;3.7;0.0;1009.14;985.44;997.29;40.89
2023-11-03;14.4;10.2;6.3;10.1;7.3;1.0;99.0;84.0;54.0;38.6;3.8;0.0;995.26;980.7;987.98;45.21
2023-11-04;11.8;8.2;6.3;7.4;5.0;2.4;97.0;81.0;62.0;11.3;0.9;0.0;999.32;989.5;994.4100000000001;15.24
2023-11-05;15.0;9.7;6.6;9.8;7.4;5.8;98.0;87.0;61.0;12.9;1.0;0.0;1003.73;988.83;996.28;5.08
2023-11-06;14.8;11.0;6.1;9.4;7.7;5.0;97.0;81.0;65.0;11.3;1.1;0.0;1014.56;1004.06;1009.31;0.0
2023-11-07;14.0;10.3;7.7;9.6;7.6;4.5;93.0;84.0;74.0;17.7;2.0;0.0;1017.95;1014.56;1016.255;0.76
2023-11-08;13.9;9.0;5.0;6.3;4.9;3.4;91.0;77.0;56.0;9.7;0.7;0.0;1021.33;1017.27;1019.3;0.0
2023-11-09;9.1;7.5;6.2;7.1;6.0;3.8;97.0;90.0;81.0;11.3;1.3;0.0;1020.66;1012.19;1016.425;9.65
2023-11-10;11.2;7.6;4.8;7.9;6.3;4.2;98.0;92.0;78.0;11.3;1.0;0.0;1012.19;1003.73;1007.96;0.0
2023-11-11;15.4;9.3;4.3;5.0;1.9;-3.4;97.0;64.0;32.0;11.3;2.2;0.0;1009.48;1003.73;1006.605;0.25
2023-11-12;10.3;7.5;5.1;5.4;2.9;-3.1;87.0;73.0;40.0;9.7;0.7;0.0;1014.22;1008.47;1011.345;0.0
2023-11-13;13.8;8.8;4.3;8.1;4.9;1.9;87.0;77.0;62.0;9.7;0.5;0.0;1017.95;1014.22;1016.085;0.0
2023-11-14;14.9;9.7;7.3;10.4;8.1;5.9;98.0;90.0;74.0;6.4;0.5;0.0;1017.27;1011.51;1014.39;0.51
2023-11-15;18.8;13.2;7.9;9.8;3.9;-2.7;99.0;60.0;27.0;17.7;4.6;0.0;1019.64;1010.84;1015.24;0.25
2023-11-16;15.1;11.3;8.8;6.1;2.2;-3.2;77.0;55.0;31.0;11.3;1.1;0.0;1019.3;1011.18;1015.24;0.0
2023-11-17;15.6;12.2;6.1;5.2;-0.4;-3.7;83.0;45.0;29.0;27.4;9.5;0.0;1019.98;1008.81;1014.395;0.0
2023-11-18;15.0;11.6;7.4;1.4;-2.9;-6.8;63.0;38.0;27.0;30.6;4.3;0.0;1023.37;1019.64;1021.505;0.0
2023-11-19;14.1;10.2;7.4;5.3;2.2;-2.7;77.0;58.0;42.0;6.4;1.0;0.0;1022.69;1017.27;1019.98;0.0
2023-11-20;13.2;8.4;5.1;7.8;5.1;2.3;90.0;80.0;69.0;8.0;0.9;0.0;1017.95;1011.18;1014.565;0.0
2023-11-21;12.9;9.1;7.3;7.4;6.3;5.3;92.0;83.0;69.0;11.3;1.3;0.0;1012.53;1007.45;1009.99;0.0
2023-11-22;13.8;9.3;5.3;7.2;5.0;3.5;91.0;76.0;58.0;8.0;1.0;0.0;1023.37;1010.5;1016.935;0.0
2023-11-23;12.8;8.8;6.4;4.4;2.5;-0.8;77.0;65.0;51.0;8.0;1.0;0.0;1024.04;1015.24;1019.64;0.0
2023-11-24;14.0;10.3;6.0;5.3;0.4;-6.3;73.0;52.0;29.0;48.3;5.6;0.0;1014.9;996.61;1005.755;0.0
2023-11-25;9.6;6.6;3.2;-3.2;-7.9;-11.7;48.0;35.0;23.0;37.0;8.7;0.0;1009.82;1001.36;1005.59;0.0
2023-11-26;11.8;7.5;3.3;-5.7;-7.0;-8.8;50.0;36.0;23.0;17.7;4.9;0.0;1015.24;1009.82;1012.53;0.0
2023-11-27;6.4;4.3;2.7;1.4;-2.9;-6.7;90.0;61.0;42.0;4.8;0.6;0.0;1015.24;1000.68;1007.96;0.76
2023-11-28;10.4;5.5;-0.1;2.4;-0.9;-8.6;96.0;69.0;31.0;14.5;3.7;0.0;1003.39;994.58;998.985;0.0
2023-11-29;9.7;6.2;2.9;0.4;-5.2;-11.9;77.0;47.0;24.0;29.0;3.5;0.0;1009.14;1003.05;1006.095;0.0
2023-11-30;5.7;3.0;1.6;2.6;1.5;-0.4;97.0;90.0;66.0;6.4;0.8;0.0;1009.48;1002.71;1006.095;7.37
2023-12-01;6.6;4.1;2.6;6.4;3.7;2.2;99.0;98.0;97.0;9.7;0.9;0.0;1003.05;993.91;998.48;13.72
2023-12-02;10.2;7.1;4.7;8.0;0.7;-8.5;99.0;70.0;32.0;33.8;7.7;0.0;1009.14;990.18;999.66;14.22
2023-12-03;7.6;4.1;0.7;0.4;-3.4;-9.6;81.0;60.0;36.0;9.7;1.2;0.0;1024.72;1009.14;1016.9300000000001;0.0
2023-12-04;2.9;1.6;0.3;0.1;-0.9;-2.3;96.0;84.0;74.0;4.8;0.5;0.0;1024.72;1017.27;1020.995;0.51
2023-12-05;3.4;1.5;-0.3;1.8;0.6;-0.9;97.0;94.0;88.0;6.4;0.6;0.0;1017.27;1011.85;1014.56;1.02
2023-12-06;8.2;3.6;-0.5;3.5;1.1;-1.1;97.0;85.0;68.0;6.4;0.4;0.0;1016.93;1011.51;1014.22;0.25
2023-12-07;10.2;5.2;2.4;3.1;0.2;-2.2;85.0;71.0;43.0;4.8;0.2;0.0;1021.33;1016.93;1019.13;0.0
2023-12-08;5.1;3.0;1.7;2.0;0.3;-3.3;97.0;84.0;57.0;4.8;0.3;0.0;1020.32;1015.92;1018.12;3.3
2023-12-09;5.8;3.0;0.2;4.0;2.2;-0.2;98.0;95.0;86.0;8.0;0.8;0.0;1019.98;1012.53;1016.255;2.03
2023-12-10;12.4;5.7;1.2;7.5;3.7;0.8;98.0;88.0;68.0;14.5;2.8;0.0;1017.61;1012.53;1015.0699999999999;0.51
2023-12-11;9.5;5.0;2.1;6.7;4.1;1.8;98.0;94.0;81.0;9.7;1.0;0.0;1017.27;1011.18;1014.2249999999999;0.0
2023-12-12;9.4;6.0;3.0;5.9;4.2;2.4;98.0;89.0;76.0;4.8;0.5;0.0;1015.24;1008.13;1011.685;1.27
2023-12-13;7.3;6.3;5.7;6.9;6.0;5.3;98.0;98.0;97.0;8.0;0.6;0.0;1008.47;1000.34;1004.405;1.78
2023-12-14;10.6;6.4;2.9;7.5;4.2;-1.5;99.0;88.0;43.0;16.1;1.8;0.0;1020.66;1004.74;1012.7;0.25
2023-12-15;13.6;8.5;5.6;5.3;1.7;-1.4;82.0;63.0;48.0;8.0;0.8;0.0;1034.54;1020.66;1027.6;0.0
2023-12-16;9.3;6.0;3.7;2.4;1.3;-0.1;88.0;72.0;57.0;6.4;0.8;0.0;1041.65;1034.54;1038.095;0.0
2023-12-17;10.2;5.6;2.3;3.7;1.9;0.3;91.0;77.0;60.0;8.0;1.3;0.0;1041.99;1038.27;1040.13;0.0
2023-12-18;13.8;9.5;5.8;3.9;1.0;-1.7;77.0;56.0;39.0;3.2;0.2;0.0;1038.27;1031.16;1034.7150000000001;0.0
2023-12-19;14.8;10.2;6.8;3.6;1.8;-0.9;72.0;57.0;41.0;4.8;0.3;0.0;1031.16;1018.29;1024.725;0.0
2023-12-20;9.9;7.0;4.2;5.1;3.2;1.2;91.0;77.0;66.0;8.0;0.6;0.0;1017.95;1011.51;1014.73;0.0
2023-12-21;10.0;6.8;2.9;4.8;2.5;-1.0;94.0;76.0;49.0;14.5;2.7;0.0;1014.9;1002.37;1008.635;0.0
2023-12-22;15.9;12.9;8.2;2.3;0.4;-1.2;60.0;43.0;33.0;33.8;7.7;0.0;1005.42;1001.36;1003.39;0.0
2023-12-23;19.0;15.3;10.8;2.4;-0.7;-8.7;50.0;34.0;16.0;20.9;5.5;0.0;1010.16;1004.74;1007.45;0.0
2023-12-24;15.9;12.1;8.1;6.8;0.1;-8.4;79.0;47.0;18.0;17.7;4.6;0.0;1016.59;1010.16;1013.375;0.0
2023-12-25;12.9;10.0;8.3;8.3;6.8;5.2;91.0;81.0;72.0;12.9;2.2;0.0;1019.64;1016.26;1017.95;0.0
2023-12-26;11.2;9.0;7.9;7.8;6.6;5.4;91.0;85.0;75.0;8.0;1.2;0.0;1023.03;1018.96;1020.995;0.0
2023-12-27;10.8;8.1;6.4;7.2;5.7;4.7;92.0;85.0;76.0;8.0;0.8;0.0;1027.77;1023.03;1025.4;0.0
2023-12-28;8.6;7.6;6.4;6.4;5.5;3.9;93.0;87.0;75.0;6.4;0.9;0.0;1028.45;1025.06;1026.755;0.0
2023-12-29;8.9;7.8;6.8;5.5;4.7;3.9;86.0;81.0;74.0;6.4;0.8;0.0;1025.06;1021.0;1023.03;0.0
2023-12-30;10.6;7.5;4.8;6.0;5.1;3.7;93.0;85.0;67.0;8.0;0.5;0.0;1022.35;1019.98;1021.165;0.0
2023-12-31;6.7;5.9;5.1;5.6;5.3;4.8;98.0;96.0;92.0;11.3;1.6;0.0;1021.0;1009.48;1015.24;21.08
2024-01-01;8.4;4.9;1.9;5.7;3.7;1.6;99.0;93.0;76.0;9.7;1.4;0.0;1017.27;1010.5;1013.885;0.25
2024-01-02;8.6;4.9;2.0;4.4;2.2;0.3;91.0;83.0;66.0;9.7;1.2;0.0;1016.93;1010.84;1013.885;0.0
2024-01-03;11.2;6.9;4.2;6.1;3.7;2.5;93.0;81.0;64.0;9.7;1.1;0.0;1011.51;1007.11;1009.31;0.0
2024-01-04;12.3;7.4;2.9;4.7;2.9;-0.6;91.0;75.0;48.0;14.5;2.2;0.0;1011.85;1006.77;1009.31;0.0
2024-01-05;5.9;4.9;4.2;4.8;3.8;1.9;97.0;93.0;79.0;11.3;2.7;0.0;1011.51;1002.37;1006.94;40.64
2024-01-06;6.5;5.4;4.3;6.1;5.0;3.7;98.0;97.0;94.0;9.7;1.2;0.0;1002.71;998.31;1000.51;6.1
2024-01-07;7.6;5.9;4.8;5.9;5.1;2.2;98.0;95.0;69.0;11.3;1.3;0.0;1006.43;998.65;1002.54;0.0
2024-01-08;8.4;6.7;5.2;5.5;4.1;1.9;96.0;84.0;72.0;11.3;1.3;0.0;1018.29;1006.43;1012.3599999999999;0.25
2024-01-09;5.6;4.3;3.1;4.2;1.5;-0.3;92.0;82.0;70.0;14.5;1.4;0.0;1027.43;1018.29;1022.86;0.0
2024-01-10;3.4;2.4;1.6;0.3;-1.3;-2.4;84.0;77.0;70.0;8.0;0.6;0.0;1029.46;1027.09;1028.275;0.0
2024-01-11;7.2;2.6;-0.7;1.9;-0.1;-2.2;92.0;83.0;68.0;6.4;0.7;0.0;1027.77;1022.69;1025.23;0.0
2024-01-12;8.2;3.8;0.3;2.0;0.1;-3.8;93.0;77.0;60.0;8.0;0.8;0.0;1026.08;1022.01;1024.045;0.0
2024-01-13;6.9;3.9;0.3;1.0;-1.1;-3.8;84.0;71.0;60.0;9.7;1.8;0.0;1026.08;1017.95;1022.015;0.0
2024-01-14;7.4;4.2;0.8;2.9;0.4;-1.8;94.0;77.0;65.0;8.0;2.4;0.0;1017.95;1007.79;1012.87;0.0
2024-01-15;7.8;3.4;0.1;2.9;0.8;-1.2;93.0;84.0;70.0;9.7;1.5;0.0;1007.79;998.98;1003.385;0.0
2024-01-16;7.1;3.2;1.1;1.9;0.6;-0.4;96.0;84.0;67.0;6.4;1.0;0.0;1012.53;1003.73;1008.13;0.0
2024-01-17;3.6;2.3;1.5;1.9;1.1;0.1;97.0;92.0;81.0;6.4;0.5;0.0;1011.51;999.32;1005.415;11.94
2024-01-18;9.7;4.0;1.2;6.9;3.3;0.7;98.0;95.0;81.0;8.0;1.6;0.0;1001.02;997.29;999.155;3.3
2024-01-19;10.6;4.8;1.4;5.8;1.6;-7.9;99.0;85.0;27.0;19.3;2.7;0.0;1023.37;1000.34;1011.855;3.3
2024-01-20;7.4;2.6;-0.4;0.1;-6.6;-11.4;91.0;54.0;27.0;9.7;1.4;0.0;1034.2;1023.37;1028.785;0.0
2024-01-21;6.1;2.3;-0.7;-2.4;-5.3;-8.7;74.0;58.0;37.0;4.8;0.5;0.0;1034.88;1032.85;1033.865;0.0
2024-01-22;7.3;3.8;-0.9;1.2;-4.7;-8.3;76.0;55.0;39.0;9.7;1.8;0.0;1034.54;1026.08;1030.31;0.0
2024-01-23;8.1;4.3;1.0;0.4;-1.5;-4.1;81.0;66.0;52.0;11.3;1.0;0.0;1033.53;1025.74;1029.635;0.0
2024-01-24;11.8;7.5;3.2;3.8;0.2;-2.1;71.0;60.0;46.0;8.0;1.3;0.0;1033.53;1025.06;1029.295;0.0
2024-01-25;9.1;7.1;2.5;4.4;2.3;-0.9;90.0;72.0;53.0;14.5;1.8;0.0;1026.08;1023.71;1024.895;0.0
2024-01-26;9.7;6.7;4.5;5.6;3.5;1.1;89.0;80.0;71.0;6.4;0.6;0.0;1028.45;1025.06;1026.755;0.0
2024-01-27;18.4;10.8;4.8;5.6;1.1;-6.8;88.0;56.0;18.0;20.9;4.2;0.0;1034.2;1026.08;1030.1399999999999;0.0
2024-01-28;9.8;6.9;2.1;3.3;0.8;-2.7;82.0;65.0;51.0;4.8;0.6;0.0;1037.93;1034.2;1036.065;0.0
2024-01-29;9.9;5.8;2.6;1.1;-1.1;-3.2;75.0;62.0;45.0;8.0;0.7;0.0;1037.59;1035.56;1036.5749999999998;0.0
2024-01-30;11.2;6.6;2.5;1.7;-0.3;-3.2;82.0;63.0;43.0;8.0;1.0;0.0;1037.25;1034.88;1036.065;0.0
2024-01-31;11.4;6.8;3.2;2.6;1.1;-0.9;79.0;67.0;53.0;6.4;0.4;0.0;1035.56;1031.83;1033.695;0.0
2024-02-01;10.4;6.2;4.1;2.6;1.0;0.0;80.0;70.0;50.0;6.4;0.4;0.0;1031.83;1026.08;1028.955;0.0
2024-02-02;14.7;8.6;4.1;5.0;2.4;0.1;83.0;66.0;42.0;6.4;0.7;0.0;1030.48;1027.77;1029.125;0.0
2024-02-03;17.2;10.9;6.3;7.2;5.0;3.1;88.0;68.0;49.0;11.3;1.3;0.0;1028.78;1023.71;1026.245;0.0
2024-02-04;15.0;10.4;6.8;7.7;6.3;4.3;93.0;77.0;59.0;12.9;1.7;0.0;1025.4;1022.69;1024.045;0.0
2024-02-05;15.6;10.3;6.4;9.1;6.5;3.6;95.0;78.0;58.0;16.1;2.0;0.0;1024.72;1021.67;1023.1949999999999;0.0
2024-02-06;11.1;8.7;5.2;7.7;6.5;4.1;94.0;87.0;79.0;9.7;1.4;0.0;1024.72;1019.3;1022.01;0.0
2024-02-07;13.2;9.8;8.0;7.6;6.7;5.7;91.0;81.0;63.0;9.7;1.9;0.0;1019.3;1010.84;1015.0699999999999;0.0
2024-02-08;12.2;9.5;7.6;7.3;5.7;3.7;97.0;78.0;68.0;6.4;1.7;0.0;1010.84;1006.77;1008.8050000000001;1.52
2024-02-09;9.0;8.3;7.6;8.7;7.9;7.1;98.0;98.0;97.0;19.3;6.0;0.0;1006.77;997.97;1002.37;36.83
2024-02-10;8.8;8.0;7.2;7.6;7.2;6.7;98.0;95.0;90.0;19.3;5.5;0.0;997.63;990.52;994.075;32.0
2024-02-11;11.4;8.4;7.0;8.9;7.4;6.3;98.0;94.0;84.0;9.7;1.5;0.0;999.66;989.84;994.75;3.05
2024-02-12;11.2;7.9;4.0;8.2;6.3;3.6;98.0;90.0;78.0;12.9;1.6;0.0;1011.85;999.66;1005.755;0.25
2024-02-13;13.8;9.5;4.6;7.0;4.4;1.0;95.0;72.0;46.0;6.4;1.1;0.0;1022.01;1011.85;1016.9300000000001;0.0
2024-02-14;14.4;10.2;6.3;3.9;2.2;-0.8;77.0;58.0;45.0;6.4;0.6;0.0;1025.4;1022.01;1023.705;0.0
2024-02-15;12.3;9.1;6.0;5.9;4.7;2.3;83.0;74.0;63.0;4.8;0.4;0.0;1025.06;1021.67;1023.365;0.0
2024-02-16;13.1;9.8;6.9;7.2;5.9;4.3;85.0;77.0;65.0;4.8;0.4;0.0;1023.37;1020.66;1022.015;0.0
2024-02-17;15.8;10.7;6.1;7.9;6.5;4.7;92.0;76.0;56.0;6.4;0.5;0.0;1031.16;1023.37;1027.265;0.0
2024-02-18;15.1;11.0;7.7;8.6;6.7;5.6;88.0;76.0;57.0;4.8;0.5;0.0;1031.83;1026.41;1029.12;0.0
2024-02-19;16.0;11.2;7.4;9.2;7.2;1.2;89.0;77.0;42.0;8.0;1.4;0.0;1026.75;1022.69;1024.72;0.0
2024-02-20;15.8;11.1;7.7;8.9;7.5;0.3;93.0;79.0;45.0;6.4;1.0;0.0;1025.74;1023.03;1024.385;0.0
2024-02-21;14.1;10.5;7.6;6.4;4.0;-0.3;86.0;65.0;51.0;8.0;0.8;0.0;1026.08;1018.96;1022.52;0.0
2024-02-22;10.0;8.2;7.0;7.4;6.8;6.2;98.0;91.0;81.0;25.7;3.6;0.0;1018.96;1002.03;1010.495;26.16
2024-02-23;7.4;6.3;4.8;7.2;5.8;3.1;99.0;97.0;89.0;20.9;3.3;0.0;1002.03;996.28;999.155;26.67
2024-02-24;9.8;6.2;3.4;6.2;4.1;2.5;95.0;87.0;75.0;16.1;2.7;0.0;1010.84;1000.68;1005.76;1.52
2024-02-25;10.6;6.9;4.6;6.0;4.2;3.6;95.0;84.0;65.0;11.3;1.6;0.0;1011.18;1007.79;1009.4849999999999;2.79
2024-02-26;6.0;4.5;3.1;4.4;3.6;2.4;97.0;94.0;89.0;16.1;5.3;0.0;1008.13;1005.42;1006.775;35.81
2024-02-27;9.3;6.4;3.8;7.5;5.6;3.4;97.0;95.0;87.0;20.9;3.5;0.0;1012.19;1005.08;1008.635;33.27
2024-02-28;15.7;10.4;7.5;10.4;8.4;6.8;98.0;88.0;65.0;12.9;1.8;0.0;1018.63;1011.85;1015.24;1.27
2024-02-29;12.4;10.9;9.4;9.8;8.6;6.9;95.0;86.0;73.0;11.3;2.2;0.0;1018.29;1008.47;1013.38;1.52
2024-03-01;9.8;9.0;8.1;8.9;8.2;7.3;97.0;95.0;91.0;11.3;1.9;0.0;1008.47;1005.08;1006.7750000000001;13.46
2024-03-02;8.9;8.3;7.8;8.6;7.8;7.2;98.0;97.0;93.0;12.9;2.9;0.0;1009.82;1006.77;1008.2950000000001;10.67
2024-03-03;11.1;9.2;8.0;7.9;6.6;4.1;98.0;84.0;62.0;22.5;6.4;0.0;1009.14;1002.37;1005.755;1.02
2024-03-04;13.1;9.3;6.9;8.9;7.1;5.2;96.0;87.0;71.0;12.9;2.6;0.0;1011.51;1002.71;1007.11;1.52
2024-03-05;12.6;9.5;5.9;8.3;7.1;5.0;96.0;85.0;71.0;14.5;2.3;0.0;1011.85;1010.16;1011.005;8.89
2024-03-06;11.7;7.7;4.8;6.8;5.4;3.4;95.0;86.0;64.0;14.5;2.5;0.0;1017.61;1010.84;1014.225;7.87
2024-03-07;13.6;9.1;5.6;7.1;5.3;2.9;93.0;78.0;60.0;11.3;1.5;0.0;1017.61;1014.9;1016.255;0.0
2024-03-08;9.2;7.2;5.7;6.2;5.4;4.9;97.0;89.0;81.0;14.5;3.4;0.0;1016.26;1012.87;1014.565;3.81
2024-03-09;7.2;6.2;5.3;6.8;5.6;3.9;98.0;96.0;90.0;12.9;2.6;0.0;1012.87;1007.79;1010.3299999999999;6.35
2024-03-10;7.6;6.8;5.4;7.4;6.4;5.1;99.0;98.0;94.0;20.9;4.1;0.0;1007.79;996.28;1002.035;41.66
2024-03-11;13.9;8.9;5.4;8.0;6.1;4.8;99.0;84.0;57.0;11.3;2.0;0.0;1009.14;1004.74;1006.94;0.0
2024-03-12;17.8;12.1;6.0;7.3;2.1;-2.2;97.0;56.0;27.0;19.3;4.7;0.0;1015.24;1009.14;1012.19;0.0
2024-03-13;15.7;12.2;8.7;7.7;3.4;-1.8;83.0;56.0;39.0;9.7;1.8;0.0;1017.95;1014.56;1016.255;0.0
2024-03-14;16.9;12.1;8.2;9.2;7.4;5.6;89.0;74.0;54.0;11.3;1.4;0.0;1018.63;1015.92;1017.275;0.0
2024-03-15;15.7;11.5;8.7;9.1;8.2;7.4;93.0;82.0;64.0;9.7;1.9;0.0;1018.29;1016.26;1017.275;0.0
2024-03-16;19.4;13.4;7.9;10.7;9.1;6.8;95.0;77.0;56.0;9.7;1.8;0.0;1021.33;1016.93;1019.13;0.0
2024-03-17;17.5;13.8;10.6;10.6;9.1;7.8;88.0;75.0;55.0;8.0;0.7;0.0;1022.01;1018.29;1020.15;0.0
2024-03-18;16.6;12.0;9.1;10.8;9.4;8.1;95.0;85.0;65.0;8.0;0.8;0.0;1018.29;1011.51;1014.9;0.0
2024-03-19;17.0;11.8;6.9;11.2;9.4;6.3;97.0;86.0;65.0;9.7;1.6;0.0;1021.33;1014.9;1018.115;0.0
2024-03-20;17.1;12.1;8.6;10.0;8.8;7.4;97.0;81.0;61.0;9.7;0.9;0.0;1023.37;1021.0;1022.185;0.0
2024-03-21;20.2;15.0;9.7;12.1;8.4;-0.4;88.0;68.0;27.0;14.5;2.9;0.0;1023.03;1017.27;1020.15;0.0
2024-03-22;19.2;14.1;9.2;11.7;9.2;7.7;95.0;74.0;50.0;14.5;1.5;0.0;1021.67;1015.92;1018.795;0.0
2024-03-23;17.4;13.7;11.0;10.8;6.8;-5.8;87.0;67.0;25.0;17.7;3.5;0.0;1015.92;1005.08;1010.5;0.0
2024-03-24;16.6;12.0;8.2;-2.7;-6.0;-8.8;38.0;28.0;20.0;20.9;5.6;0.0;1008.81;1005.08;1006.9449999999999;0.0
2024-03-25;15.3;10.6;5.0;-1.4;-4.7;-7.6;46.0;35.0;22.0;12.9;1.9;0.0;1009.48;1005.76;1007.62;0.0
2024-03-26;9.5;8.4;6.2;5.5;2.5;-1.7;95.0;68.0;46.0;14.5;2.4;0.0;1006.77;997.97;1002.37;3.81
2024-03-27;8.5;7.3;6.1;8.2;6.5;5.2;99.0;95.0;84.0;14.5;2.6;0.0;997.97;991.87;994.9200000000001;29.21
2024-03-28;8.6;6.7;5.1;6.7;5.7;4.7;99.0;94.0;85.0;12.9;2.6;0.0;1009.14;996.28;1002.71;8.38
2024-03-29;12.1;9.3;6.7;10.3;8.1;5.7;98.0;92.0;80.0;12.9;1.5;0.0;1013.21;1008.47;1010.84;6.1
2024-03-30;14.4;11.7;8.5;11.7;10.1;7.9;99.0;91.0;76.0;29.0;3.8;0.0;1011.18;1002.03;1006.605;45.72
2024-03-31;13.8;11.2;9.2;13.1;10.3;8.9;99.0;95.0;84.0;24.1;5.5;0.0;1006.77;1004.06;1005.415;20.07
2024-04-01;16.5;11.4;7.8;11.3;9.1;4.3;99.0;87.0;54.0;32.2;8.1;0.0;1006.43;998.98;1002.7049999999999;12.45
2024-04-02;18.5;12.1;5.3;6.8;4.5;1.8;92.0;63.0;34.0;14.5;2.1;0.0;1015.58;1006.43;1011.005;0.0
2024-04-03;12.8;10.6;8.4;8.6;6.8;3.6;91.0;78.0;57.0;14.5;2.7;0.0;1017.95;1013.88;1015.915;2.03
2024-04-04;17.3;12.6;7.6;10.3;7.9;5.3;87.0;74.0;59.0;12.9;2.0;0.0;1021.67;1017.61;1019.64;0.0
2024-04-05;18.8;14.3;9.7;11.9;10.5;8.6;94.0;79.0;61.0;11.3;1.5;0.0;1024.04;1021.0;1022.52;0.0
2024-04-06;21.9;15.9;10.4;13.4;11.6;9.7;96.0;77.0;56.0;14.5;1.1;0.0;1024.38;1021.0;1022.69;0.0
2024-04-07;23.4;18.0;12.8;14.7;11.7;7.3;82.0;68.0;54.0;8.0;1.1;0.0;1023.03;1017.95;1020.49;0.0
2024-04-08;24.1;19.7;16.1;14.6;13.1;11.1;82.0;67.0;45.0;11.3;1.5;0.0;1018.63;1014.9;1016.765;0.0
2024-04-09;17.6;14.7;11.8;13.9;12.4;10.8;94.0;87.0;79.0;11.3;1.7;0.0;1015.58;1013.55;1014.565;4.32
2024-04-10;12.3;9.6;7.1;11.0;7.4;5.2;94.0;87.0;72.0;32.2;8.4;0.0;1025.06;1012.87;1018.9649999999999;21.84
2024-04-11;21.1;15.6;10.0;11.8;9.3;6.1;88.0;67.0;52.0;14.5;1.7;0.0;1029.46;1025.06;1027.26;0.0
2024-04-12;25.3;19.5;13.9;13.7;11.9;10.2;79.0;63.0;45.0;12.9;1.6;0.0;1030.14;1026.08;1028.1100000000001;0.0
2024-04-13;26.2;20.8;15.2;14.9;13.6;12.1;82.0;65.0;47.0;8.0;0.9;0.0;1027.77;1024.38;1026.075;0.0
2024-04-14;27.8;22.1;16.4;15.1;13.2;8.6;79.0;59.0;37.0;9.7;1.6;0.0;1024.38;1017.95;1021.1650000000001;0.0
2024-04-15;21.6;18.8;14.9;14.5;10.6;6.4;78.0;60.0;45.0;11.3;2.0;0.0;1018.29;1005.76;1012.025;0.0
2024-04-16;19.9;15.1;8.6;12.3;2.3;-7.3;90.0;50.0;18.0;46.7;11.3;0.0;1006.43;997.97;1002.2;0.0
2024-04-17;17.3;10.7;5.7;5.2;1.3;-5.8;88.0;59.0;21.0;20.9;3.8;0.0;1006.43;1002.71;1004.5699999999999;0.0
2024-04-18;13.4;9.3;6.4;4.3;1.2;-4.4;75.0;58.0;37.0;16.1;2.3;0.0;1015.92;1006.43;1011.175;0.0
2024-04-19;16.7;10.8;4.9;2.9;-0.8;-4.5;75.0;48.0;24.0;16.1;2.4;0.0;1017.27;1008.81;1013.04;0.0
2024-04-20;16.2;12.4;8.7;3.4;-4.1;-8.7;67.0;34.0;19.0;33.8;11.5;0.0;1015.92;1006.43;1011.175;0.0
2024-04-21;14.6;10.0;5.7;3.4;-3.0;-7.1;85.0;42.0;29.0;16.1;4.1;0.0;1015.92;1010.5;1013.21;0.0
2024-04-22;6.1;4.7;4.1;4.1;3.5;2.6;97.0;92.0;81.0;12.9;1.9;0.0;1014.9;1012.53;1013.7149999999999;24.64
2024-04-23;10.1;5.5;3.5;6.4;4.5;3.2;98.0;94.0;69.0;14.5;1.7;0.0;1013.21;1007.45;1010.33;6.1
2024-04-24;14.6;8.9;3.4;7.7;4.6;0.1;97.0;77.0;41.0;11.3;2.2;0.0;1008.81;1004.06;1006.435;0.76
2024-04-25;13.1;8.4;4.6;5.4;4.0;2.3;92.0;76.0;52.0;14.5;2.7;0.0;1010.16;1007.11;1008.635;0.25
2024-04-26;13.1;9.3;7.0;7.5;5.1;3.1;93.0;76.0;56.0;17.7;2.9;0.0;1013.88;1009.82;1011.85;2.79
2024-04-27;14.5;10.6;7.8;10.0;8.0;6.2;95.0;85.0;65.0;12.9;2.2;0.0;1018.29;1013.88;1016.085;3.56
2024-04-28;15.6;12.1;9.7;11.4;9.9;8.9;97.0;87.0;73.0;9.7;2.2;0.0;1021.67;1017.27;1019.47;3.56
2024-04-29;21.8;16.9;11.6;12.2;9.6;7.1;83.0;63.0;44.0;9.7;1.5;0.0;1022.69;1019.64;1021.165;0.0
2024-04-30;23.1;19.3;15.0;12.5;9.9;7.4;66.0;55.0;41.0;12.9;1.5;0.0;1021.0;1012.87;1016.935;0.0
2024-05-01;19.5;15.8;12.9;13.2;11.6;9.2;96.0;77.0;58.0;11.3;1.7;0.0;1012.87;1005.42;1009.145;5.33
2024-05-02;14.0;11.4;9.2;13.2;10.9;8.7;99.0;97.0;88.0;37.0;5.6;0.0;1009.14;1002.03;1005.585;68.33
2024-05-03;19.3;13.2;9.2;11.9;10.0;8.6;99.0;82.0;57.0;12.9;2.2;0.0;1013.88;1009.14;1011.51;1.78
2024-05-04;19.5;14.1;9.3;11.2;9.8;8.6;96.0;78.0;53.0;17.7;2.0;0.0;1016.93;1013.21;1015.0699999999999;5.08
2024-05-05;21.8;16.1;11.2;13.1;11.0;9.0;93.0;74.0;51.0;9.7;1.7;0.0;1016.26;1012.87;1014.565;0.0
2024-05-06;16.9;14.0;12.7;11.6;10.4;8.9;86.0;80.0;64.0;9.7;1.9;0.0;1013.88;1012.19;1013.0350000000001;0.51
2024-05-07;16.4;12.8;11.4;12.5;11.0;9.0;97.0;89.0;74.0;14.5;2.1;0.0;1015.24;1011.85;1013.5450000000001;10.41
2024-05-08;20.5;14.6;11.1;13.8;12.2;10.8;98.0;87.0;57.0;16.1;1.7;0.0;1019.64;1015.24;1017.44;4.83
2024-05-09;23.7;18.0;13.6;14.4;12.5;10.9;88.0;71.0;48.0;9.7;1.4;0.0;1019.98;1017.61;1018.7950000000001;0.0
2024-05-10;23.4;18.6;14.7;13.0;11.7;8.5;83.0;65.0;48.0;11.3;1.6;0.0;1020.66;1016.59;1018.625;0.0
2024-05-11;25.2;20.3;16.2;12.6;11.3;10.0;74.0;58.0;42.0;9.7;1.6;0.0;1019.3;1015.58;1017.44;0.0
2024-05-12;24.9;20.5;16.9;13.6;11.9;10.1;70.0;59.0;45.0;11.3;1.1;0.0;1017.27;1014.22;1015.745;0.0
2024-05-13;20.8;17.8;14.4;14.3;12.3;9.3;93.0;72.0;55.0;11.3;1.8;0.0;1015.92;1011.85;1013.885;2.54
2024-05-14;21.0;16.3;14.4;14.7;13.3;11.4;96.0;83.0;63.0;14.5;3.5;0.0;1012.19;1008.47;1010.33;17.02
2024-05-15;14.6;12.6;11.6;13.8;12.2;11.1;98.0;97.0;95.0;24.1;5.1;0.0;1009.48;1007.79;1008.635;109.98
2024-05-16;16.6;13.0;10.4;14.7;11.8;9.3;98.0;93.0;80.0;19.3;3.1;0.0;1008.81;1003.73;1006.27;21.84
2024-05-17;20.4;15.2;10.4;12.1;10.7;8.7;97.0;76.0;50.0;14.5;1.9;0.0;1012.87;1006.1;1009.485;0.0
2024-05-18;22.1;17.3;11.3;13.0;11.3;9.7;92.0;70.0;48.0;9.7;1.6;0.0;1013.88;1011.18;1012.53;0.0
2024-05-19;23.0;18.0;12.8;13.9;12.1;10.4;91.0;70.0;47.0;11.3;1.9;0.0;1013.21;1009.48;1011.345;0.0
2024-05-20;20.5;17.3;13.3;15.9;13.7;11.8;98.0;80.0;60.0;11.3;2.3;0.0;1011.51;1008.13;1009.8199999999999;37.85
2024-05-21;23.3;16.5;12.9;15.1;13.3;11.3;99.0;84.0;48.0;14.5;3.0;0.0;1008.81;1004.4;1006.605;17.78
2024-05-22;23.1;16.0;11.7;15.2;12.9;9.1;97.0;83.0;54.0;22.5;3.0;0.0;1014.56;1008.13;1011.345;6.86
2024-05-23;20.9;14.0;11.8;13.8;11.9;10.6;97.0;88.0;57.0;16.1;2.2;0.0;1017.61;1014.56;1016.085;3.81
2024-05-24;20.1;14.5;10.5;14.1;11.6;9.1;94.0;83.0;62.0;12.9;2.0;0.0;1018.96;1017.27;1018.115;3.56
2024-05-25;20.4;14.8;10.6;12.7;11.5;10.2;98.0;82.0;58.0;14.5;2.6;0.0;1018.63;1016.26;1017.4449999999999;14.99
2024-05-26;25.1;19.2;12.7;13.9;11.9;9.7;82.0;64.0;45.0;12.9;1.5;0.0;1018.29;1016.26;1017.275;0.0
2024-05-27;23.7;19.6;16.2;16.0;13.9;11.5;93.0;71.0;57.0;9.7;1.3;0.0;1018.96;1015.24;1017.1;0.76
2024-05-28;23.9;19.4;14.1;16.1;14.8;13.3;96.0;76.0;57.0;11.3;1.9;0.0;1015.58;1012.53;1014.0550000000001;0.0
2024-05-29;24.3;20.0;16.2;15.2;14.3;13.2;85.0;71.0;54.0;11.3;1.2;0.0;1015.58;1009.48;1012.53;0.0
2024-05-30;18.8;16.4;14.1;16.2;14.7;13.6;98.0;90.0;73.0;16.1;1.9;0.0;1009.82;1003.05;1006.435;36.32
2024-05-31;15.7;13.7;10.9;13.9;11.4;8.3;99.0;87.0;70.0;22.5;3.5;0.0;1007.79;1000.68;1004.2349999999999;14.73
2024-06-01;24.9;18.6;11.1;14.4;11.0;6.7;89.0;63.0;41.0;16.1;3.2;0.0;1014.56;1007.45;1011.005;0.0
2024-06-02;24.9;17.9;13.0;13.7;12.3;10.2;97.0;72.0;46.0;19.3;3.0;0.0;1015.58;1012.19;1013.885;6.35
2024-06-03;23.5;17.6;12.6;15.1;13.5;11.9;97.0;79.0;56.00000000000001;9.7;1.7;0.0;1014.9;1011.51;1013.2049999999999;0.51
2024-06-04;24.9;19.5;13.7;15.7;14.2;12.3;92.0;73.0;49.0;12.9;1.9;0.0;1014.22;1012.19;1013.205;0.0
2024-06-05;26.1;20.9;15.7;16.0;14.9;13.5;91.0;70.0;51.0;12.9;1.6;0.0;1015.92;1013.55;1014.7349999999999;0.0
2024-06-06;27.6;21.6;16.7;17.6;16.0;14.1;88.0;72.0;49.0;9.7;1.6;0.0;1017.95;1015.58;1016.7650000000001;0.0
2024-06-07;26.2;21.9;17.1;19.5;17.8;16.1;94.0;79.0;62.0;6.4;1.1;0.0;1016.93;1014.22;1015.575;0.0
2024-06-08;27.0;22.6;18.7;20.3;18.6;16.4;89.0;78.0;63.0;8.0;1.1;0.0;1014.56;1009.48;1012.02;0.25
2024-06-09;25.9;21.6;15.6;18.8;17.1;14.5;98.0;77.0;53.0;16.1;1.8;0.0;1010.16;1004.06;1007.1099999999999;10.92
2024-06-10;26.9;21.2;15.3;18.1;16.5;14.8;98.0;77.0;53.0;11.3;2.9;0.0;1005.42;1002.37;1003.895;0.0
2024-06-11;23.3;18.0;14.1;17.6;15.3;13.0;96.0;85.0;62.0;27.4;5.2;0.0;1010.16;1005.08;1007.62;22.61
2024-06-12;23.4;16.9;12.8;15.2;13.5;12.4;99.0;82.0;56.00000000000001;20.9;2.8;0.0;1014.22;1009.48;1011.85;20.83
2024-06-13;22.7;17.1;11.9;13.8;12.5;10.4;95.0;76.0;53.0;11.3;2.1;0.0;1016.59;1013.21;1014.9000000000001;0.0
2024-06-14;21.1;18.0;14.7;14.9;13.5;11.8;87.0;75.0;63.0;8.0;1.4;0.0;1016.93;1014.9;1015.915;0.0
2024-06-15;21.1;17.8;15.7;15.9;14.6;13.8;95.0;82.0;69.0;12.9;2.6;0.0;1014.9;1008.47;1011.685;7.87
2024-06-16;26.0;20.7;15.9;16.2;14.8;13.4;89.0;70.0;50.0;9.7;2.0;0.0;1012.53;1009.14;1010.835;0.0
2024-06-17;27.7;22.3;16.3;17.1;15.2;13.5;89.0;66.0;46.0;9.7;1.8;0.0;1016.26;1012.87;1014.565;0.0
2024-06-18;29.2;24.3;19.3;18.4;16.4;14.2;78.0;62.0;47.0;8.0;1.3;0.0;1017.61;1015.58;1016.595;0.0
2024-06-19;30.1;25.8;20.9;19.6;17.7;16.2;78.0;62.0;48.0;9.7;1.2;0.0;1017.95;1013.88;1015.915;0.0
2024-06-20;28.5;24.6;21.6;20.6;18.8;17.6;84.0;71.0;56.00000000000001;20.9;2.5;0.0;1019.98;1016.59;1018.2850000000001;0.0
2024-06-21;27.0;22.2;17.3;22.1;19.6;16.3;99.0;86.0;68.0;17.7;3.1;0.0;1018.96;1007.79;1013.375;47.75
2024-06-22;28.3;21.9;15.1;17.3;14.6;8.5;99.0;67.0;40.0;29.0;2.2;0.0;1012.53;1006.77;1009.65;0.25
2024-06-23;20.0;16.3;14.8;15.4;13.2;8.4;95.0;84.0;48.0;20.9;3.4;0.0;1014.9;1006.77;1010.835;13.97
2024-06-24;22.3;18.6;15.6;18.2;16.0;14.1;96.0;85.0;69.0;19.3;2.9;0.0;1014.9;1012.53;1013.7149999999999;5.08
2024-06-25;22.7;19.5;16.8;18.1;16.8;14.8;98.0;85.0;68.0;19.3;1.4;0.0;1013.88;1011.51;1012.6949999999999;1.27
2024-06-26;25.9;20.7;17.0;18.1;16.4;14.7;90.0;77.0;56.00000000000001;11.3;0.5;0.0;1013.21;1010.16;1011.685;0.0
2024-06-27;30.6;22.4;16.8;20.4;18.1;15.8;95.0;79.0;53.0;4.8;0.2;0.0;1012.19;1009.82;1011.0050000000001;0.0
2024-06-28;32.4;26.1;19.7;21.8;20.0;18.1;92.0;71.0;49.0;4.8;0.3;0.0;1016.26;1012.19;1014.225;0.0
2024-06-29;29.4;26.3;23.3;23.2;21.3;18.7;83.0;74.0;65.0;20.9;1.4;0.0;1017.27;1010.16;1013.7149999999999;0.0
2024-06-30;28.1;24.7;21.2;21.3;18.9;17.2;87.0;71.0;55.00000000000001;14.5;1.3;0.0;1010.5;1009.14;1009.8199999999999;0.0
2024-07-01;26.3;22.2;18.7;20.6;18.8;17.2;94.0;82.0;62.0;9.7;0.8;0.0;1010.5;1007.11;1008.8050000000001;0.25
2024-07-02;28.3;22.4;16.7;18.1;16.1;14.4;92.0;70.0;46.0;16.1;0.8;0.0;1009.82;1005.76;1007.79;4.57
2024-07-03;20.4;18.2;16.3;17.2;15.6;14.9;96.0;85.0;73.0;14.5;1.5;0.0;1009.14;1006.1;1007.62;8.38
2024-07-04;26.1;20.5;15.2;16.6;15.1;13.9;95.0;73.0;49.0;9.7;0.5;0.0;1012.53;1007.45;1009.99;0.0
2024-07-05;28.2;23.6;19.2;17.7;15.7;14.2;76.0;62.0;45.0;11.3;0.4;0.0;1014.9;1012.53;1013.7149999999999;0.0
2024-07-06;25.9;23.0;19.6;19.6;17.8;15.4;91.0;73.0;55.0;11.3;0.6;0.0;1013.21;1008.13;1010.6700000000001;2.03
2024-07-07;25.8;21.8;17.8;19.4;17.9;15.9;95.0;79.0;64.0;19.3;2.7;0.0;1013.21;1008.47;1010.84;9.14
2024-07-08;29.8;23.5;18.2;20.1;18.6;17.1;96.0;76.0;51.0;24.1;2.1;0.0;1015.92;1012.87;1014.395;5.59
2024-07-09;32.2;26.8;19.9;20.8;19.1;16.8;88.0;64.0;41.0;9.7;0.4;0.0;1016.59;1013.55;1015.0699999999999;0.0
2024-07-10;33.2;28.1;23.3;21.1;19.3;17.2;75.0;60.0;42.0;6.4;0.3;0.0;1015.24;1012.87;1014.0550000000001;0.0
2024-07-11;33.3;27.9;22.3;21.9;20.3;18.9;85.0;65.0;47.0;11.3;0.8;0.0;1014.22;1011.18;1012.7;0.0
2024-07-12;27.6;23.3;17.9;21.4;19.2;16.1;94.0;78.0;60.0;24.1;3.1;0.0;1014.56;1007.45;1011.005;13.46
2024-07-13;29.3;24.1;20.0;20.4;18.7;17.4;91.0;73.0;51.0;9.7;0.9;0.0;1009.48;1007.79;1008.635;0.0
2024-07-14;30.5;25.3;18.8;19.0;17.1;14.1;84.0;62.0;39.0;9.7;0.7;0.0;1012.19;1009.48;1010.835;0.0
2024-07-15;31.5;26.6;20.8;19.0;17.6;16.3;79.0;59.0;42.0;8.0;0.7;0.0;1013.21;1010.5;1011.855;0.0
2024-07-16;32.9;27.6;22.3;21.0;19.0;16.2;75.0;60.0;45.0;8.0;0.5;0.0;1011.51;1009.82;1010.665;0.0
2024-07-17;31.6;26.8;21.2;21.6;19.9;17.9;84.0;67.0;51.0;12.9;0.9;0.0;1014.9;1011.18;1013.04;0.0
2024-07-18;33.2;28.1;23.6;22.1;20.3;19.3;79.0;64.0;46.0;12.9;0.4;0.0;1017.27;1014.56;1015.915;0.0
2024-07-19;32.3;26.6;21.7;22.9;20.4;17.8;86.0;70.0;51.0;12.9;1.1;0.0;1016.26;1011.51;1013.885;7.62
2024-07-20;31.2;25.6;19.7;21.3;18.4;16.1;94.0;66.0;48.0;9.7;0.7;0.0;1012.19;1007.11;1009.6500000000001;0.76
2024-07-21;30.7;25.6;21.8;20.2;18.4;17.0;78.0;65.0;50.0;11.3;1.0;0.0;1009.14;1006.77;1007.9549999999999;0.0
2024-07-22;33.5;26.8;21.6;21.4;19.0;16.7;84.0;64.0;41.0;20.9;1.6;0.0;1013.55;1009.14;1011.345;0.51
2024-07-23;31.1;25.8;21.8;21.1;19.2;16.4;92.0;68.0;52.0;11.3;0.6;0.0;1015.92;1012.87;1014.395;5.08
2024-07-24;32.2;27.1;22.8;20.9;19.7;17.8;80.0;65.0;44.0;11.3;0.9;0.0;1013.55;1008.81;1011.18;1.02
2024-07-25;30.3;26.3;22.9;21.1;19.0;16.9;88.0;65.0;51.0;9.7;1.0;0.0;1011.85;1008.81;1010.3299999999999;0.51
2024-07-26;31.5;26.5;22.3;20.1;18.7;15.6;79.0;63.0;48.0;12.9;1.0;0.0;1012.53;1010.5;1011.515;0.0
2024-07-27;32.2;27.6;23.8;21.9;19.7;18.2;76.0;63.0;47.0;9.7;0.9;0.0;1015.58;1012.53;1014.0550000000001;0.0
2024-07-28;34.2;28.9;23.5;24.1;21.9;20.2;83.0;67.0;52.0;9.7;0.9;0.0;1016.93;1013.55;1015.24;0.0
2024-07-29;32.1;27.3;23.6;22.1;20.6;19.2;81.0;67.0;54.0;16.1;1.2;0.0;1018.29;1014.9;1016.595;0.0
2024-07-30;31.3;27.5;23.7;20.7;20.0;18.3;77.0;64.0;52.0;11.3;0.8;0.0;1017.27;1013.88;1015.575;0.0
2024-07-31;33.4;28.1;23.8;23.2;21.1;17.5;82.0;67.0;50.0;12.9;1.2;0.0;1015.24;1010.5;1012.87;0.0
2024-08-01;33.3;28.4;23.7;23.2;21.3;18.4;82.0;66.0;53.0;11.3;1.1;0.0;1011.51;1006.1;1008.8050000000001;0.0
2024-08-02;32.9;26.6;21.8;20.9;19.1;12.8;83.0;65.0;32.0;16.1;1.4;0.0;1009.82;1005.08;1007.45;0.0
2024-08-03;33.3;26.8;21.7;20.3;18.0;14.7;79.0;60.0;35.0;24.1;1.8;0.0;1009.82;1005.76;1007.79;0.0
2024-08-04;31.4;26.8;22.9;20.5;18.8;17.3;80.0;63.0;46.0;9.7;0.9;0.0;1011.18;1008.47;1009.825;0.0
2024-08-05;32.1;27.2;23.2;19.3;17.8;16.1;70.0;57.99999999999999;43.0;14.5;1.2;0.0;1011.85;1008.47;1010.1600000000001;0.0
2024-08-06;32.5;27.3;22.8;22.8;19.5;18.1;79.0;64.0;47.0;11.3;1.1;0.0;1010.84;1008.13;1009.485;0.51
2024-08-07;31.2;25.2;19.9;22.2;20.1;17.5;93.0;75.0;50.0;16.1;1.8;0.0;1013.21;1009.14;1011.175;0.76
2024-08-08;30.9;24.8;18.2;20.1;19.1;17.4;96.0;73.0;49.0;11.3;1.2;0.0;1013.88;1011.85;1012.865;0.25
2024-08-09;32.9;27.4;22.7;21.1;19.9;18.6;83.0;65.0;44.0;8.0;0.7;0.0;1015.92;1013.55;1014.7349999999999;0.0
2024-08-10;33.7;28.5;22.3;22.1;20.8;19.7;86.0;64.0;48.0;9.7;1.1;0.0;1018.29;1015.92;1017.105;0.0
2024-08-11;34.3;29.1;24.8;22.7;21.5;20.4;78.0;65.0;46.0;9.7;0.8;0.0;1018.63;1014.56;1016.595;0.0
2024-08-12;35.9;30.1;25.8;22.9;20.9;17.4;74.0;60.0;35.0;9.7;0.9;0.0;1014.9;1009.14;1012.02;0.0
2024-08-13;34.9;29.6;24.9;22.3;20.5;18.2;80.0;60.0;39.0;11.3;1.0;0.0;1010.16;1007.11;1008.635;0.0
2024-08-14;33.6;27.9;22.6;20.6;18.5;16.8;76.0;56.99999999999999;43.0;27.4;1.9;0.0;1013.88;1008.47;1011.175;0.0
2024-08-15;30.5;25.0;20.7;20.4;18.5;16.9;84.0;68.0;46.0;19.3;1.5;0.0;1017.61;1013.21;1015.4100000000001;0.0
2024-08-16;32.2;26.9;21.4;20.3;18.8;17.6;82.0;63.0;44.0;12.9;1.0;0.0;1015.92;1012.87;1014.395;0.0
2024-08-17;32.1;27.0;21.4;19.9;18.3;16.3;81.0;61.0;40.0;12.9;1.5;0.0;1013.55;1008.13;1010.8399999999999;0.0
2024-08-18;25.1;21.7;18.9;20.3;18.9;17.8;96.0;85.0;69.0;11.3;1.2;0.0;1008.81;1005.42;1007.115;10.67
2024-08-19;27.9;22.8;19.2;19.9;18.0;15.1;93.0;76.0;47.0;11.3;1.2;0.0;1010.84;1006.43;1008.635;0.0
2024-08-20;30.1;24.6;19.8;20.5;18.8;17.1;88.0;71.0;52.0;12.9;2.5;0.0;1011.51;1008.81;1010.16;0.0
2024-08-21;32.9;26.6;21.3;20.2;19.1;16.2;86.0;66.0;38.0;9.7;0.8;0.0;1011.85;1008.81;1010.3299999999999;0.0
2024-08-22;30.7;26.0;23.0;20.8;19.4;18.4;78.0;68.0;50.0;17.7;2.0;0.0;1012.87;1010.5;1011.685;0.0
2024-08-23;31.5;26.5;22.0;21.4;19.7;18.1;83.0;67.0;52.0;9.7;0.7;0.0;1014.9;1012.19;1013.5450000000001;0.0
2024-08-24;32.4;27.0;22.0;21.7;19.5;17.1;83.0;65.0;47.0;11.3;1.0;0.0;1016.26;1013.21;1014.735;0.0
2024-08-25;31.6;26.9;21.8;20.5;19.0;17.0;82.0;63.0;49.0;8.0;1.0;0.0;1014.56;1011.18;1012.8699999999999;0.0
2024-08-26;28.9;25.0;20.8;19.4;16.2;12.9;77.0;59.0;38.0;33.8;2.2;0.0;1014.9;1011.85;1013.375;0.51
2024-08-27;31.1;24.4;18.0;20.1;17.0;14.7;97.0;65.0;46.0;27.4;1.9;0.0;1017.27;1014.22;1015.745;33.27
2024-08-28;30.3;23.6;20.6;18.9;17.6;16.4;81.0;70.0;47.0;3.2;0.1;0.0;1017.95;1015.58;1016.7650000000001;0.0
2024-08-29;32.7;27.1;22.2;20.4;18.3;16.2;75.0;60.0;39.0;8.0;0.5;0.0;1017.61;1014.56;1016.085;0.0
2024-08-30;33.2;27.8;22.6;19.5;18.0;16.8;71.0;56.00000000000001;39.0;8.0;0.5;0.0;1016.93;1013.88;1015.405;0.0
2024-08-31;32.3;27.8;24.1;19.9;18.5;17.3;69.0;57.99999999999999;42.0;6.4;0.3;0.0;1017.27;1014.9;1016.085;0.0
2024-09-01;32.3;27.3;24.0;19.8;18.2;15.9;69.0;58.0;40.0;11.3;0.5;0.0;1015.92;1011.18;1013.55;0.0
2024-09-02;28.2;23.9;18.7;18.8;17.4;15.7;95.0;68.0;53.0;12.9;1.0;0.0;1014.9;1010.84;1012.87;9.14
2024-09-03;30.4;24.6;20.1;19.3;17.5;15.9;85.0;66.0;42.0;9.7;0.5;0.0;1015.92;1013.55;1014.7349999999999;0.0
2024-09-04;28.6;22.9;18.6;19.3;17.6;16.2;96.0;74.0;50.0;14.5;2.3;0.0;1015.24;1010.84;1013.04;14.73
2024-09-05;21.8;18.7;16.7;18.1;17.0;16.2;97.0;90.0;74.0;16.1;3.0;0.0;1010.84;1006.1;1008.47;50.55
2024-09-06;25.1;19.5;17.0;19.0;17.4;16.7;98.0;89.0;63.0;8.0;0.9;0.0;1015.24;1010.16;1012.7;34.29
2024-09-07;26.9;22.4;18.3;19.1;17.6;16.2;89.0;75.0;56.0;9.7;1.0;0.0;1016.59;1014.9;1015.745;0.0
2024-09-08;22.1;19.6;17.7;19.4;18.4;17.0;99.0;93.0;78.0;17.7;2.6;0.0;1015.24;1005.08;1010.1600000000001;136.91
2024-09-09;27.1;21.1;15.9;20.1;15.3;9.6;99.0;74.0;46.0;17.7;4.2;0.0;1006.1;1001.02;1003.56;47.5
2024-09-10;22.2;21.8;21.3;9.7;9.2;8.6;47.0;45.0;42.0;20.9;9.1;3.2;1006.43;1005.76;1006.095;0.0
2024-09-11;24.5;20.8;17.6;20.1;17.7;15.4;99.0;83.0;71.0;12.2;0.3;0.0;1006.77;1002.03;1004.4;0.76
2024-09-12;20.4;17.2;14.6;18.2;16.0;9.3;99.0;93.0;51.0;7.1;0.3;0.0;1003.05;998.98;1001.015;0.0
2024-09-13;20.1;15.5;10.4;13.4;5.6;-0.3;94.0;59.0;27.0;21.6;2.4;0.0;1010.84;1003.05;1006.9449999999999;0.0
2024-09-14;20.8;17.8;14.9;5.3;3.0;-0.2;51.0;38.0;29.0;37.0;8.6;0.0;1014.56;1013.21;1013.885;0.0
2024-09-15;24.5;17.9;11.7;11.3;8.2;4.0;68.0;54.0;36.0;11.3;0.4;0.0;1014.56;1010.5;1012.53;0.0
2024-09-16;21.5;17.7;14.6;10.5;7.6;5.1;68.0;52.0;41.0;9.7;0.6;0.0;1013.88;1008.81;1011.345;0.0
2024-09-17;17.9;15.5;13.8;12.2;10.8;10.1;89.0;74.0;62.0;9.7;0.6;0.0;1018.96;1012.87;1015.915;0.25
2024-09-18;17.4;14.3;11.1;12.4;10.8;9.2;91.0;80.0;68.0;12.9;1.1;0.0;1019.98;1018.29;1019.135;0.0
2024-09-19;23.3;17.1;13.3;13.1;11.1;9.2;83.0;69.0;46.0;20.9;1.6;0.0;1018.63;1015.92;1017.275;0.0
2024-09-20;21.4;17.9;15.3;13.4;11.8;9.7;80.0;68.0;56.0;12.9;1.4;0.0;1021.67;1018.29;1019.98;0.0
2024-09-21;23.9;19.3;15.8;13.8;12.2;9.9;79.0;64.0;49.0;8.0;0.2;0.0;1022.69;1019.64;1021.165;0.0
2024-09-22;22.3;18.4;15.2;14.4;13.1;11.9;83.0;72.0;60.0;4.8;0.0;0.0;1020.66;1015.58;1018.12;0.0
2024-09-23;19.2;16.4;14.2;14.3;13.4;12.3;98.0;83.0;70.0;14.5;1.1;0.0;1015.58;1009.48;1012.53;23.88
2024-09-24;21.0;16.2;13.0;15.1;13.9;12.0;98.0;87.0;65.0;9.7;0.6;0.0;1011.85;1008.81;1010.3299999999999;0.25
2024-09-25;17.9;15.2;12.7;15.7;13.3;11.5;95.0;88.0;79.0;9.7;0.8;0.0;1014.9;1011.85;1013.375;11.68
2024-09-26;16.8;16.0;15.1;16.1;14.4;12.9;98.0;90.0;80.0;24.1;3.8;0.0;1012.87;1004.06;1008.4649999999999;18.29
2024-09-27;21.8;18.5;16.3;18.3;16.3;13.7;99.0;88.0;73.0;12.9;1.0;0.0;1006.77;1004.06;1005.415;0.0
2024-09-28;23.1;18.4;14.3;13.8;8.8;3.5;88.0;57.0;30.0;17.7;3.9;0.0;1018.29;1006.1;1012.1949999999999;0.0
2024-09-29;20.1;16.1;11.6;11.1;9.0;5.3;77.0;64.0;46.0;11.3;0.9;0.0;1023.71;1018.29;1021.0;0.0
2024-09-30;20.6;16.2;13.3;10.9;9.6;7.4;80.0;66.0;53.0;9.7;1.2;0.0;1022.69;1017.95;1020.32;0.0
2024-10-01;17.5;15.1;13.4;13.4;11.6;9.9;96.0;80.0;71.0;4.8;0.1;0.0;1017.95;1011.18;1014.565;0.25
2024-10-02;18.4;14.6;12.9;15.0;13.6;12.6;98.0;94.0;78.0;8.0;0.4;0.0;1011.18;1004.06;1007.6199999999999;5.33
2024-10-03;14.5;12.8;11.7;13.9;12.5;11.5;99.0;98.0;94.0;11.3;1.5;0.0;1006.1;1003.05;1004.575;32.51
2024-10-04;13.4;11.9;10.7;12.1;11.2;10.2;99.0;96.0;87.0;4.8;0.8;0.0;1011.85;1004.06;1007.9549999999999;7.37
2024-10-05;16.7;12.4;9.4;10.9;9.9;8.9;98.0;86.0;66.0;9.7;0.7;0.0;1013.88;1011.85;1012.865;0.0
2024-10-06;16.2;12.7;9.3;11.6;9.8;8.0;93.0;83.0;66.0;6.4;0.4;0.0;1013.88;1012.53;1013.2049999999999;0.0
2024-10-07;14.8;12.4;10.2;12.1;10.8;8.9;98.0;91.0;82.0;6.4;0.3;0.0;1016.93;1013.21;1015.0699999999999;4.83
2024-10-08;15.2;13.7;12.3;15.0;13.5;11.9;99.0;99.0;98.0;20.9;3.5;0.0;1016.26;1002.37;1009.315;83.82
2024-10-09;18.6;14.8;12.5;16.4;13.9;12.3;99.0;95.0;77.0;16.1;2.4;0.0;1006.77;1002.37;1004.5699999999999;5.08
2024-10-10;21.0;16.1;13.8;16.6;14.1;8.9;98.0;88.0;63.0;22.5;4.2;0.0;1004.4;995.94;1000.1700000000001;40.13
2024-10-11;19.9;15.4;10.7;13.3;10.5;7.1;85.0;73.0;58.0;9.7;1.2;0.0;1015.92;1004.4;1010.16;0.0
2024-10-12;18.1;15.1;12.1;12.1;10.9;9.3;88.0;77.0;65.0;11.3;0.9;0.0;1019.64;1015.58;1017.61;0.0
2024-10-13;19.4;15.2;12.7;12.5;11.2;10.3;89.0;78.0;60.0;11.3;1.6;0.0;1019.3;1016.59;1017.9449999999999;0.0
2024-10-14;18.2;14.7;12.1;13.9;12.0;9.8;94.0;84.0;74.0;8.0;0.7;0.0;1021.0;1018.96;1019.98;0.0
2024-10-15;19.8;15.5;12.3;15.2;13.4;11.3;97.0;88.0;72.0;4.8;0.4;0.0;1022.35;1018.96;1020.655;0.0
2024-10-16;15.9;14.8;14.1;14.8;14.2;13.7;99.0;96.0;91.0;6.4;1.1;0.0;1022.35;1019.98;1021.165;17.53
2024-10-17;15.4;14.7;14.2;15.2;14.5;14.0;99.0;99.0;98.0;32.2;3.3;0.0;1021.33;1017.61;1019.47;15.49
2024-10-18;19.8;15.3;13.3;16.8;14.3;11.6;99.0;94.0;71.0;16.1;1.0;0.0;1017.61;1013.88;1015.745;24.89
2024-10-19;16.2;14.4;13.0;14.3;12.4;10.6;97.0;88.0;80.0;9.7;1.7;0.0;1019.3;1016.59;1017.9449999999999;3.3
2024-10-20;20.6;16.0;13.4;16.1;14.0;12.9;97.0;89.0;68.0;12.9;1.8;0.0;1028.45;1019.3;1023.875;5.08
2024-10-21;21.3;17.1;13.7;16.4;14.4;12.6;95.0;85.0;70.0;9.7;0.6;0.0;1030.14;1028.11;1029.125;0.0
2024-10-22;21.3;17.0;14.3;15.8;14.7;13.4;95.0;87.0;69.0;6.4;0.7;0.0;1029.12;1027.43;1028.275;0.0
2024-10-23;16.9;15.5;14.6;15.3;14.6;13.9;98.0;95.0;89.0;6.4;0.4;0.0;1029.46;1027.77;1028.615;1.52
2024-10-24;15.1;14.3;13.1;14.7;14.0;12.9;99.0;98.0;96.0;9.7;0.9;0.0;1028.78;1026.75;1027.7649999999999;4.32
2024-10-25;15.4;13.8;12.9;14.8;13.5;12.7;99.0;98.0;95.0;4.8;0.5;0.0;1026.75;1023.03;1024.8899999999999;7.11
2024-10-26;15.6;14.5;13.7;15.3;14.3;13.6;99.0;99.0;95.0;14.5;2.0;0.0;1023.03;1020.32;1021.675;15.75
2024-10-27;18.7;15.8;14.1;16.3;14.7;13.7;99.0;94.0;84.0;12.9;1.6;0.0;1026.41;1021.0;1023.705;0.25
2024-10-28;19.6;16.0;13.7;15.8;14.2;12.9;98.0;89.0;76.0;6.4;0.3;0.0;1027.43;1024.72;1026.075;0.0
2024-10-29;20.2;15.9;12.1;15.8;14.0;11.7;99.0;89.0;73.0;4.8;0.4;0.0;1026.41;1024.38;1025.395;0.25
2024-10-30;20.3;15.8;12.6;15.4;13.5;11.9;98.0;87.0;67.0;6.4;0.6;0.0;1025.74;1023.71;1024.725;0.25
2024-10-31;20.2;15.7;11.9;14.3;12.8;11.2;96.0;84.0;66.0;4.8;0.4;0.0;1026.41;1024.38;1025.395;0.25
2024-11-01;19.9;15.2;12.3;13.9;12.5;10.9;96.0;84.0;63.0;6.4;0.6;0.0;1025.74;1022.35;1024.045;0.0
2024-11-02;19.6;14.8;10.6;13.3;11.5;9.4;94.0;82.0;62.0;9.7;0.5;0.0;1025.74;1021.0;1023.37;0.25
2024-11-03;16.2;13.1;10.9;11.7;10.3;8.8;95.0;84.0;70.0;8.0;0.5;0.0;1028.45;1025.74;1027.095;0.0
2024-11-04;16.2;12.3;9.1;12.0;10.3;8.4;98.0;88.0;75.0;8.0;0.8;0.0;1028.11;1025.4;1026.755;0.25
2024-11-05;15.6;11.2;8.3;11.3;9.5;7.3;98.0;89.0;69.0;4.8;0.5;0.0;1027.09;1025.06;1026.0749999999998;0.25
2024-11-06;14.8;10.6;7.9;9.8;8.3;7.0;96.0;87.0;70.0;6.4;0.5;0.0;1030.48;1026.75;1028.615;0.25
2024-11-07;15.3;10.7;7.4;10.2;8.0;6.1;95.0;85.0;67.0;6.4;0.4;0.0;1031.16;1029.12;1030.1399999999999;0.25
2024-11-08;12.6;9.5;6.7;8.8;7.5;5.6;96.0;88.0;74.0;4.8;0.2;0.0;1029.8;1027.77;1028.7849999999999;0.25
2024-11-09;13.9;9.4;6.4;10.1;7.8;5.8;98.0;90.0;71.0;6.4;0.6;0.0;1029.8;1024.72;1027.26;0.0
2024-11-10;15.9;10.8;6.3;9.6;7.8;5.4;96.0;83.0;62.0;6.4;0.4;0.0;1024.72;1021.67;1023.1949999999999;0.0
2024-11-11;13.7;10.5;6.8;7.4;3.9;0.4;88.0;65.0;48.0;8.0;0.9;0.0;1025.4;1023.03;1024.2150000000001;0.0
2024-11-12;12.7;8.7;6.6;5.4;2.8;0.9;77.0;67.0;47.0;6.4;0.9;0.0;1026.41;1021.67;1024.04;0.0
2024-11-13;12.1;7.8;3.6;4.9;3.4;1.1;87.0;74.0;60.0;6.4;0.5;0.0;1026.41;1021.0;1023.705;0.0
2024-11-14;10.9;6.8;4.4;4.6;3.5;1.9;90.0;80.0;64.0;11.3;1.5;0.0;1024.38;1021.67;1023.0250000000001;0.0
2024-11-15;11.4;6.4;3.4;6.0;3.9;2.2;96.0;85.0;67.0;4.8;0.5;0.0;1026.08;1023.03;1024.5549999999998;0.0
2024-11-16;10.5;6.2;3.6;6.3;4.5;2.7;97.0;89.0;75.0;8.0;0.9;0.0;1026.08;1018.96;1022.52;0.25
2024-11-17;11.7;6.6;2.7;6.3;4.1;2.0;97.0;85.0;62.0;6.4;0.6;0.0;1018.96;1011.85;1015.405;0.25
2024-11-18;8.7;6.0;3.4;6.9;5.2;3.1;98.0;95.0;87.0;8.0;0.3;0.0;1014.22;1012.19;1013.205;0.25
2024-11-19;8.9;7.5;6.1;6.9;5.8;4.2;96.0;89.0;85.0;4.8;0.4;0.0;1014.22;1002.37;1008.2950000000001;0.0
2024-11-20;12.7;8.1;5.0;7.7;-2.7;-14.6;98.0;57.99999999999999;17.0;33.8;7.2;0.0;1006.1;995.6;1000.85;1.52
2024-11-21;8.8;4.3;0.2;-0.1;-6.2;-12.2;96.0;52.0;26.0;17.7;2.8;0.0;1007.79;993.91;1000.8499999999999;0.25
2024-11-22;7.7;3.9;-0.7;0.1;-6.2;-12.9;97.0;54.0;22.0;27.4;7.9;0.0;1019.64;992.21;1005.925;1.27
2024-11-23;10.2;6.2;2.7;-2.8;-5.9;-7.9;51.0;42.0;30.0;14.5;3.1;0.0;1032.17;1019.64;1025.905;0.0
2024-11-24;8.2;6.4;4.8;2.1;-0.1;-2.8;79.0;64.0;51.0;9.7;1.5;0.0;1034.2;1031.83;1033.0149999999999;0.0
2024-11-25;8.1;6.5;5.1;5.3;4.0;2.1;89.0;84.0;74.0;6.4;1.2;0.0;1032.17;1023.71;1027.94;0.0
2024-11-26;7.5;6.3;5.1;7.0;5.8;4.4;99.0;97.0;89.0;6.4;0.3;0.0;1024.72;1022.01;1023.365;4.06
2024-11-27;11.0;8.3;6.6;10.2;8.0;6.4;99.0;98.0;93.0;4.8;0.4;0.0;1025.74;1023.03;1024.385;0.51
2024-11-28;13.2;9.0;6.8;9.1;7.4;5.6;98.0;91.0;74.0;9.7;1.3;0.0;1025.4;1019.64;1022.52;0.0
2024-11-29;11.0;7.8;5.4;8.3;6.6;4.2;98.0;93.0;81.0;6.4;0.7;0.0;1029.46;1023.03;1026.245;0.25
2024-11-30;9.6;6.2;3.6;6.4;4.7;2.9;96.0;90.0;80.0;8.0;0.7;0.0;1031.16;1029.12;1030.1399999999999;0.25
2024-12-01;11.0;5.9;3.0;5.5;3.0;0.8;97.0;83.0;57.99999999999999;8.0;0.8;0.0;1030.48;1024.04;1027.26;0.25
2024-12-02;11.3;6.5;2.9;3.6;1.7;-0.4;92.0;72.0;51.0;4.8;0.3;0.0;1024.04;1018.63;1021.335;0.0
2024-12-03;9.8;6.4;4.4;3.8;2.2;0.9;87.0;75.0;61.0;8.0;0.8;0.0;1018.63;1015.24;1016.935;0.0
2024-12-04;12.0;6.9;3.6;3.8;2.4;1.2;86.0;74.0;55.00000000000001;8.0;1.1;0.0;1024.04;1017.95;1020.995;0.0
2024-12-05;9.4;5.3;3.3;3.8;2.0;0.8;88.0;80.0;64.0;6.4;0.4;0.0;1026.08;1023.37;1024.725;0.0
2024-12-06;10.9;4.9;1.1;2.3;1.0;-5.2;96.0;78.0;32.0;14.5;3.0;0.0;1023.37;1013.21;1018.29;0.0
2024-12-07;4.3;2.3;0.4;1.9;0.8;-0.7;98.0;90.0;70.0;16.1;1.6;0.0;1017.95;1004.74;1011.345;4.32
2024-12-08;3.9;2.9;1.3;3.3;2.4;0.6;98.0;97.0;94.0;9.7;1.5;0.0;1006.1;1000.0;1003.05;2.79
2024-12-09;6.3;4.4;3.2;4.3;3.5;2.9;98.0;94.0;86.0;14.5;1.3;0.0;1015.92;1006.1;1011.01;0.25
2024-12-10;6.8;5.4;3.9;4.9;3.4;2.0;93.0;88.0;79.0;9.7;0.7;0.0;1022.69;1015.58;1019.135;0.0
2024-12-11;9.8;5.8;2.9;4.0;2.8;1.4;94.0;82.0;66.0;6.4;0.6;0.0;1026.75;1022.35;1024.55;0.0
2024-12-12;7.8;4.2;1.8;4.4;2.4;1.0;98.0;89.0;78.0;6.4;0.4;0.0;1030.48;1026.41;1028.4450000000002;0.25
2024-12-13;5.9;3.3;0.2;3.2;2.0;-0.3;98.0;92.0;82.0;8.0;0.9;0.0;1031.83;1027.77;1029.8;0.51
2024-12-14;6.7;3.9;1.1;3.4;2.3;0.4;97.0;90.0;77.0;8.0;1.3;0.0;1027.77;1019.64;1023.7049999999999;0.51
2024-12-15;8.7;2.6;-0.7;3.2;0.6;-2.3;97.0;88.0;49.0;11.3;1.0;0.0;1033.86;1021.0;1027.4299999999998;0.25
2024-12-16;12.3;7.9;3.7;3.1;0.2;-2.5;81.0;59.0;43.0;6.4;0.9;0.0;1036.23;1032.51;1034.37;0.0
2024-12-17;12.1;8.9;4.7;7.0;5.1;1.9;92.0;78.0;63.0;9.7;1.2;0.0;1033.19;1029.12;1031.155;0.0
2024-12-18;11.9;7.7;3.7;7.4;5.4;2.4;96.0;86.0;71.0;9.7;1.3;0.0;1029.8;1024.04;1026.92;0.0
2024-12-19;6.4;4.4;3.6;5.8;4.1;3.1;99.0;98.0;93.0;12.9;1.4;0.0;1024.04;1003.73;1013.885;12.7
2024-12-20;10.6;8.7;4.2;4.9;-7.6;-10.0;99.0;32.0;25.0;46.7;13.2;0.0;1018.96;1002.71;1010.835;0.25
2024-12-21;8.7;5.4;2.5;-2.9;-5.4;-9.6;65.0;47.0;31.0;6.4;0.3;0.0;1024.72;1018.96;1021.84;0.0
2024-12-22;4.9;2.6;0.2;0.4;-1.9;-5.5;95.0;74.0;49.0;16.1;0.5;0.0;1021.0;1002.37;1011.685;0.51
2024-12-23;9.8;7.0;0.9;0.2;-6.7;-12.0;93.0;39.0;23.0;32.2;9.4;0.0;1011.51;1002.37;1006.94;0.0
2024-12-24;10.5;8.5;4.3;-8.1;-10.4;-11.8;40.0;25.0;21.0;41.8;10.4;0.0;1024.04;1011.18;1017.6099999999999;0.0
2024-12-25;10.3;6.6;3.8;-4.4;-7.6;-10.2;50.0;36.0;28.999999999999996;8.0;0.3;0.0;1032.17;1024.04;1028.105;0.0
2024-12-26;10.0;5.9;0.6;-4.6;-6.1;-8.4;63.0;42.0;30.0;6.4;0.5;0.0;1034.88;1031.16;1033.02;0.0
2024-12-27;11.5;6.8;2.4;-2.7;-6.0;-8.5;55.00000000000001;41.0;26.0;3.2;0.1;0.0;1034.88;1031.49;1033.185;0.0
2024-12-28;14.8;9.0;4.7;2.0;-3.1;-6.8;62.0;43.0;30.0;3.2;0.0;0.0;1031.49;1026.41;1028.95;0.0
2024-12-29;14.7;10.0;6.0;1.9;-1.5;-3.9;53.0;45.0;35.0;1.6;0.0;0.0;1028.45;1026.41;1027.43;0.0
2024-12-30;13.9;8.9;5.9;1.0;-1.3;-4.2;64.0;49.0;36.0;4.8;0.1;0.0;1031.16;1028.11;1029.635;0.0
2024-12-31;11.4;7.5;3.9;1.9;0.3;-1.8;77.0;61.0;49.0;4.8;0.1;0.0;1032.51;1030.14;1031.325;0.0
2025-01-01;10.5;7.1;4.3;;;;;72.0;;;0.7;;;;1030.5;
2025-01-02;7.7;5.1;3.0;;;;;89.0;;;0.4;;;;1021.5;0.4
2025-01-03;12.0;6.9;2.7;;;;;68.0;;;1.9;;;;1015.0;
2025-01-04;4.1;2.5;0.6;;;;;87.0;;;0.1;;;;1021.5;
2025-01-05;3.7;2.6;1.6;;;;;88.0;;;0.0;;;;1018.4;0.6
2025-01-06;2.9;2.4;1.9;;;;;97.0;;;0.1;;;;1013.4;19.4
2025-01-07;5.1;3.8;2.6;;;;;97.0;;;0.2;;;;1009.7;9.6
2025-01-08;5.8;4.2;2.5;;;;;97.0;;;0.4;;;;1014.3;2.4
2025-01-09;6.0;5.1;4.1;;;;;98.0;;;0.4;;;;1010.8;4.4
2025-01-10;11.4;6.1;3.1;;;;;68.0;;;6.4;;;;1012.7;0.2
2025-01-11;6.3;3.6;0.9;;;;;70.0;;;0.1;;;;1018.3;
2025-01-12;6.7;3.1;1.1;;;;;56.99999999999999;;;0.5;;;;1025.6;
2025-01-13;5.6;1.8;-1.2;;;;;62.0;;;1.0;;;;1032.4;
2025-01-14;4.3;1.4;-0.9;;;;;70.0;;;0.9;;;;1034.2;
2025-01-15;6.0;2.6;-0.2;;;;;57.99999999999999;;;0.4;;;;1026.5;
2025-01-16;7.9;4.5;1.6;;;;;59.0;;;0.6;;;;1033.9;
2025-01-17;6.3;3.2;0.8;;;;;76.0;;;0.7;;;;1036.7;
2025-01-18;9.3;5.8;1.8;;;;;62.0;;;0.5;;;;1030.2;
2025-01-19;8.2;5.7;4.3;;;;;72.0;;;1.3;;;;1025.6;3.4
2025-01-20;7.5;5.7;4.2;;;;;92.0;;;0.7;;;;1023.0;7.0
2025-01-21;9.6;6.5;4.8;;;;;93.0;;;0.6;;;;1018.8;
2025-01-22;6.0;5.1;3.8;;;;;97.0;;;0.2;;;;1017.4;4.0
2025-01-23;9.0;5.7;4.2;;;;;96.0;;;0.4;;;;1013.8;3.0
2025-01-24;10.0;6.0;2.7;;;;;91.0;;;0.4;;;;1018.8;0.2
2025-01-25;6.6;5.6;3.8;;;;;96.0;;;0.4;;;;1020.9;2.4
2025-01-26;7.4;5.7;4.6;;;;;99.0;;;2.0;;;;1015.2;20.0
2025-01-27;7.4;6.4;5.4;;;;;99.0;;;0.7;;;;1012.2;34.6
2025-01-28;8.7;7.0;4.8;;;;;95.0;;;2.2;;;;1001.3;15.0
2025-01-29;10.4;7.2;4.0;;;;;80.0;;;1.0;;;;1013.4;
2025-01-30;10.4;7.0;4.0;;;;;86.0;;;0.4;;;;1020.1;
2025-01-31;6.7;5.1;3.9;;;;;92.0;;;0.5;;;;1025.0;4.4
2025-02-01;7.1;6.2;5.2;;;;;96.0;;;1.1;;;;1026.8;7.4
2025-02-02;12.3;7.5;4.2;;;;;85.0;;;0.3;;;;1021.8;0.2
2025-02-03;12.6;7.5;4.3;;;;;84.0;;;0.5;;;;1023.2;
2025-02-04;9.0;5.7;3.5;;;;;84.0;;;0.8;;;;1028.4;0.2
2025-02-05;10.6;6.3;2.7;;;;;81.0;;;0.4;;;;1032.6;
2025-02-06;10.1;6.6;3.8;;;;;72.0;;;0.9;;;;1032.1;
2025-02-07;6.1;4.0;1.7;;;;;74.0;;;0.6;;;;1031.0;
2025-02-08;4.4;2.8;1.0;;;;;89.0;;;1.3;;;;1030.2;15.0
2025-02-09;7.1;4.8;2.7;;;;;97.0;;;1.8;;;;1028.6;17.4
2025-02-10;9.6;6.9;5.3;;;;;97.0;;;0.2;;;;1026.2;0.6
2025-02-11;7.3;6.6;5.6;;;;;99.0;;;0.1;;;;1024.7;11.4
2025-02-12;8.8;7.0;6.0;;;;;98.0;;;0.2;;;;1021.9;0.8
2025-02-13;9.1;7.2;5.7;;;;;96.0;;;0.1;;;;1017.6;
2025-02-14;9.7;4.8;0.6;;;;;82.0;;;2.6;;;;1012.3;0.8
2025-02-15;8.1;3.9;1.0;;;;;78.0;;;1.5;;;;1018.5;0.2
2025-02-16;4.3;2.5;0.9;;;;;85.0;;;0.9;;;;1016.2;
2025-02-17;3.0;2.3;1.2;;;;;78.0;;;0.5;;;;1020.1;
2025-02-18;4.3;2.6;1.4;;;;;79.0;;;0.9;;;;1023.2;
2025-02-19;4.3;2.3;0.9;;;;;69.0;;;0.4;;;;1029.5;
2025-02-20;8.6;3.6;-0.1;;;;;75.0;;;0.8;;;;1030.9;
2025-02-21;12.7;6.4;1.1;;;;;76.0;;;0.9;;;;1030.5;
2025-02-22;8.6;6.7;5.2;;;;;88.0;;;0.5;;;;1028.0;0.4
2025-02-23;11.8;7.8;5.8;;;;;90.0;;;0.5;;;;1030.0;
2025-02-24;12.4;8.2;4.5;;;;;92.0;;;0.6;;;;1027.5;0.2
2025-02-25;9.0;8.3;7.5;;;;;96.0;;;1.9;;;;1019.4;11.8
2025-02-26;13.3;8.6;6.7;;;;;93.0;;;0.6;;;;1014.2;
2025-02-27;13.8;8.7;4.3;;;;;84.0;;;0.6;;;;1017.0;0.2
2025-02-28;12.0;8.5;4.6;;;;;81.0;;;1.3;;;;1019.3;
2025-03-01;11.6;7.7;5.0;;;;;78.0;;;2.7;;;;1023.6;1.4
2025-03-02;12.6;8.1;5.1;;;;;75.0;;;1.3;;;;1028.9;
2025-03-03;14.9;8.9;3.5;;;;;68.0;;;0.8;;;;1028.1;
2025-03-04;15.5;10.2;5.3;;;;;59.0;;;0.9;;;;1026.0;
2025-03-05;16.3;11.5;6.2;;;;;51.0;;;1.2;;;;1027.1;
2025-03-06;16.1;12.1;9.0;;;;;49.0;;;1.1;;;;1026.4;
2025-03-07;15.6;11.6;7.0;;;;;53.0;;;1.0;;;;1021.3;
2025-03-08;16.9;11.8;6.4;;;;;52.0;;;1.0;;;;1016.4;
2025-03-09;14.9;11.3;7.6;;;;;57.99999999999999;;;1.1;;;;1011.6;2.0
2025-03-10;11.3;8.6;6.2;;;;;90.0;;;1.4;;;;1006.9;20.4
2025-03-11;12.8;9.3;7.3;;;;;90.0;;;0.8;;;;1005.9;4.0
2025-03-12;9.9;8.4;7.2;;;;;96.0;;;2.5;;;;998.8;20.8
2025-03-13;13.2;9.5;7.4;;;;;87.0;;;2.0;;;;996.1;3.0
2025-03-14;10.4;8.7;7.2;;;;;92.0;;;2.5;;;;1000.2;15.8
2025-03-15;10.3;8.7;7.4;;;;;96.0;;;2.8;;;;1005.5;6.8
2025-03-16;12.2;9.0;7.0;;;;;77.0;;;3.2;;;;1011.6;6.4
2025-03-17;15.3;9.7;4.1;;;;;73.0;;;2.6;;;;1016.5;0.2
2025-03-18;7.7;5.1;1.5;;;;;76.0;;;4.9;;;;1028.3;1.4
2025-03-19;12.6;6.5;1.7;;;;;66.0;;;1.1;;;;1032.0;
2025-03-20;14.6;8.8;3.7;;;;;59.0;;;1.1;;;;1030.5;
2025-03-21;11.4;8.7;6.4;;;;;72.0;;;0.8;;;;1025.1;
2025-03-22;8.6;7.7;6.6;;;;;96.0;;;2.0;;;;1014.8;13.8
2025-03-23;11.2;8.8;7.7;;;;;95.0;;;2.9;;;;1009.7;30.6
2025-03-24;15.6;10.9;7.8;;;;;83.0;;;0.9;;;;1013.1;1.2
2025-03-25;16.9;11.9;8.0;;;;;78.0;;;1.6;;;;1016.3;
2025-03-26;18.1;13.0;9.1;;;;;71.0;;;1.4;;;;1014.6;
2025-03-27;18.5;13.5;8.2;;;;;63.0;;;1.9;;;;1011.0;
2025-03-28;19.1;13.7;9.2;;;;;60.0;;;1.6;;;;1006.5;
2025-03-29;15.7;11.6;9.1;;;;;83.0;;;1.7;;;;1005.3;
2025-03-30;20.6;14.7;7.8;;;;;64.0;;;2.2;;;;1011.3;
2025-03-31;19.8;15.6;11.2;;;;;31.0;;;7.5;;;;1011.9;
2025-04-01;15.8;11.6;6.6;;;;;44.0;;;2.3;;;;1014.7;
2025-04-02;16.5;12.4;9.2;;;;;56.00000000000001;;;2.1;;;;1017.3;
2025-04-03;19.6;14.4;8.9;;;;;60.0;;;1.2;;;;1021.1;
2025-04-04;20.1;15.5;10.3;;;;;59.0;;;1.4;;;;1018.2;
2025-04-05;21.9;16.9;12.0;;;;;56.99999999999999;;;2.0;;;;1010.8;
2025-04-06;19.8;13.4;8.4;;;;;64.0;;;5.2;;;;1009.1;
2025-04-07;13.5;9.5;7.0;;;;;57.99999999999999;;;3.5;;;;1020.0;
2025-04-08;13.4;8.7;6.3;;;;;64.0;;;2.1;;;;1025.2;
2025-04-09;17.1;11.6;5.9;;;;;61.0;;;1.8;;;;1021.4;
2025-04-10;19.9;13.8;7.4;;;;;62.0;;;1.6;;;;1020.5;
2025-04-11;22.4;16.4;12.0;;;;;59.0;;;2.1;;;;1017.6;
2025-04-12;19.3;14.9;10.6;;;;;76.0;;;1.9;;;;1015.2;
2025-04-13;16.5;13.2;10.9;;;;;81.0;;;1.9;;;;1014.1;2.2
2025-04-14;11.3;10.8;10.4;;;;;97.0;;;1.5;;;;1012.7;7.8
2025-04-15;14.0;12.0;10.6;;;;;97.0;;;1.6;;;;1006.9;9.8
2025-04-16;18.4;14.0;11.7;;;;;91.0;;;6.1;;;;1009.1;9.8
2025-04-17;16.8;12.9;10.6;;;;;87.0;;;7.8;;;;1003.3;25.2
2025-04-18;18.3;13.1;9.5;;;;;84.0;;;1.9;;;;1011.0;2.8
2025-04-19;15.4;12.9;11.3;;;;;83.0;;;2.0;;;;1013.5;0.2
2025-04-20;15.3;13.3;12.1;;;;;87.0;;;3.7;;;;1011.6;1.8
2025-04-21;19.4;14.4;10.3;;;;;73.0;;;1.0;;;;1012.7;
2025-04-22;22.2;16.7;10.2;;;;;63.0;;;1.5;;;;1014.0;
2025-04-23;21.0;17.0;12.1;;;;;71.0;;;3.6;;;;1012.4;4.4
2025-04-24;20.0;14.9;9.9;;;;;65.0;;;4.6;;;;1010.0;9.0
2025-04-25;21.5;15.4;10.2;;;;;64.0;;;3.3;;;;1010.9;
2025-04-26;21.3;16.0;11.3;;;;;65.0;;;1.9;;;;1014.4;
2025-04-27;19.6;15.3;11.9;;;;;79.0;;;2.1;;;;1020.2;1.6
2025-04-28;22.8;18.0;12.6;;;;;64.0;;;1.5;;;;1023.1;
2025-04-29;25.1;19.7;14.1;;;;;60.0;;;1.1;;;;1022.0;
2025-04-30;25.8;20.7;16.2;;;;;57.99999999999999;;;1.3;;;;1019.9;
2025-05-01;26.9;21.9;16.8;;;;;55.00000000000001;;;1.5;;;;1018.8;
2025-05-02;28.0;22.9;17.4;;;;;48.0;;;1.3;;;;1018.1;
2025-05-03;24.7;20.6;15.9;;;;;48.0;;;1.8;;;;1014.3;
2025-05-04;19.8;16.8;13.1;;;;;76.0;;;1.7;;;;1007.7;0.8
2025-05-05;17.6;14.4;11.9;;;;;94.0;;;3.6;;;;1001.6;52.4
2025-05-06;14.9;12.8;11.3;;;;;95.0;;;3.1;;;;1007.6;28.4
2025-05-07;17.7;12.5;10.6;;;;;91.0;;;3.6;;;;1011.0;7.0
2025-05-08;16.3;12.4;9.4;;;;;87.0;;;1.7;;;;1010.5;
2025-05-09;17.9;12.9;10.3;;;;;86.0;;;3.3;;;;1014.6;8.2
2025-05-10;19.0;14.1;10.6;;;;;82.0;;;1.5;;;;1018.4;24.0
2025-05-11;23.0;17.7;12.5;;;;;65.0;;;1.5;;;;1013.8;
2025-05-12;22.7;17.9;12.8;;;;;68.0;;;1.7;;;;1010.2;
2025-05-13;20.7;15.8;12.5;;;;;78.0;;;2.7;;;;1014.1;1.0
2025-05-14;22.4;16.8;12.9;;;;;76.0;;;1.0;;;;1015.6;2.2
2025-05-15;26.1;20.0;13.8;;;;;56.99999999999999;;;4.3;;;;1008.4;
2025-05-16;19.8;15.4;10.7;;;;;70.0;;;3.3;;;;1011.4;1.4
2025-05-17;22.1;16.7;11.6;;;;;56.99999999999999;;;2.1;;;;1012.9;
2025-05-18;23.3;17.6;12.1;;;;;62.0;;;3.2;;;;1014.0;
2025-05-19;23.4;18.5;13.9;;;;;72.0;;;2.4;;;;1015.5;
2025-05-20;21.9;16.5;13.2;;;;;85.0;;;2.0;;;;1014.8;62.4
2025-05-21;23.0;17.0;13.0;;;;;82.0;;;2.8;;;;1011.6;1.4
2025-05-22;16.3;13.6;12.3;;;;;94.0;;;2.0;;;;1006.5;42.6
2025-05-23;20.2;15.0;11.6;;;;;81.0;;;2.8;;;;1011.0;
2025-05-24;20.7;15.8;11.3;;;;;69.0;;;1.7;;;;1015.8;
2025-05-25;23.1;18.0;12.5;;;;;61.0;;;2.2;;;;1016.0;
2025-05-26;25.5;18.9;14.1;;;;;70.0;;;2.3;;;;1014.5;1.4
2025-05-27;21.0;17.0;13.2;;;;;81.0;;;3.1;;;;1017.9;46.2
2025-05-28;25.4;19.7;13.7;;;;;74.0;;;1.8;;;;1017.4;
2025-05-29;28.6;23.5;19.2;;;;;40.0;;;6.0;;;;1015.8;
2025-05-30;27.7;23.1;18.7;;;;;52.0;;;2.6;;;;1019.8;
2025-05-31;27.9;23.1;17.3;;;;;61.0;;;1.6;;;;1019.5;
2025-06-01;29.1;24.2;19.8;;;;;62.0;;;1.3;;;;1016.7;
2025-06-02;24.6;21.5;18.4;;;;;70.0;;;1.7;;;;1015.9;2.0
2025-06-03;25.0;21.1;17.8;;;;;77.0;;;0.9;;;;1015.9;
2025-06-04;23.5;20.4;18.3;;;;;79.0;;;2.1;;;;1015.7;0.6
2025-06-05;25.4;19.9;17.7;;;;;81.0;;;1.9;;;;1014.7;0.2
2025-06-06;27.1;21.5;17.7;;;;;76.0;;;1.3;;;;1016.2;
2025-06-07;26.0;21.8;18.1;;;;;74.0;;;1.4;;;;1013.8;
2025-06-08;28.3;23.2;18.6;;;;;70.0;;;2.1;;;;1011.8;
2025-06-09;28.0;23.4;17.7;;;;;47.0;;;2.3;;;;1017.3;
2025-06-10;28.3;23.2;18.4;;;;;63.0;;;2.1;;;;1017.8;
2025-06-11;29.9;24.9;18.1;;;;;66.0;;;1.9;;;;1014.1;
2025-06-12;31.5;26.7;21.2;;;;;62.0;;;1.5;;;;1015.6;
2025-06-13;33.0;27.5;22.1;;;;;63.0;;;1.1;;;;1017.9;
2025-06-14;33.3;27.9;23.4;;;;;60.0;;;2.6;;;;1018.0;
2025-06-15;33.6;27.8;22.7;;;;;52.0;;;2.8;;;;1016.0;
2025-06-16;29.2;24.9;19.5;;;;;64.0;;;3.6;;;;1015.2;
2025-06-17;28.4;22.1;16.6;;;;;64.0;;;1.6;;;;1019.9;
2025-06-18;29.7;24.6;18.3;;;;;59.0;;;1.4;;;;1020.0;
2025-06-19;32.5;27.2;22.1;;;;;55.00000000000001;;;1.4;;;;1017.6;
2025-06-20;32.9;28.1;23.2;;;;;56.00000000000001;;;1.5;;;;1016.4;
2025-06-21;29.2;24.9;19.8;;;;;63.0;;;4.4;;;;1018.4;
2025-06-22;30.4;24.8;18.8;;;;;61.0;;;1.8;;;;1019.3;
2025-06-23;32.5;27.0;20.3;;;;;57.99999999999999;;;2.1;;;;1015.0;
2025-06-24;32.4;26.7;20.2;;;;;67.0;;;1.8;;;;1013.0;
2025-06-25;33.9;28.4;22.8;;;;;63.0;;;1.9;;;;1013.8;
2025-06-26;33.1;28.0;24.4;;;;;55.00000000000001;;;4.3;;;;1013.2;
2025-06-27;33.6;27.9;20.9;;;;;48.0;;;2.3;;;;1017.4;
2025-06-28;34.7;29.2;23.7;;;;;51.0;;;1.8;;;;1019.3;
2025-06-29;34.5;30.1;25.7;;;;;51.0;;;2.1;;;;1018.5;
2025-06-30;35.5;29.7;24.8;;;;;53.0;;;2.4;;;;1015.7;
2025-07-01;33.6;28.3;18.4;;;;;56.99999999999999;;;3.5;;;;1014.8;16.4
2025-07-02;33.7;26.4;21.5;;;;;64.0;;;2.3;;;;1015.8;
2025-07-03;34.3;27.7;22.7;;;;;60.0;;;1.5;;;;1016.7;
2025-07-04;34.8;29.5;24.0;;;;;52.0;;;1.9;;;;1016.5;
2025-07-05;29.8;24.5;18.0;;;;;73.0;;;1.7;;;;1015.2;59.8
2025-07-06;28.0;22.1;17.3;;;;;81.0;;;3.3;;;;1009.3;51.8
2025-07-07;28.2;21.0;12.2;;;;;79.0;;;4.5;;;;1002.4;52.0
2025-07-08;26.2;19.7;13.5;;;;;55.00000000000001;;;6.5;;;;1005.8;
2025-07-09;27.4;20.0;12.8;;;;;54.0;;;1.9;;;;1014.9;
2025-07-10;27.2;22.6;16.9;;;;;48.0;;;1.8;;;;1016.1;
2025-07-11;28.8;24.3;19.6;;;;;48.0;;;1.5;;;;1013.3;
2025-07-12;27.3;22.8;18.1;;;;;65.0;;;1.9;;;;1012.4;
2025-07-13;25.8;21.6;18.5;;;;;78.0;;;2.0;;;;1014.0;17.6
2025-07-14;29.8;24.0;18.1;;;;;72.0;;;2.1;;;;1016.4;
2025-07-15;32.1;26.4;20.6;;;;;64.0;;;1.0;;;;1014.7;
2025-07-16;31.3;26.3;21.2;;;;;63.0;;;1.4;;;;1010.6;
2025-07-17;29.4;25.3;19.9;;;;;67.0;;;2.0;;;;1009.5;
2025-07-18;30.3;25.4;21.2;;;;;53.0;;;1.7;;;;1011.8;
2025-07-19;29.1;24.9;21.7;;;;;67.0;;;1.4;;;;1010.7;
2025-07-20;30.2;25.2;20.3;;;;;72.0;;;1.6;;;;1007.6;13.8
2025-07-21;29.2;22.8;16.5;;;;;80.0;;;1.7;;;;1005.3;30.6
2025-07-22;30.5;25.2;20.0;;;;;65.0;;;1.2;;;;1008.7;
2025-07-23;29.9;24.6;20.1;;;;;68.0;;;1.5;;;;1010.0;
2025-07-24;26.7;21.6;17.1;;;;;79.0;;;2.7;;;;1009.1;1.4
2025-07-25;24.4;20.1;16.7;;;;;78.0;;;3.2;;;;1012.1;2.4
2025-07-26;21.2;17.8;15.9;;;;;94.0;;;1.2;;;;1010.8;29.2
2025-07-27;30.3;23.0;16.2;;;;;66.0;;;2.4;;;;1007.8;
2025-07-28;25.0;21.2;17.3;;;;;72.0;;;2.5;;;;1006.4;0.6
2025-07-29;27.3;21.9;15.1;;;;;64.0;;;1.3;;;;1011.7;
2025-07-30;25.8;21.1;17.1;;;;;66.0;;;3.2;;;;1014.9;1.2
2025-07-31;28.8;23.2;17.4;;;;;62.0;;;1.2;;;;1014.4;
2025-08-01;25.6;21.2;16.7;;;;;75.0;;;2.4;;;;1011.5;29.6
2025-08-02;24.7;18.7;14.3;;;;;87.0;;;2.7;;;;1009.3;59.8
2025-08-03;26.9;21.2;15.8;;;;;68.0;;;1.6;;;;1013.7;
2025-08-04;28.6;22.5;18.1;;;;;62.0;;;1.1;;;;1017.8;
2025-08-05;29.0;23.8;18.6;;;;;65.0;;;1.3;;;;1017.7;
2025-08-06;26.2;23.3;19.3;;;;;72.0;;;1.6;;;;1018.2;
2025-08-07;29.3;24.1;20.6;;;;;68.0;;;1.3;;;;1019.2;
2025-08-08;31.0;25.8;19.7;;;;;68.0;;;0.9;;;;1019.0;
2025-08-09;33.7;28.2;23.3;;;;;63.0;;;0.7;;;;1018.7;
2025-08-10;35.2;29.3;24.3;;;;;65.0;;;0.9;;;;1017.7;
2025-08-11;33.4;30.0;26.6;;;;;54.0;;;1.2;;;;1016.9;
2025-08-12;32.9;28.6;24.5;;;;;62.0;;;1.1;;;;1015.7;
2025-08-13;34.1;28.8;24.3;;;;;65.0;;;1.5;;;;1015.2;
2025-08-14;34.0;29.2;24.6;;;;;65.0;;;0.9;;;;1014.8;
2025-08-15;34.3;29.0;24.6;;;;;55.00000000000001;;;2.2;;;;1016.2;
2025-08-16;33.3;28.1;23.9;;;;;52.0;;;1.8;;;;1013.9;
2025-08-17;32.1;27.5;22.7;;;;;55.00000000000001;;;1.2;;;;1010.7;
2025-08-18;29.7;25.7;22.1;;;;;60.0;;;1.8;;;;1013.2;
2025-08-19;29.8;25.2;22.0;;;;;62.0;;;1.9;;;;1012.4;
2025-08-20;24.4;21.3;17.0;;;;;85.0;;;2.4;;;;1008.1;7.4
2025-08-21;23.9;19.3;17.4;;;;;89.0;;;1.8;;;;1005.5;3.0
2025-08-22;27.7;21.4;15.9;;;;;77.0;;;1.9;;;;1009.2;0.2
2025-08-23;26.2;22.1;18.4;;;;;76.0;;;1.6;;;;1011.8;0.4
2025-08-24;22.2;19.0;15.2;;;;;84.0;;;3.4;;;;1015.7;8.0
2025-08-25;26.4;21.1;16.9;;;;;73.0;;;0.9;;;;1017.1;
2025-08-26;27.6;22.5;17.7;;;;;71.0;;;0.8;;;;1014.6;
2025-08-27;24.8;21.7;18.7;;;;;82.0;;;1.1;;;;1014.0;6.0
2025-08-28;21.9;19.2;17.5;;;;;94.0;;;3.8;;;;1008.1;44.0
2025-08-29;21.7;17.8;16.4;;;;;94.0;;;3.6;;;;1004.9;52.2
2025-08-30;25.0;18.1;13.0;;;;;80.0;;;3.8;;;;1007.7;15.6
2025-08-31;26.9;21.4;15.3;;;;;63.0;;;0.9;;;;1012.3;
2025-09-01;20.0;18.8;17.1;;;;;84.0;;;1.2;;;;1011.8;1.4
2025-09-02;23.2;17.8;14.5;;;;;88.0;;;1.0;;;;1010.6;45.6
2025-09-03;25.9;20.4;14.9;;;;;75.0;;;1.1;;;;1014.6;
2025-09-04;27.7;22.1;16.3;;;;;68.0;;;0.9;;;;1014.9;8.2
2025-09-05;25.8;20.9;16.3;;;;;68.0;;;3.3;;;;1015.3;0.8
2025-09-06;26.2;20.5;14.3;;;;;56.00000000000001;;;0.9;;;;1019.8;
2025-09-07;26.7;21.8;17.5;;;;;62.0;;;0.9;;;;1018.6;
2025-09-08;23.3;20.6;17.9;;;;;74.0;;;0.5;;;;1014.8;
2025-09-09;24.2;20.8;18.5;;;;;81.0;;;1.2;;;;1012.1;
2025-09-10;23.7;18.6;15.2;;;;;89.0;;;2.1;;;;1007.9;49.0
2025-09-11;25.2;20.4;15.9;;;;;80.0;;;0.9;;;;1010.9;
2025-09-12;25.5;21.2;17.9;;;;;74.0;;;1.2;;;;1015.9;1.6
2025-09-13;21.4;18.8;17.0;;;;;86.0;;;1.2;;;;1018.1;1.4
2025-09-14;24.8;20.0;15.9;;;;;80.0;;;1.1;;;;1016.4;1.8
2025-09-15;25.3;20.9;16.2;;;;;77.0;;;1.0;;;;1018.8;
2025-09-16;27.0;22.0;18.0;;;;;76.0;;;2.1;;;;1015.8;
2025-09-17;24.8;20.3;16.6;;;;;74.0;;;1.7;;;;1019.5;
2025-09-18;25.9;21.2;17.4;;;;;71.0;;;0.6;;;;1024.7;
2025-09-19;28.4;22.4;16.9;;;;;74.0;;;0.8;;;;1026.2;
2025-09-20;29.3;23.7;18.7;;;;;72.0;;;0.5;;;;1022.8;
2025-09-21;26.4;22.8;20.0;;;;;75.0;;;2.6;;;;1015.8;
2025-09-22;20.3;18.0;15.1;;;;;94.0;;;4.0;;;;1011.0;83.8
2025-09-23;22.1;18.6;16.0;;;;;88.0;;;3.2;;;;1012.6;7.6
2025-09-24;20.8;15.4;11.4;;;;;78.0;;;2.5;;;;1012.8;7.2
2025-09-25;17.7;13.6;10.1;;;;;80.0;;;1.8;;;;1016.1;0.2
2025-09-26;14.5;12.8;11.6;;;;;88.0;;;1.4;;;;1018.9;7.8
2025-09-27;15.1;12.4;8.9;;;;;91.0;;;3.3;;;;1019.8;31.0
2025-09-28;21.1;15.3;10.0;;;;;73.0;;;1.7;;;;1018.8;
2025-09-29;21.9;16.6;11.7;;;;;70.0;;;0.8;;;;1017.7;
2025-09-30;20.4;16.7;12.7;;;;;75.0;;;1.1;;;;1018.6;
2025-10-01;17.1;14.1;11.4;;;;;81.0;;;1.8;;;;1021.0;
2025-10-02;17.4;13.2;9.8;;;;;68.0;;;1.0;;;;1023.1;
2025-10-03;15.8;12.6;10.0;;;;;74.0;;;0.9;;;;1021.0;
2025-10-04;15.8;12.5;9.0;;;;;86.0;;;0.9;;;;1015.2;0.8
2025-10-05;18.8;13.9;9.8;;;;;72.0;;;5.2;;;;1012.0;
2025-10-06;21.0;15.0;10.1;;;;;53.0;;;3.6;;;;1019.4;
2025-10-07;21.1;15.4;10.8;;;;;62.0;;;0.9;;;;1020.8;
2025-10-08;20.4;15.8;12.7;;;;;74.0;;;0.9;;;;1020.4;
2025-10-09;20.8;16.1;13.0;;;;;76.0;;;0.5;;;;1020.3;
2025-10-10;22.0;17.1;12.4;;;;;79.0;;;0.5;;;;1026.0;
2025-10-11;21.5;16.9;13.6;;;;;82.0;;;0.7;;;;1027.5;
2025-10-12;20.0;16.9;14.4;;;;;84.0;;;0.3;;;;1024.9;
2025-10-13;19.4;15.8;13.4;;;;;86.0;;;0.5;;;;1021.4;
2025-10-14;17.8;14.7;13.4;;;;;87.0;;;0.5;;;;1021.1;
2025-10-15;18.6;15.3;13.3;;;;;80.0;;;0.6;;;;1021.1;
2025-10-16;17.4;14.2;12.0;;;;;75.0;;;0.9;;;;1020.3;
2025-10-17;17.8;13.9;11.4;;;;;70.0;;;0.6;;;;1019.4;
2025-10-18;17.7;12.9;9.3;;;;;75.0;;;0.7;;;;1021.7;
2025-10-19;16.3;13.3;11.5;;;;;72.0;;;0.5;;;;1021.3;
2025-10-20;12.3;11.0;9.9;;;;;87.0;;;0.3;;;;1013.5;11.8
2025-10-21;14.4;11.8;10.2;;;;;95.0;;;0.4;;;;1007.9;1.4
2025-10-22;15.7;12.6;10.3;;;;;93.0;;;0.3;;;;1007.5;
2025-10-23;12.5;11.9;9.9;;;;;97.0;;;2.2;;;;1000.1;13.2
2025-10-24;18.3;13.0;6.5;;;;;55.00000000000001;;;2.9;;;;1005.3;
2025-10-25;15.9;12.2;9.0;;;;;63.0;;;1.0;;;;1008.0;
2025-10-26;17.3;12.5;8.1;;;;;62.0;;;4.6;;;;1005.3;
2025-10-27;16.5;12.2;7.8;;;;;50.0;;;2.4;;;;1007.8;
2025-10-28;18.2;12.4;6.7;;;;;67.0;;;1.2;;;;1014.6;
2025-10-29;13.7;11.1;10.0;;;;;83.0;;;0.8;;;;1016.8;8.6
2025-10-30;16.7;12.7;10.6;;;;;94.0;;;1.3;;;;1014.0;14.0
2025-10-31;14.5;13.3;12.2;;;;;96.0;;;0.5;;;;1018.9;4.0
2025-11-01;16.1;14.4;13.4;;;;;98.0;;;0.1;;;;1019.8;0.4
2025-11-02;14.0;13.2;10.9;;;;;95.0;;;2.9;;;;1014.0;14.8
2025-11-03;18.1;13.8;10.2;;;;;54.0;;;3.7;;;;1018.9;
2025-11-04;15.9;11.8;8.3;;;;;66.0;;;0.5;;;;1026.2;
2025-11-05;15.7;10.8;6.4;;;;;76.0;;;0.4;;;;1023.4;
2025-11-06;15.8;10.9;6.4;;;;;71.0;;;0.5;;;;1016.8;
2025-11-07;12.7;9.9;7.3;;;;;72.0;;;0.6;;;;1013.9;
2025-11-08;13.2;9.3;6.1;;;;;80.0;;;0.8;;;;1013.9;
2025-11-09;13.3;9.8;7.7;;;;;80.0;;;0.5;;;;1017.3;
2025-11-10;14.8;9.7;6.0;;;;;81.0;;;0.4;;;;1016.2;
2025-11-11;15.4;11.4;7.2;;;;;74.0;;;0.8;;;;1018.4;
2025-11-12;16.0;11.7;7.7;;;;;77.0;;;0.9;;;;1022.3;
2025-11-13;16.8;13.2;9.8;;;;;73.0;;;1.0;;;;1023.8;
2025-11-14;14.1;12.2;10.0;;;;;84.0;;;0.6;;;;1020.9;
2025-11-15;10.8;9.9;9.3;;;;;97.0;;;1.3;;;;1016.9;7.0
2025-11-16;11.1;10.5;9.9;;;;;99.0;;;1.9;;;;1011.7;39.2
2025-11-17;13.0;11.0;9.8;;;;;87.0;;;4.9;;;;1005.0;3.2
2025-11-18;10.2;8.1;6.3;;;;;65.0;;;3.0;;;;1014.9;
2025-11-19;7.1;5.4;4.0;;;;;80.0;;;0.7;;;;1013.3;
2025-11-20;8.2;5.1;3.0;;;;;84.0;;;1.1;;;;1007.8;0.8
2025-11-21;4.5;2.2;0.2;;;;;91.0;;;3.1;;;;1010.0;18.4
2025-11-22;7.7;4.1;1.5;;;;;65.0;;;1.2;;;;1017.1;1.0
2025-11-23;6.5;3.4;0.2;;;;;68.0;;;0.6;;;;1017.9;
2025-11-24;2.3;1.5;0.4;;;;;96.0;;;0.6;;;;1009.3;7.8
2025-11-25;7.9;4.4;1.6;;;;;87.0;;;2.0;;;;1001.1;0.8
2025-11-26;12.4;8.0;3.5;;;;;51.0;;;4.1;;;;1008.5;
2025-11-27;10.3;6.3;2.6;;;;;60.0;;;0.8;;;;1017.8;
2025-11-28;8.9;5.0;1.5;;;;;69.0;;;0.6;;;;1019.3;
2025-11-29;9.8;5.8;3.3;;;;;63.0;;;0.6;;;;1015.6;
2025-11-30;11.1;7.2;4.0;;;;;69.0;;;1.2;;;;1015.7;
2025-12-01;8.0;5.0;4.2;;;;;95.0;;;1.3;;;;1019.4;2.6
2025-12-02;8.9;7.0;5.4;;;;;95.0;;;0.5;;;;1018.2;0.6
2025-12-03;10.8;7.9;6.4;;;;;91.0;;;0.2;;;;1014.6;
2025-12-04;10.1;8.2;7.0;;;;;90.0;;;1.1;;;;1009.6;1.8
2025-12-05;10.5;7.6;4.8;;;;;89.0;;;1.3;;;;1008.7;
2025-12-06;9.7;6.3;4.1;;;;;90.0;;;0.6;;;;1014.1;0.2
2025-12-07;10.7;7.3;4.4;;;;;76.0;;;0.4;;;;1016.9;
2025-12-08;12.6;8.8;5.7;;;;;71.0;;;0.3;;;;1021.7;
2025-12-09;13.2;9.5;5.5;;;;;72.0;;;0.4;;;;1024.5;
2025-12-10;13.8;9.9;6.9;;;;;78.0;;;0.7;;;;1024.3;
2025-12-11;11.1;8.3;5.1;;;;;87.0;;;0.8;;;;1024.4;
2025-12-12;13.2;8.4;5.2;;;;;82.0;;;0.4;;;;1024.8;
2025-12-13;13.8;9.4;5.6;;;;;73.0;;;0.4;;;;1026.6;
2025-12-14;13.0;8.6;6.0;;;;;74.0;;;0.4;;;;1026.7;
2025-12-15;10.1;7.0;3.9;;;;;74.0;;;0.4;;;;1025.9;
2025-12-16;6.4;5.4;4.2;;;;;90.0;;;1.6;;;;1022.1;18.0
2025-12-17;9.5;8.1;6.4;;;;;97.0;;;0.3;;;;1023.2;10.0
2025-12-18;9.7;8.6;7.9;;;;;99.0;;;0.2;;;;1028.8;2.0
2025-12-19;9.2;8.2;6.9;;;;;98.0;;;0.5;;;;1027.0;
2025-12-20;9.2;7.7;6.5;;;;;94.0;;;0.5;;;;1020.3;
2025-12-21;9.0;7.3;5.0;;;;;89.0;;;0.7;;;;1016.6;
2025-12-22;10.4;7.5;5.9;;;;;84.0;;;0.5;;;;1015.3;
2025-12-23;8.7;7.7;5.9;;;;;84.0;;;1.7;;;;1012.3;0.2
2025-12-24;9.0;5.6;3.4;;;;;92.0;;;1.8;;;;1010.5;14.8
2025-12-25;5.8;4.4;3.4;;;;;97.0;;;2.3;;;;1022.7;4.4
2025-12-26;6.8;4.7;2.9;;;;;91.0;;;0.5;;;;1028.1;0.2
2025-12-27;9.4;5.5;1.8;;;;;84.0;;;0.9;;;;1027.6;
2025-12-28;10.7;7.1;4.1;;;;;64.0;;;1.1;;;;1021.0;
2025-12-29;10.5;6.5;3.6;;;;;69.0;;;0.9;;;;1019.4;
2025-12-30;6.2;3.8;1.0;;;;;81.0;;;2.0;;;;1015.0;
2025-12-31;6.2;3.4;0.3;;;;;78.0;;;0.5;;;;1020.7;
2026-01-01;2.6;1.2;-1.0;;;;;89.0;;;0.7;;;;1016.9;
2026-01-02;7.1;2.3;-0.7;;;;;89.0;;;0.8;;;;1005.2;
2026-01-03;5.3;0.6;-2.4;;;;;93.0;;;0.8;;;;1004.2;0.2
2026-01-04;5.3;1.8;-1.2;;;;;72.0;;;0.9;;;;1009.2;
2026-01-05;3.6;0.5;-1.6;;;;;69.0;;;0.9;;;;1009.7;
2026-01-06;4.2;0.4;-2.4;;;;;65.0;;;0.7;;;;1010.1;
2026-01-07;2.2;-1.0;-3.3;;;;;83.0;;;1.2;;;;1012.3;
2026-01-08;4.9;-0.2;-3.8;;;;;73.0;;;0.7;;;;1013.0;
2026-01-09;1.5;-0.7;-2.4;;;;;88.0;;;1.5;;;;1005.6;
2026-01-10;6.7;2.5;-2.6;;;;;70.0;;;2.9;;;;1004.6;
2026-01-11;10.0;6.0;2.7;;;;;41.0;;;4.9;;;;1017.8;
2026-01-12;8.5;4.0;0.8;;;;;49.0;;;1.6;;;;1022.9;
2026-01-13;7.2;4.8;2.7;;;;;70.0;;;0.9;;;;1022.6;0.2
2026-01-14;8.3;4.5;2.4;;;;;93.0;;;1.0;;;;1023.8;1.0
2026-01-15;5.7;4.6;3.6;;;;;97.0;;;0.6;;;;1022.9;3.4
2026-01-16;7.5;5.7;4.7;;;;;97.0;;;1.0;;;;1022.4;1.4
2026-01-17;9.4;7.2;5.1;;;;;93.0;;;1.1;;;;1023.4;
2026-01-18;9.4;7.5;5.7;;;;;81.0;;;0.9;;;;1024.8;
2026-01-19;6.2;4.5;1.3;;;;;78.0;;;0.3;;;;1026.8;
2026-01-20;6.0;2.9;0.4;;;;;73.0;;;0.7;;;;1025.3;
2026-01-21;6.4;2.2;-0.5;;;;;84.0;;;0.8;;;;1011.7;
2026-01-22;5.8;2.0;-1.3;;;;;86.0;;;0.7;;;;1002.5;
2026-01-23;5.8;3.0;0.4;;;;;85.0;;;0.6;;;;1003.1;5.4
2026-01-24;7.4;3.5;1.1;;;;;97.0;;;2.0;;;;1003.7;6.4
2026-01-25;4.9;4.0;2.3;;;;;99.0;;;1.1;;;;999.4;5.2
2026-01-26;9.0;4.4;1.6;;;;;88.0;;;1.0;;;;1002.0;
2026-01-27;7.6;4.4;1.6;;;;;89.0;;;0.9;;;;1005.3;6.0
2026-01-28;4.6;4.0;3.4;;;;;97.0;;;2.8;;;;993.4;23.8
2026-01-29;7.9;4.4;2.8;;;;;96.0;;;0.5;;;;996.1;
2026-01-30;9.0;5.1;3.1;;;;;92.0;;;1.3;;;;1001.3;
2026-01-31;7.2;4.5;1.9;;;;;94.0;;;0.7;;;;1004.4;
2026-02-01;6.5;3.7;0.8;;;;;94.0;;;1.1;;;;1008.9;0.2
2026-02-02;4.6;3.6;1.6;;;;;94.0;;;0.5;;;;1008.7;5.2
2026-02-03;3.8;2.4;0.7;;;;;98.0;;;1.3;;;;1008.0;10.6
2026-02-04;5.3;4.2;3.5;;;;;98.0;;;2.6;;;;999.7;13.8
2026-02-05;10.3;5.9;2.3;;;;;92.0;;;1.1;;;;994.0;3.2
2026-02-06;12.2;7.5;5.7;;;;;89.0;;;3.4;;;;994.9;7.2
2026-02-07;12.3;8.0;5.3;;;;;87.0;;;0.4;;;;1004.3;
2026-02-08;11.0;7.6;5.2;;;;;92.0;;;0.7;;;;1007.2;
2026-02-09;11.4;7.8;5.9;;;;;88.0;;;0.7;;;;1007.6;1.6
2026-02-10;9.5;7.3;5.1;;;;;88.0;;;0.8;;;;1004.9;3.8
2026-02-11;11.1;7.7;5.6;;;;;90.0;;;1.3;;;;996.9;1.4
2026-02-12;10.8;7.4;6.1;;;;;92.0;;;2.6;;;;989.4;0.8
2026-02-13;16.0;11.4;7.9;;;;;56.00000000000001;;;4.3;;;;993.7;
2026-02-14;9.4;7.7;6.4;;;;;90.0;;;2.2;;;;996.3;5.4
2026-02-15;14.8;9.1;4.6;;;;;63.0;;;1.7;;;;1005.8;0.2
2026-02-16;9.3;7.1;4.5;;;;;69.0;;;1.9;;;;1002.3;
2026-02-17;13.0;9.5;6.7;;;;;42.0;;;7.2;;;;1006.7;
2026-02-18;11.8;8.1;3.0;;;;;47.0;;;2.5;;;;1011.7;
2026-02-19;7.6;4.2;1.6;;;;;88.0;;;3.5;;;;1002.4;36.8
2026-02-20;16.7;9.9;3.0;;;;;66.0;;;6.2;;;;1011.8;
2026-02-21;13.2;8.1;3.8;;;;;75.0;;;1.2;;;;1023.3;
2026-02-22;13.5;8.9;5.5;;;;;80.0;;;0.7;;;;1024.8;
2026-02-23;14.7;9.7;5.4;;;;;84.0;;;0.9;;;;1019.6;
2026-02-24;16.6;10.2;6.9;;;;;84.0;;;2.4;;;;1018.2;
2026-02-25;13.9;10.3;6.9;;;;;78.0;;;1.0;;;;1025.4;
2026-02-26;15.7;10.6;6.2;;;;;78.0;;;0.9;;;;1027.2;
2026-02-27;14.5;11.2;8.8;;;;;81.0;;;1.0;;;;1025.4;
2026-02-28;14.4;11.1;9.1;;;;;81.0;;;1.2;;;;1023.9;
2026-03-01;10.1;9.2;8.5;;;;;91.0;;;1.3;;;;1025.4;
2026-03-02;11.2;9.2;7.8;;;;;92.0;;;0.9;;;;1025.8;
2026-03-03;14.8;10.7;8.0;;;;;83.0;;;1.2;;;;1027.5;
2026-03-04;14.8;10.1;7.1;;;;;84.0;;;0.6;;;;1027.3;
2026-03-05;11.0;8.3;7.1;;;;;93.0;;;0.9;;;;1026.6;
2026-03-06;13.9;9.4;6.2;;;;;83.0;;;0.9;;;;1025.1;
2026-03-07;16.3;10.8;6.3;;;;;73.0;;;0.9;;;;1025.9;
2026-03-08;15.6;11.3;6.5;;;;;67.0;;;1.0;;;;1026.2;
2026-03-09;16.2;11.4;7.6;;;;;72.0;;;0.7;;;;1024.8;
2026-03-10;11.4;10.0;7.8;;;;;83.0;;;1.9;;;;1023.7;0.4
2026-03-11;13.3;9.9;7.7;;;;;86.0;;;0.8;;;;1022.9;0.2
2026-03-12;16.0;11.6;7.9;;;;;76.0;;;1.2;;;;1021.0;
2026-03-13;16.4;11.9;9.0;;;;;78.0;;;1.2;;;;1017.1;
2026-03-14;11.0;9.1;7.3;;;;;90.0;;;6.4;;;;1003.0;37.2
2026-03-15;13.2;9.2;5.3;;;;;86.0;;;6.2;;;;1007.5;13.0
2026-03-16;18.6;13.5;8.6;;;;;51.0;;;3.6;;;;1014.4;
2026-03-17;15.0;11.6;7.7;;;;;56.00000000000001;;;4.0;;;;1016.8;
2026-03-18;13.3;9.8;5.8;;;;;59.0;;;4.0;;;;1018.3;
2026-03-19;17.0;11.7;7.6;;;;;51.0;;;3.2;;;;1019.0;
2026-03-20;14.8;10.3;7.1;;;;;52.0;;;1.5;;;;1016.9;
2026-03-21;14.3;10.2;7.4;;;;;54.0;;;1.9;;;;1013.6;
2026-03-22;12.1;9.3;6.2;;;;;60.0;;;2.1;;;;1014.4;
2026-03-23;15.9;10.7;5.3;;;;;56.99999999999999;;;1.4;;;;1016.3;
2026-03-24;16.8;12.0;7.0;;;;;54.0;;;1.6;;;;1019.9;
2026-03-25;16.6;11.9;6.8;;;;;56.99999999999999;;;4.2;;;;1007.8;5.6
2026-03-26;11.7;9.7;7.5;;;;;27.0;;;17.9;;;;999.7;
2026-03-27;14.0;9.8;6.5;;;;;28.000000000000004;;;9.9;;;;1008.2;
2026-03-28;16.5;11.1;5.3;;;;;39.0;;;2.1;;;;1011.0;
2026-03-29;16.6;12.8;9.5;;;;;31.0;;;6.2;;;;1014.6;
2026-03-30;17.3;12.0;7.0;;;;;35.0;;;7.2;;;;1013.9;
2026-03-31;13.0;9.8;7.2;;;;;30.0;;;15.0;;;;1014.8;
2026-04-01;15.0;10.2;6.7;;;;;28.999999999999996;;;4.9;;;;1014.3;
2026-04-02;16.7;11.2;4.1;;;;;43.0;;;1.9;;;;1007.9;
2026-04-03;21.2;15.2;8.7;;;;;34.0;;;3.1;;;;1012.4;
2026-04-04;20.5;15.9;10.8;;;;;36.0;;;1.7;;;;1019.5;
2026-04-05;23.0;17.4;12.5;;;;;46.0;;;1.1;;;;1022.6;
2026-04-06;24.5;17.8;11.5;;;;;57.99999999999999;;;1.9;;;;1021.7;
2026-04-07;24.0;17.6;11.8;;;;;66.0;;;1.7;;;;1020.0;
2026-04-08;22.9;16.7;10.5;;;;;73.0;;;2.1;;;;1018.5;
2026-04-09;21.4;15.9;11.1;;;;;60.0;;;2.0;;;;1016.7;
2026-04-10;20.2;14.4;9.5;;;;;69.0;;;1.5;;;;1014.2;
2026-04-11;20.3;14.8;10.1;;;;;61.0;;;1.4;;;;1014.8;
2026-04-12;17.4;14.0;11.8;;;;;72.0;;;1.9;;;;1013.4;
2026-04-13;14.2;12.6;11.0;;;;;87.0;;;4.0;;;;1008.1;3.8
2026-04-14;17.8;13.3;11.1;;;;;87.0;;;1.7;;;;1012.5;5.2
2026-04-15;20.8;14.9;11.5;;;;;85.0;;;1.1;;;;1018.7;2.4
2026-04-16;23.0;17.5;11.9;;;;;74.0;;;1.3;;;;1018.4;
2026-04-17;23.1;18.5;15.3;;;;;68.0;;;1.3;;;;1018.5;
2026-04-18;24.2;19.6;15.6;;;;;62.0;;;1.4;;;;1017.4;
2026-04-19;21.8;17.1;12.7;;;;;70.0;;;2.9;;;;1014.8;15.2
2026-04-20;21.3;16.5;12.7;;;;;72.0;;;1.8;;;;1011.6;0.2
2026-04-21;18.0;13.8;10.6;;;;;78.0;;;4.9;;;;1012.2;2.2
2026-04-22;16.3;12.4;9.6;;;;;71.0;;;2.1;;;;1019.0;0.8
2026-04-23;20.8;15.3;9.9;;;;;57.99999999999999;;;1.6;;;;1021.7;
2026-04-24;24.4;18.1;12.1;;;;;49.0;;;1.7;;;;1016.5;
2026-04-25;24.5;18.2;12.2;;;;;51.0;;;2.1;;;;1015.5;
2026-04-26;24.7;22.5;15.4;;;;;50.0;;;3.3;;;;1018.2;
2026-04-27;25.4;23.0;19.6;;;;;48.0;;;1.8;;;;1017.6;
2026-04-28;22.7;21.4;18.8;;;;;53.0;;;2.0;;;;1016.4;
2026-04-29;21.8;19.8;17.4;;;;;62.0;;;4.3;;;;1017.7;6.8
2026-04-30;18.6;17.3;11.7;;;;;66.0;;;5.5;;;;1024.0;6.0
2026-05-01;20.8;14.7;10.3;;;;;54.0;;;2.2;;;;1027.4;
2026-05-02;23.8;17.7;11.6;;;;;50.0;;;1.5;;;;1025.1;
2026-05-03;23.7;18.9;13.9;;;;;50.0;;;2.1;;;;1019.6;
2026-05-04;21.9;17.9;14.0;;;;;55.00000000000001;;;3.4;;;;1018.0;
2026-05-05;16.1;12.9;11.2;;;;;87.0;;;2.3;;;;1014.0;18.4
2026-05-06;16.2;12.6;10.9;;;;;93.0;;;5.5;;;;1010.0;26.0
2026-05-07;21.8;15.8;10.3;;;;;71.0;;;3.2;;;;1013.3;2.0
2026-05-08;21.4;16.6;12.3;;;;;73.0;;;2.0;;;;1016.3;
2026-05-09;24.7;18.8;12.6;;;;;64.0;;;1.6;;;;1017.0;
2026-05-10;17.8;14.7;12.4;;;;;84.0;;;1.4;;;;1014.5;11.6
2026-05-11;20.8;14.7;11.9;;;;;84.0;;;2.4;;;;1007.0;12.0
2026-05-12;18.7;15.6;11.3;;;;;47.0;;;9.0;;;;1006.0;
2026-05-13;19.7;14.4;10.4;;;;;56.00000000000001;;;2.4;;;;1008.6;
2026-05-14;17.9;12.2;7.9;;;;;79.0;;;4.4;;;;1000.6;13.2
2026-05-15;12.5;9.2;6.6;;;;;88.0;;;1.1;;;;1000.1;6.8
2026-05-16;20.2;13.6;7.6;;;;;68.0;;;3.0;;;;1003.9;
2026-05-17;21.3;16.1;10.2;;;;;47.0;;;2.7;;;;1013.2;
2026-05-18;21.9;15.6;10.4;;;;;65.0;;;2.4;;;;1015.4;5.6
2026-05-19;22.4;16.8;10.3;;;;;70.0;;;1.7;;;;1018.4;
2026-05-20;26.1;19.8;13.3;;;;;66.0;;;2.3;;;;1022.4;
2026-05-21;27.5;21.8;14.9;;;;;59.0;;;1.9;;;;1025.3;
2026-05-22;28.4;23.2;18.3;;;;;59.0;;;2.0;;;;1026.6;
2026-05-23;29.8;24.0;18.9;;;;;60.0;;;1.8;;;;1026.8;
2026-05-24;30.8;25.5;20.5;;;;;60.0;;;1.7;;;;1028.2;
2026-05-25;32.7;27.3;21.7;;;;;54.0;;;1.8;;;;1029.2;
2026-05-26;33.4;28.6;24.1;;;;;49.0;;;1.8;;;;1027.0;
2026-05-27;34.4;28.5;21.7;;;;;53.0;;;1.8;;;;1020.5;
2026-05-28;34.2;27.1;22.4;;;;;60.0;;;3.2;;;;1018.6;
2026-05-29;29.2;24.6;19.7;;;;;63.0;;;3.6;;;;1022.4;
2026-05-30;31.0;25.4;19.9;;;;;63.0;;;1.5;;;;1020.4;
2026-05-31;32.3;25.8;17.9;;;;;66.0;;;2.9;;;;1015.6;10.0
2026-06-01;30.1;23.3;17.6;;;;;71.0;;;4.0;;;;1013.8;
2026-06-02;20.8;17.9;15.3;;;;;89.0;;;5.1;;;;1012.6;65.8
2026-06-03;28.0;21.1;13.2;;;;;65.0;;;4.2;;;;1009.3;0.8
2026-06-04;24.8;20.6;17.0;;;;;70.0;;;3.2;;;;1011.8;0.6
2026-06-05;23.9;19.4;13.7;;;;;78.0;;;3.2;;;;1011.5;30.2
2026-06-06;24.9;19.3;14.8;;;;;81.0;;;2.5;;;;1017.6;11.2
2026-06-07;28.8;22.8;15.9;;;;;70.0;;;1.5;;;;1021.5;
2026-06-08;29.6;24.7;19.6;;;;;67.0;;;1.3;;;;1019.5;
2026-06-09;28.4;23.8;18.7;;;;;74.0;;;2.0;;;;1014.2;0.8
2026-06-10;25.2;20.5;15.9;;;;;71.0;;;6.1;;;;1011.6;16.8
2026-06-11;26.3;21.5;16.3;;;;;39.0;;;4.7;;;;1016.9;
2026-06-12;27.9;22.1;16.1;;;;;54.0;;;2.5;;;;1022.6;
2026-06-13;32.1;25.3;17.8;;;;;56.99999999999999;;;2.9;;;;1020.2;
2026-06-14;30.5;24.6;19.4;;;;;60.0;;;2.9;;;;1014.0;
2026-06-15;30.3;25.1;17.0;;;;;50.0;;;5.3;;;;1012.0;
2026-06-16;30.1;24.7;18.6;;;;;66.0;;;2.4;;;;1018.1;
2026-06-17;33.0;26.8;20.0;;;;;60.0;;;2.4;;;;1020.2;
2026-06-18;34.1;28.3;22.7;;;;;62.0;;;1.5;;;;1020.9;
2026-06-19;34.2;29.2;24.2;;;;;60.0;;;1.8;;;;1020.6;
2026-06-20;35.1;29.5;23.7;;;;;61.0;;;2.4;;;;1021.9;
2026-06-21;35.3;29.5;23.8;;;;;61.0;;;2.9;;;;1024.9;
2026-06-22;36.9;30.3;23.7;;;;;59.0;;;1.9;;;;1023.2;2.6
2026-06-23;35.9;29.3;22.8;;;;;66.0;;;2.7;;;;1019.8;3.0
2026-06-24;34.3;29.1;22.9;;;;;65.0;;;2.3;;;;1018.6;
2026-06-25;34.9;30.3;25.4;;;;;63.0;;;1.6;;;;1018.7;
2026-06-26;36.4;29.3;20.8;;;;;67.0;;;3.3;;;;1019.8;2.0
2026-06-27;36.6;31.4;26.7;;;;;59.0;;;1.6;;;;1021.2;
2026-06-28;37.1;31.0;26.8;;;;;57.99999999999999;;;3.2;;;;1020.3;
2026-06-29;36.2;27.6;19.3;;;;;61.0;;;4.5;;;;1019.4;11.8
2026-06-30;34.1;28.1;22.6;;;;;61.0;;;3.7;;;;1019.3;
2026-07-01;32.1;25.8;19.6;;;;;64.0;;;4.4;;;;1014.8;0.8
2026-07-02;32.8;25.4;18.1;;;;;59.0;;;2.1;;;;1017.0;
2026-07-03;33.6;28.0;22.3;;;;;50.0;;;2.0;;;;1019.7;
2026-07-04;33.8;28.3;23.9;;;;;52.0;;;2.3;;;;1021.5;
2026-07-05;34.3;28.5;22.9;;;;;44.0;;;2.3;;;;1019.4;
2026-07-06;33.8;27.8;21.8;;;;;55.00000000000001;;;3.2;;;;1018.2;
2026-07-07;34.7;28.5;22.8;;;;;55.00000000000001;;;2.5;;;;1018.2;
2026-07-08;37.1;30.2;22.2;;;;;44.0;;;4.9;;;;1012.4;
2026-07-09;33.6;28.5;22.2;;;;;57.99999999999999;;;2.9;;;;1011.0;
2026-07-10;33.9;28.6;24.2;;;;;55.00000000000001;;;3.4;;;;1012.7;
2026-07-11;34.5;27.9;23.1;;;;;64.0;;;3.4;;;;1014.2;0.8
2026-07-12;32.6;26.8;21.4;;;;;67.0;;;2.8;;;;1015.9;
2026-07-13;33.8;28.0;22.7;;;;;68.0;;;2.1;;;;1017.2;
2026-07-14;34.8;29.4;24.4;;;;;63.0;;;2.0;;;;1015.0;
2026-07-15;33.9;26.6;22.6;;;;;69.0;;;3.1;;;;1016.1;5.4
2026-07-16;32.8;26.9;20.4;;;;;70.0;;;1.8;;;;1016.7;
2026-07-17;32.9;25.8;16.4;;;;;75.0;;;3.0;;;;1013.4;30.4
2026-07-18;34.4;27.7;22.2;;;;;66.0;;;2.2;;;;1010.4;2.6
2026-07-19;32.3;26.4;19.1;;;;;67.0;;;2.3;;;;1011.6;2.0
2026-07-20;29.9;25.4;21.8;;;;;71.0;;;3.2;;;;1014.1;0.6
2026-07-21;29.3;24.6;18.7;;;;;71.0;;;2.8;;;;1014.8;0.4
2026-07-22;28.8;24.4;19.3;;;;;64.0;;;2.5;;;;1017.1;
2026-07-23;30.4;24.9;19.7;;;;;63.0;;;1.7;;;;1013.3;
2026-07-24;29.2;24.7;19.9;;;;;59.0;;;3.2;;;;1013.8;
2026-07-25;29.3;24.9;19.9;;;;;51.0;;;2.1;;;;1012.6;
2026-07-26;30.0;24.2;21.2;;;;;68.0;;;1.7;;;;1009.0;3.0
2026-07-27;34.0;26.7;19.2;;;;;62.0;;;1.7;;;;1011.8;
2026-07-28;32.2;27.1;21.7;;;;;70.0;;;2.1;;;;1018.8;
2026-07-29;34.3;28.5;23.4;;;;;67.0;;;1.5;;;;1019.3;0.0
2026-07-30;36.6;30.7;25.3;;;;;62.0;;;1.4;;;;1017.4;
2026-07-31;36.7;31.2;25.9;;;;;61.0;;;1.7;;;;1014.6;
2026-08-01;35.8;30.1;25.1;;;;;60.0;;;1.4;;;;1011.5;
2026-08-02;33.3;27.3;20.6;;;;;64.0;;;2.8;;;;1012.8;2.0
2026-08-03;36.4;30.7;25.5;;;;;56.00000000000001;;;1.3;;;;1013.6;
2026-08-04;36.4;31.2;25.6;;;;;51.0;;;1.5;;;;1013.8;
2026-08-05;37.1;31.7;25.8;;;;;50.0;;;1.3;;;;1013.4;
2026-08-06;38.1;32.1;26.8;;;;;44.0;;;1.3;;;;1012.9;
2026-08-07;33.9;28.5;24.7;;;;;57.99999999999999;;;2.8;;;;1013.6;
2026-08-08;34.7;28.3;22.8;;;;;59.0;;;1.7;;;;1015.6;
2026-08-09;35.4;29.5;24.4;;;;;56.99999999999999;;;2.0;;;;1016.3;
2026-08-10;36.6;29.3;22.3;;;;;60.0;;;1.6;;;;1014.8;
2026-08-11;37.2;30.5;23.1;;;;;52.0;;;1.2;;;;1015.3;
2026-08-12;36.4;30.7;25.7;;;;;53.0;;;1.5;;;;1018.4;
